2026-05-11 10:20:56,432 - octoprint.plugins.announcements - INFO - Loaded channel _octopi from https://octoprint.org/feeds/octopi.xml in 0.6s
2026-05-11 10:20:56,439 - octoprint.server - INFO - --- Log roll over detected ---------------------------------------------------
2026-05-11 10:20:56,439 - octoprint.server - INFO - OctoPrint 1.11.7
2026-05-11 10:20:56,440 - octoprint.plugin.core - INFO - 24 plugin(s) registered with the system (23 bundled & 1 third party):
| Bundled Plugins (23)
|   Achievements Plugin (bundled) = /home/pi/oprint/lib/python3.13/site-packages/octoprint/plugins/achievements
|   Action Command Notification Support (bundled) = /home/pi/oprint/lib/python3.13/site-packages/octoprint/plugins/action_command_notification
|   Action Command Prompt Support (bundled) = /home/pi/oprint/lib/python3.13/site-packages/octoprint/plugins/action_command_prompt
|   Announcement Plugin (bundled) = /home/pi/oprint/lib/python3.13/site-packages/octoprint/plugins/announcements
|   Anonymous Usage Tracking (bundled) = /home/pi/oprint/lib/python3.13/site-packages/octoprint/plugins/tracking
|   Application Keys Plugin (bundled) = /home/pi/oprint/lib/python3.13/site-packages/octoprint/plugins/appkeys
|   Backup & Restore (bundled) = /home/pi/oprint/lib/python3.13/site-packages/octoprint/plugins/backup
|   Classic Webcam (bundled) = /home/pi/oprint/lib/python3.13/site-packages/octoprint/plugins/classicwebcam
|   Core Wizard (bundled) = /home/pi/oprint/lib/python3.13/site-packages/octoprint/plugins/corewizard
|   Custom Control Manager (bundled) = /home/pi/oprint/lib/python3.13/site-packages/octoprint/plugins/customcontrolmanager
|   Discovery (bundled) = /home/pi/oprint/lib/python3.13/site-packages/octoprint/plugins/discovery
|   Error Tracking (bundled) = /home/pi/oprint/lib/python3.13/site-packages/octoprint/plugins/errortracking
|   Event Manager (bundled) = /home/pi/oprint/lib/python3.13/site-packages/octoprint/plugins/eventmanager
|   File Check (2025.7.23) (bundled) = /home/pi/oprint/lib/python3.13/site-packages/octoprint_file_check
|   Firmware Check (2025.7.23) (bundled) = /home/pi/oprint/lib/python3.13/site-packages/octoprint_firmware_check
|   GCode Viewer (bundled) = /home/pi/oprint/lib/python3.13/site-packages/octoprint/plugins/gcodeviewer
|   Healthcheck Plugin (bundled) = /home/pi/oprint/lib/python3.13/site-packages/octoprint/plugins/health_check
|   Logging (bundled) = /home/pi/oprint/lib/python3.13/site-packages/octoprint/plugins/logging
|   Pi Support Plugin (2025.7.23) (bundled) = /home/pi/oprint/lib/python3.13/site-packages/octoprint_pi_support
|   Plugin Manager (bundled) = /home/pi/oprint/lib/python3.13/site-packages/octoprint/plugins/pluginmanager
|   Software Update (bundled) = /home/pi/oprint/lib/python3.13/site-packages/octoprint/plugins/softwareupdate
|   Upload Manager (bundled) = /home/pi/oprint/lib/python3.13/site-packages/octoprint/plugins/uploadmanager
|   Virtual Printer (bundled) = /home/pi/oprint/lib/python3.13/site-packages/octoprint/plugins/virtual_printer
| Third Party Plugins (1)
|   ControlCenter (1.0.0) = /home/pi/oprint/lib/python3.13/site-packages/octoprint_ControlCenter
Prefix legend: ! = disabled, # = blacklisted, * = incompatible
2026-05-11 10:20:56,441 - octoprint.environment - INFO - Detected environment is Python 3.13.5 under Linux (Linux-6.12.75+rpt-rpi-v8-aarch64-with-glibc2.41). Details:
|  hardware:
|    cores: 4
|    freq: 1500.0
|    ram: 1935220736
|  os:
|    bits: 64
|    id: linux
|    platform: Linux-6.12.75+rpt-rpi-v8-aarch64-with-glibc2.41
|  plugins:
|    pi_support:
|      model: Raspberry Pi Compute Module 4 Rev 1.1
|      throttle_check_enabled: true
|      throttle_check_functional: true
|      throttle_state: '0x0'
|  python:
|    pip: 25.1.1
|    version: 3.13.5
|    virtualenv: /home/pi/oprint
2026-05-11 10:20:56,441 - octoprint.server - INFO - ------------------------------------------------------------------------------
2026-05-11 10:20:56,464 - octoprint.plugins.announcements - INFO - Loaded channel _plugins from https://plugins.octoprint.org/feed.xml in 0.67s
2026-05-11 10:20:56,519 - octoprint.plugins.softwareupdate - INFO - Saved version cache to disk
2026-05-11 10:20:56,525 - octoprint.plugins.ControlCenter - INFO - TouchUI Plugin Started
2026-05-11 10:20:56,529 - octoprint.plugins.ControlCenter - INFO - xinit file already contains correct ControlCenter path
2026-05-11 10:20:56,539 - octoprint.server.preemptive_cache - INFO - Preemptively caching / (ui _default) for {'base_url': 'http://192.168.0.47:5000/', 'path': '/', 'query_string': 'l10n=en'}
2026-05-11 10:20:56,994 - octoprint.plugins.softwareupdate - INFO - Fetching check overlays from https://plugins.octoprint.org/update_check_overlay.json
2026-05-11 10:20:57,098 - octoprint.plugins.tracking - INFO - Sent tracking event ping, payload: {'octoprint_uptime': 16, 'printer_state': 'OFFLINE'}
2026-05-11 10:20:57,666 - octoprint.plugins.tracking - INFO - Sent tracking event pong, payload: {'version': '1.11.7', 'os': 'linux', 'platform': 'Linux-6.12.75+rpt-rpi-v8-aarch64-with-glibc2.41', 'bits': 64, 'python': '3.13.5', 'pip': '25.1.1', 'cores': 4, 'freq': 1500.0, 'ram': 1935220736, 'pi_model': 'Raspberry Pi Compute Module 4 Rev 1.1', 'plugins': 'controlcenter:1.0.0', 'achievements': 'the_wizard'}
2026-05-11 10:20:58,368 - octoprint.plugins.tracking - INFO - Sent tracking event startup, payload: {'version': '1.11.7', 'os': 'linux', 'platform': 'Linux-6.12.75+rpt-rpi-v8-aarch64-with-glibc2.41', 'bits': 64, 'python': '3.13.5', 'pip': '25.1.1', 'cores': 4, 'freq': 1500.0, 'ram': 1935220736, 'pi_model': 'Raspberry Pi Compute Module 4 Rev 1.1'}
2026-05-11 10:21:03,164 - octoprint.server.preemptive_cache - INFO - ... done in 6.62s
2026-05-11 10:24:22,759 - octoprint.server.util - WARNING - The global API key was just used. The global API key is deprecated and will cease to function with OctoPrint 1.13.0.
2026-05-11 10:24:52,820 - octoprint.server.util - WARNING - The global API key was just used. The global API key is deprecated and will cease to function with OctoPrint 1.13.0.
2026-05-11 10:24:52,970 - octoprint.server.util - WARNING - The global API key was just used. The global API key is deprecated and will cease to function with OctoPrint 1.13.0.
2026-05-11 10:24:52,997 - octoprint.server.util - WARNING - The global API key was just used. The global API key is deprecated and will cease to function with OctoPrint 1.13.0.
2026-05-11 10:24:53,011 - tornado.access - WARNING - 400 POST /api/connection (127.0.0.1) 18.31ms
2026-05-11 10:24:53,030 - octoprint.server.util - WARNING - The global API key was just used. The global API key is deprecated and will cease to function with OctoPrint 1.13.0.
2026-05-11 10:24:53,043 - tornado.access - WARNING - 400 POST /api/connection (127.0.0.1) 16.36ms
2026-05-11 10:24:54,914 - octoprint.server.util.sockjs - INFO - New connection from client: 127.0.0.1
2026-05-11 10:24:54,980 - octoprint.server.util - WARNING - The global API key was just used. The global API key is deprecated and will cease to function with OctoPrint 1.13.0.
2026-05-11 10:24:54,989 - octoprint.server.util.flask - INFO - Passively logging in user _api from 127.0.0.1
2026-05-11 10:24:54,990 - octoprint.access.users - INFO - Logged in user: _api
2026-05-11 10:24:55,005 - octoprint.server.util.sockjs - INFO - User _api logged in on the socket from client 127.0.0.1
2026-05-11 10:35:17,202 - octoprint.startup - INFO - ******************************************************************************
2026-05-11 10:35:17,204 - octoprint.startup - INFO - Starting OctoPrint 1.11.7
2026-05-11 10:35:17,205 - octoprint.startup - INFO - ******************************************************************************
2026-05-11 10:35:17,367 - octoprint.util.connectivity.connectivity_checker - INFO - Connectivity changed from offline to online
2026-05-11 10:35:17,377 - octoprint.util.connectivity.connectivity_checker - INFO - Connectivity state is currently: online
2026-05-11 10:35:17,377 - octoprint.util.connectivity.connectivity_checker - INFO - Connecting to 1.1.1.1:53 is working
2026-05-11 10:35:17,377 - octoprint.util.connectivity.connectivity_checker - INFO - Resolving octoprint.org is working
2026-05-11 10:35:17,385 - octoprint.plugin.core - INFO - Loading plugins from /home/pi/oprint/lib/python3.13/site-packages/octoprint/plugins, /home/pi/.octoprint/plugins and installed plugin packages...
2026-05-11 10:35:20,289 - octoprint.plugin.core - INFO - Found 24 plugin(s) providing 24 mixin implementations, 49 hook handlers
2026-05-11 10:35:20,345 - octoprint.server.heartbeat - INFO - Starting server heartbeat, 900.0s interval
2026-05-11 10:35:20,510 - octoprint.server - INFO - Intermediary server started
2026-05-11 10:35:20,516 - octoprint.filemanager.storage - INFO - Initializing the file metadata for /home/pi/.octoprint/uploads...
2026-05-11 10:35:20,518 - octoprint.filemanager.storage - INFO - ... file metadata for /home/pi/.octoprint/uploads initialized successfully.
2026-05-11 10:35:20,521 - octoprint.server - INFO - Added new permission from plugin achievements: PLUGIN_ACHIEVEMENTS_VIEW (needs: "Need(method='role', value='plugin_achievements_view')")
2026-05-11 10:35:20,522 - octoprint.server - INFO - Added new permission from plugin achievements: PLUGIN_ACHIEVEMENTS_RESET (needs: "Need(method='role', value='plugin_achievements_reset')")
2026-05-11 10:35:20,522 - octoprint.server - INFO - Added new permission from plugin action_command_notification: PLUGIN_ACTION_COMMAND_NOTIFICATION_SHOW (needs: "Need(method='role', value='plugin_action_command_notification_show')")
2026-05-11 10:35:20,522 - octoprint.server - INFO - Added new permission from plugin action_command_notification: PLUGIN_ACTION_COMMAND_NOTIFICATION_CLEAR (needs: "Need(method='role', value='plugin_action_command_notification_clear')")
2026-05-11 10:35:20,523 - octoprint.server - INFO - Added new permission from plugin action_command_prompt: PLUGIN_ACTION_COMMAND_PROMPT_INTERACT (needs: "Need(method='role', value='plugin_action_command_prompt_interact')")
2026-05-11 10:35:20,523 - octoprint.server - INFO - Added new permission from plugin announcements: PLUGIN_ANNOUNCEMENTS_READ (needs: "Need(method='role', value='plugin_announcements_read')")
2026-05-11 10:35:20,523 - octoprint.server - INFO - Added new permission from plugin announcements: PLUGIN_ANNOUNCEMENTS_MANAGE (needs: "Need(method='role', value='plugin_announcements_manage'), Need(method='role', value='plugin_announcements_read')")
2026-05-11 10:35:20,523 - octoprint.server - INFO - Added new permission from plugin appkeys: PLUGIN_APPKEYS_ADMIN (needs: "Need(method='role', value='plugin_appkeys_admin')")
2026-05-11 10:35:20,524 - octoprint.server - INFO - Added new permission from plugin appkeys: PLUGIN_APPKEYS_GRANT (needs: "Need(method='role', value='plugin_appkeys_user')")
2026-05-11 10:35:20,524 - octoprint.server - INFO - Added new permission from plugin backup: PLUGIN_BACKUP_CREATE (needs: "Need(method='role', value='plugin_backup_create')")
2026-05-11 10:35:20,524 - octoprint.server - INFO - Added new permission from plugin file_check: PLUGIN_FILE_CHECK_RUN (needs: "Need(method='role', value='plugin_file_check_run')")
2026-05-11 10:35:20,524 - octoprint.server - INFO - Added new permission from plugin firmware_check: PLUGIN_FIRMWARE_CHECK_DISPLAY (needs: "Need(method='role', value='plugin_firmware_check_display')")
2026-05-11 10:35:20,525 - octoprint.server - INFO - Added new permission from plugin health_check: PLUGIN_HEALTH_CHECK_CHECK (needs: "Need(method='role', value='plugin_health_check_check')")
2026-05-11 10:35:20,525 - octoprint.server - INFO - Added new permission from plugin logging: PLUGIN_LOGGING_MANAGE (needs: "Need(method='role', value='plugin_logging_manage')")
2026-05-11 10:35:20,525 - octoprint.server - INFO - Added new permission from plugin pi_support: PLUGIN_PI_SUPPORT_STATUS (needs: "Need(method='role', value='plugin_pi_support_check')")
2026-05-11 10:35:20,525 - octoprint.server - INFO - Added new permission from plugin pluginmanager: PLUGIN_PLUGINMANAGER_LIST (needs: "Need(method='role', value='plugin_pluginmanager_list')")
2026-05-11 10:35:20,525 - octoprint.server - INFO - Added new permission from plugin pluginmanager: PLUGIN_PLUGINMANAGER_MANAGE (needs: "Need(method='role', value='plugin_pluginmanager_manage')")
2026-05-11 10:35:20,526 - octoprint.server - INFO - Added new permission from plugin pluginmanager: PLUGIN_PLUGINMANAGER_INSTALL (needs: "Need(method='role', value='plugin_pluginmanager_install'), Need(method='role', value='plugin_pluginmanager_manage')")
2026-05-11 10:35:20,526 - octoprint.server - INFO - Added new permission from plugin softwareupdate: PLUGIN_SOFTWAREUPDATE_CHECK (needs: "Need(method='role', value='plugin_softwareupdate_check')")
2026-05-11 10:35:20,526 - octoprint.server - INFO - Added new permission from plugin softwareupdate: PLUGIN_SOFTWAREUPDATE_UPDATE (needs: "Need(method='role', value='plugin_softwareupdate_update')")
2026-05-11 10:35:20,526 - octoprint.server - INFO - Added new permission from plugin softwareupdate: PLUGIN_SOFTWAREUPDATE_CONFIGURE (needs: "Need(method='role', value='plugin_softwareupdate_configure')")
2026-05-11 10:35:20,558 - octoprint.plugins.achievements - INFO - Loading data from /home/pi/.octoprint/data/achievements/data.json
2026-05-11 10:35:20,562 - octoprint.plugins.achievements - INFO - Loading data for 2026 from /home/pi/.octoprint/data/achievements/2026.json
2026-05-11 10:35:20,607 - octoprint.plugins.softwareupdate - INFO - Loaded version cache from disk
2026-05-11 10:35:21,589 - octoprint.util.pip - INFO - Using "/home/pi/oprint/bin/python3 -m pip" as command to invoke pip
2026-05-11 10:35:22,324 - octoprint.util.pip - INFO - Version of pip is 25.1.1
2026-05-11 10:35:22,359 - octoprint.plugins.healthcheck.python_eol - INFO - Fetched Python EOL data from https://get.octoprint.org/python-eol
2026-05-11 10:35:22,518 - octoprint.util.pip - INFO - pip installs to /home/pi/oprint/lib/python3.13/site-packages (writable -> yes), --user flag needed -> no, virtual env -> yes
2026-05-11 10:35:22,518 - octoprint.util.pip - INFO - ==> pip ok -> yes
2026-05-11 10:35:22,541 - octoprint.plugins.file_check - INFO - Native grep available: True
2026-05-11 10:35:22,544 - octoprint.plugin.core - INFO - Initialized 24 plugin implementation(s)
2026-05-11 10:35:22,563 - octoprint - INFO - Installing webcam compat overlay for configured default webcam <octoprint.webcams.ProvidedWebcam object at 0x7f89790c20>
2026-05-11 10:35:22,564 - octoprint.plugin.core - INFO - 24 plugin(s) registered with the system (23 bundled & 1 third party):
| Bundled Plugins (23)
|   Achievements Plugin (bundled) = /home/pi/oprint/lib/python3.13/site-packages/octoprint/plugins/achievements
|   Action Command Notification Support (bundled) = /home/pi/oprint/lib/python3.13/site-packages/octoprint/plugins/action_command_notification
|   Action Command Prompt Support (bundled) = /home/pi/oprint/lib/python3.13/site-packages/octoprint/plugins/action_command_prompt
|   Announcement Plugin (bundled) = /home/pi/oprint/lib/python3.13/site-packages/octoprint/plugins/announcements
|   Anonymous Usage Tracking (bundled) = /home/pi/oprint/lib/python3.13/site-packages/octoprint/plugins/tracking
|   Application Keys Plugin (bundled) = /home/pi/oprint/lib/python3.13/site-packages/octoprint/plugins/appkeys
|   Backup & Restore (bundled) = /home/pi/oprint/lib/python3.13/site-packages/octoprint/plugins/backup
|   Classic Webcam (bundled) = /home/pi/oprint/lib/python3.13/site-packages/octoprint/plugins/classicwebcam
|   Core Wizard (bundled) = /home/pi/oprint/lib/python3.13/site-packages/octoprint/plugins/corewizard
|   Custom Control Manager (bundled) = /home/pi/oprint/lib/python3.13/site-packages/octoprint/plugins/customcontrolmanager
|   Discovery (bundled) = /home/pi/oprint/lib/python3.13/site-packages/octoprint/plugins/discovery
|   Error Tracking (bundled) = /home/pi/oprint/lib/python3.13/site-packages/octoprint/plugins/errortracking
|   Event Manager (bundled) = /home/pi/oprint/lib/python3.13/site-packages/octoprint/plugins/eventmanager
|   File Check (2025.7.23) (bundled) = /home/pi/oprint/lib/python3.13/site-packages/octoprint_file_check
|   Firmware Check (2025.7.23) (bundled) = /home/pi/oprint/lib/python3.13/site-packages/octoprint_firmware_check
|   GCode Viewer (bundled) = /home/pi/oprint/lib/python3.13/site-packages/octoprint/plugins/gcodeviewer
|   Healthcheck Plugin (bundled) = /home/pi/oprint/lib/python3.13/site-packages/octoprint/plugins/health_check
|   Logging (bundled) = /home/pi/oprint/lib/python3.13/site-packages/octoprint/plugins/logging
|   Pi Support Plugin (2025.7.23) (bundled) = /home/pi/oprint/lib/python3.13/site-packages/octoprint_pi_support
|   Plugin Manager (bundled) = /home/pi/oprint/lib/python3.13/site-packages/octoprint/plugins/pluginmanager
|   Software Update (bundled) = /home/pi/oprint/lib/python3.13/site-packages/octoprint/plugins/softwareupdate
|   Upload Manager (bundled) = /home/pi/oprint/lib/python3.13/site-packages/octoprint/plugins/uploadmanager
|   Virtual Printer (bundled) = /home/pi/oprint/lib/python3.13/site-packages/octoprint/plugins/virtual_printer
| Third Party Plugins (1)
|   ControlCenter (1.0.0) = /home/pi/oprint/lib/python3.13/site-packages/octoprint_ControlCenter
Prefix legend: ! = disabled, # = blacklisted, * = incompatible
2026-05-11 10:35:22,578 - octoprint.environment - INFO - Detected environment is Python 3.13.5 under Linux (Linux-6.12.75+rpt-rpi-v8-aarch64-with-glibc2.41). Details:
|  hardware:
|    cores: 4
|    freq: 1500.0
|    ram: 1935220736
|  os:
|    bits: 64
|    id: linux
|    platform: Linux-6.12.75+rpt-rpi-v8-aarch64-with-glibc2.41
|  plugins:
|    pi_support:
|      model: Raspberry Pi Compute Module 4 Rev 1.1
|      throttle_check_enabled: true
|      throttle_check_functional: true
|      throttle_state: '0x0'
|  python:
|    pip: 25.1.1
|    version: 3.13.5
|    virtualenv: /home/pi/oprint
2026-05-11 10:35:22,588 - octoprint.server - INFO - Reset webasset folder /home/pi/.octoprint/generated/webassets...
2026-05-11 10:35:22,589 - octoprint.server - INFO - Reset webasset folder /home/pi/.octoprint/generated/.webassets-cache...
2026-05-11 10:35:22,590 - octoprint.server - INFO - Reset webasset folder /home/pi/.octoprint/generated/.webassets-manifest.json...
2026-05-11 10:35:22,642 - octoprint.timelapse - INFO - Enabled rendering queue processing
2026-05-11 10:35:22,955 - octoprint.server - INFO - Shutting down intermediary server...
2026-05-11 10:35:23,013 - octoprint.server - INFO - Intermediary server shut down
2026-05-11 10:35:23,015 - octoprint.events - INFO - Processing startup event, this is our first event
2026-05-11 10:35:23,016 - octoprint.events - INFO - Adding 3 events to queue that were held back before startup event
2026-05-11 10:35:23,024 - octoprint.filemanager - INFO - Adding backlog items from all storage types to analysis queue...
2026-05-11 10:35:23,030 - octoprint.server - INFO - Autoconnect on startup is configured, trying to connect to the printer...
2026-05-11 10:35:23,057 - octoprint.plugins.softwareupdate - INFO - Fetching check overlays from https://plugins.octoprint.org/update_check_overlay.json
2026-05-11 10:35:23,058 - octoprint.filemanager - INFO - Added 0 items from storage type "local" to analysis queue
2026-05-11 10:35:23,079 - octoprint.server - INFO - Could not find configured serial port {} in the system, cannot automatically connect to a non existing printer. Is it plugged in and booted up yet?
2026-05-11 10:35:23,080 - octoprint.server - INFO - Starting autorefresh of serial port list
2026-05-11 10:35:23,084 - octoprint.server.util.watchdog - INFO - Running initial scan on watched folder...
2026-05-11 10:35:23,088 - octoprint.server.util.watchdog - INFO - ... initial scan done.
2026-05-11 10:35:23,091 - octoprint.server - INFO - Serial port list was updated, refreshing the port list in the frontend
2026-05-11 10:35:23,692 - octoprint.plugins.announcements - INFO - Loaded channel _important from https://octoprint.org/feeds/important.xml in 0.61s
2026-05-11 10:35:23,778 - octoprint.plugins.tracking - INFO - Sent tracking event system_unthrottled, payload: {'throttled_now': False, 'throttled_past': False, 'throttled_mask': 0, 'throttled_voltage_now': False, 'throttled_voltage_past': False, 'throttled_overheat_now': False, 'throttled_overheat_past': False}
2026-05-11 10:35:23,911 - octoprint.plugins.discovery - INFO - Registered 'OctoPrint instance on pi._http._tcp.local.' for _http._tcp.local.
2026-05-11 10:35:24,721 - octoprint.plugins.discovery - INFO - Registered 'OctoPrint instance on pi._octoprint._tcp.local.' for _octoprint._tcp.local.
2026-05-11 10:35:24,727 - octoprint.plugins.discovery - INFO - Registered OctoPrint instance on pi for SSDP
2026-05-11 10:35:24,737 - octoprint.server - INFO - Listening on http://0.0.0.0:5000 and http://[::]:5000
2026-05-11 10:35:25,149 - octoprint.plugins.pluginmanager - INFO - Loaded plugin repository data from https://plugins.octoprint.org/plugins.json
2026-05-11 10:35:25,222 - octoprint.plugins.announcements - INFO - Loaded channel _releases from https://octoprint.org/feeds/releases.xml in 1.5s
2026-05-11 10:35:25,499 - octoprint.plugins.announcements - INFO - Loaded channel _releases from https://octoprint.org/feeds/releases.xml in 0.66s
2026-05-11 10:35:25,597 - octoprint.util.pip - INFO - Using "/home/pi/oprint/bin/python3 -m pip" as command to invoke pip
2026-05-11 10:35:25,600 - octoprint.util.pip - INFO - pip installs to /home/pi/oprint/lib/python3.13/site-packages (writable -> yes), --user flag needed -> no, virtual env -> yes
2026-05-11 10:35:25,626 - octoprint.util.pip - INFO - ==> pip ok -> yes
2026-05-11 10:35:25,730 - octoprint.plugins.softwareupdate - INFO - Minimum free storage across all update relevant locations is 922.8MB. That is considered sufficient for updating.
2026-05-11 10:35:25,774 - octoprint.plugins.ControlCenter - INFO - TouchUI Plugin Started
2026-05-11 10:35:25,778 - octoprint.plugins.ControlCenter - INFO - xinit file already contains correct ControlCenter path
2026-05-11 10:35:25,787 - octoprint.server.preemptive_cache - INFO - Preemptively caching / (ui _default) for {'base_url': 'http://192.168.0.47:5000/', 'path': '/', 'query_string': 'l10n=en'}
2026-05-11 10:35:25,865 - octoprint.plugins.pluginmanager - INFO - Loaded plugin repository data from https://plugins.octoprint.org/plugins.json
2026-05-11 10:35:26,111 - octoprint.plugins.announcements - INFO - Loaded channel _blog from https://octoprint.org/feeds/octoblog.xml in 0.66s
2026-05-11 10:35:26,355 - octoprint.plugins.tracking - INFO - Sent tracking event ping, payload: {'octoprint_uptime': 6, 'printer_state': 'OFFLINE'}
2026-05-11 10:35:26,391 - octoprint.plugins.announcements - INFO - Loaded channel _blog from https://octoprint.org/feeds/octoblog.xml in 0.67s
2026-05-11 10:35:26,411 - octoprint.plugins.pluginmanager - INFO - Loaded plugin notices data from https://plugins.octoprint.org/notices.json
2026-05-11 10:35:26,882 - octoprint.plugins.pluginmanager - INFO - Loaded plugin notices data from https://plugins.octoprint.org/notices.json
2026-05-11 10:35:26,893 - octoprint.plugins.pluginmanager - INFO - Saved a current plugin export to /home/pi/.octoprint/backup_plugin_export.json
2026-05-11 10:35:27,083 - octoprint.plugins.tracking - INFO - Sent tracking event pong, payload: {'version': '1.11.7', 'os': 'linux', 'platform': 'Linux-6.12.75+rpt-rpi-v8-aarch64-with-glibc2.41', 'bits': 64, 'python': '3.13.5', 'pip': '25.1.1', 'cores': 4, 'freq': 1500.0, 'ram': 1935220736, 'pi_model': 'Raspberry Pi Compute Module 4 Rev 1.1', 'plugins': 'controlcenter:1.0.0', 'achievements': 'the_wizard'}
2026-05-11 10:35:27,691 - octoprint.plugins.tracking - INFO - Sent tracking event startup, payload: {'version': '1.11.7', 'os': 'linux', 'platform': 'Linux-6.12.75+rpt-rpi-v8-aarch64-with-glibc2.41', 'bits': 64, 'python': '3.13.5', 'pip': '25.1.1', 'cores': 4, 'freq': 1500.0, 'ram': 1935220736, 'pi_model': 'Raspberry Pi Compute Module 4 Rev 1.1'}
2026-05-11 10:35:47,298 - octoprint.server.preemptive_cache - INFO - ... done in 6.51s
2026-05-11 10:36:51,377 - octoprint.server.util - WARNING - The global API key was just used. The global API key is deprecated and will cease to function with OctoPrint 1.13.0.
2026-05-11 10:37:21,425 - octoprint.server.util - WARNING - The global API key was just used. The global API key is deprecated and will cease to function with OctoPrint 1.13.0.
2026-05-11 10:37:21,556 - octoprint.server.util - WARNING - The global API key was just used. The global API key is deprecated and will cease to function with OctoPrint 1.13.0.
2026-05-11 10:37:21,580 - octoprint.server.util - WARNING - The global API key was just used. The global API key is deprecated and will cease to function with OctoPrint 1.13.0.
2026-05-11 10:37:21,590 - tornado.access - WARNING - 400 POST /api/connection (127.0.0.1) 13.10ms
2026-05-11 10:37:21,603 - octoprint.server.util - WARNING - The global API key was just used. The global API key is deprecated and will cease to function with OctoPrint 1.13.0.
2026-05-11 10:37:21,612 - tornado.access - WARNING - 400 POST /api/connection (127.0.0.1) 12.35ms
2026-05-11 10:37:23,543 - octoprint.server.util.sockjs - INFO - New connection from client: 127.0.0.1
2026-05-11 10:37:23,602 - octoprint.server.util - WARNING - The global API key was just used. The global API key is deprecated and will cease to function with OctoPrint 1.13.0.
2026-05-11 10:37:23,609 - octoprint.server.util.flask - INFO - Passively logging in user _api from 127.0.0.1
2026-05-11 10:37:23,609 - octoprint.access.users - INFO - Logged in user: _api
2026-05-11 10:37:23,627 - octoprint.server.util.sockjs - INFO - User _api logged in on the socket from client 127.0.0.1
2026-05-11 10:38:19,669 - octoprint.server.util.sockjs - INFO - Client connection closed: 127.0.0.1
2026-05-11 10:38:45,928 - octoprint.startup - INFO - ******************************************************************************
2026-05-11 10:38:45,931 - octoprint.startup - INFO - Starting OctoPrint 1.11.7
2026-05-11 10:38:45,938 - octoprint.startup - INFO - ******************************************************************************
2026-05-11 10:38:46,203 - octoprint.util.connectivity.connectivity_checker - INFO - Connectivity changed from offline to online
2026-05-11 10:38:46,211 - octoprint.util.connectivity.connectivity_checker - INFO - Connectivity state is currently: online
2026-05-11 10:38:46,211 - octoprint.util.connectivity.connectivity_checker - INFO - Connecting to 1.1.1.1:53 is working
2026-05-11 10:38:46,212 - octoprint.util.connectivity.connectivity_checker - INFO - Resolving octoprint.org is working
2026-05-11 10:38:46,229 - octoprint.plugin.core - INFO - Loading plugins from /home/pi/oprint/lib/python3.13/site-packages/octoprint/plugins, /home/pi/.octoprint/plugins and installed plugin packages...
2026-05-11 10:38:50,223 - octoprint.plugin.core - INFO - Found 24 plugin(s) providing 24 mixin implementations, 49 hook handlers
2026-05-11 10:38:50,318 - octoprint.server.heartbeat - INFO - Starting server heartbeat, 900.0s interval
2026-05-11 10:38:50,617 - octoprint.server - INFO - Intermediary server started
2026-05-11 10:38:50,626 - octoprint.filemanager.storage - INFO - Initializing the file metadata for /home/pi/.octoprint/uploads...
2026-05-11 10:38:50,627 - octoprint.filemanager.storage - INFO - ... file metadata for /home/pi/.octoprint/uploads initialized successfully.
2026-05-11 10:38:50,630 - octoprint.server - INFO - Added new permission from plugin achievements: PLUGIN_ACHIEVEMENTS_VIEW (needs: "Need(method='role', value='plugin_achievements_view')")
2026-05-11 10:38:50,631 - octoprint.server - INFO - Added new permission from plugin achievements: PLUGIN_ACHIEVEMENTS_RESET (needs: "Need(method='role', value='plugin_achievements_reset')")
2026-05-11 10:38:50,631 - octoprint.server - INFO - Added new permission from plugin action_command_notification: PLUGIN_ACTION_COMMAND_NOTIFICATION_SHOW (needs: "Need(method='role', value='plugin_action_command_notification_show')")
2026-05-11 10:38:50,631 - octoprint.server - INFO - Added new permission from plugin action_command_notification: PLUGIN_ACTION_COMMAND_NOTIFICATION_CLEAR (needs: "Need(method='role', value='plugin_action_command_notification_clear')")
2026-05-11 10:38:50,632 - octoprint.server - INFO - Added new permission from plugin action_command_prompt: PLUGIN_ACTION_COMMAND_PROMPT_INTERACT (needs: "Need(method='role', value='plugin_action_command_prompt_interact')")
2026-05-11 10:38:50,632 - octoprint.server - INFO - Added new permission from plugin announcements: PLUGIN_ANNOUNCEMENTS_READ (needs: "Need(method='role', value='plugin_announcements_read')")
2026-05-11 10:38:50,633 - octoprint.server - INFO - Added new permission from plugin announcements: PLUGIN_ANNOUNCEMENTS_MANAGE (needs: "Need(method='role', value='plugin_announcements_read'), Need(method='role', value='plugin_announcements_manage')")
2026-05-11 10:38:50,633 - octoprint.server - INFO - Added new permission from plugin appkeys: PLUGIN_APPKEYS_ADMIN (needs: "Need(method='role', value='plugin_appkeys_admin')")
2026-05-11 10:38:50,633 - octoprint.server - INFO - Added new permission from plugin appkeys: PLUGIN_APPKEYS_GRANT (needs: "Need(method='role', value='plugin_appkeys_user')")
2026-05-11 10:38:50,634 - octoprint.server - INFO - Added new permission from plugin backup: PLUGIN_BACKUP_CREATE (needs: "Need(method='role', value='plugin_backup_create')")
2026-05-11 10:38:50,634 - octoprint.server - INFO - Added new permission from plugin file_check: PLUGIN_FILE_CHECK_RUN (needs: "Need(method='role', value='plugin_file_check_run')")
2026-05-11 10:38:50,634 - octoprint.server - INFO - Added new permission from plugin firmware_check: PLUGIN_FIRMWARE_CHECK_DISPLAY (needs: "Need(method='role', value='plugin_firmware_check_display')")
2026-05-11 10:38:50,635 - octoprint.server - INFO - Added new permission from plugin health_check: PLUGIN_HEALTH_CHECK_CHECK (needs: "Need(method='role', value='plugin_health_check_check')")
2026-05-11 10:38:50,635 - octoprint.server - INFO - Added new permission from plugin logging: PLUGIN_LOGGING_MANAGE (needs: "Need(method='role', value='plugin_logging_manage')")
2026-05-11 10:38:50,635 - octoprint.server - INFO - Added new permission from plugin pi_support: PLUGIN_PI_SUPPORT_STATUS (needs: "Need(method='role', value='plugin_pi_support_check')")
2026-05-11 10:38:50,636 - octoprint.server - INFO - Added new permission from plugin pluginmanager: PLUGIN_PLUGINMANAGER_LIST (needs: "Need(method='role', value='plugin_pluginmanager_list')")
2026-05-11 10:38:50,640 - octoprint.server - INFO - Added new permission from plugin pluginmanager: PLUGIN_PLUGINMANAGER_MANAGE (needs: "Need(method='role', value='plugin_pluginmanager_manage')")
2026-05-11 10:38:50,644 - octoprint.server - INFO - Added new permission from plugin pluginmanager: PLUGIN_PLUGINMANAGER_INSTALL (needs: "Need(method='role', value='plugin_pluginmanager_install'), Need(method='role', value='plugin_pluginmanager_manage')")
2026-05-11 10:38:50,646 - octoprint.server - INFO - Added new permission from plugin softwareupdate: PLUGIN_SOFTWAREUPDATE_CHECK (needs: "Need(method='role', value='plugin_softwareupdate_check')")
2026-05-11 10:38:50,647 - octoprint.server - INFO - Added new permission from plugin softwareupdate: PLUGIN_SOFTWAREUPDATE_UPDATE (needs: "Need(method='role', value='plugin_softwareupdate_update')")
2026-05-11 10:38:50,648 - octoprint.server - INFO - Added new permission from plugin softwareupdate: PLUGIN_SOFTWAREUPDATE_CONFIGURE (needs: "Need(method='role', value='plugin_softwareupdate_configure')")
2026-05-11 10:38:50,675 - octoprint.plugins.achievements - INFO - Loading data from /home/pi/.octoprint/data/achievements/data.json
2026-05-11 10:38:50,679 - octoprint.plugins.achievements - INFO - Loading data for 2026 from /home/pi/.octoprint/data/achievements/2026.json
2026-05-11 10:38:50,734 - octoprint.plugins.softwareupdate - INFO - Loaded version cache from disk
2026-05-11 10:38:52,152 - octoprint.util.pip - INFO - Using "/home/pi/oprint/bin/python3 -m pip" as command to invoke pip
2026-05-11 10:38:52,281 - octoprint.plugins.healthcheck.python_eol - INFO - Fetched Python EOL data from https://get.octoprint.org/python-eol
2026-05-11 10:38:53,015 - octoprint.util.pip - INFO - Version of pip is 25.1.1
2026-05-11 10:38:53,332 - octoprint.util.pip - INFO - pip installs to /home/pi/oprint/lib/python3.13/site-packages (writable -> yes), --user flag needed -> no, virtual env -> yes
2026-05-11 10:38:53,333 - octoprint.util.pip - INFO - ==> pip ok -> yes
2026-05-11 10:38:53,360 - octoprint.plugins.file_check - INFO - Native grep available: True
2026-05-11 10:38:53,362 - octoprint.plugin.core - INFO - Initialized 24 plugin implementation(s)
2026-05-11 10:38:53,384 - octoprint - INFO - Installing webcam compat overlay for configured default webcam <octoprint.webcams.ProvidedWebcam object at 0x7f690a8c20>
2026-05-11 10:38:53,385 - octoprint.plugin.core - INFO - 24 plugin(s) registered with the system (23 bundled & 1 third party):
| Bundled Plugins (23)
|   Achievements Plugin (bundled) = /home/pi/oprint/lib/python3.13/site-packages/octoprint/plugins/achievements
|   Action Command Notification Support (bundled) = /home/pi/oprint/lib/python3.13/site-packages/octoprint/plugins/action_command_notification
|   Action Command Prompt Support (bundled) = /home/pi/oprint/lib/python3.13/site-packages/octoprint/plugins/action_command_prompt
|   Announcement Plugin (bundled) = /home/pi/oprint/lib/python3.13/site-packages/octoprint/plugins/announcements
|   Anonymous Usage Tracking (bundled) = /home/pi/oprint/lib/python3.13/site-packages/octoprint/plugins/tracking
|   Application Keys Plugin (bundled) = /home/pi/oprint/lib/python3.13/site-packages/octoprint/plugins/appkeys
|   Backup & Restore (bundled) = /home/pi/oprint/lib/python3.13/site-packages/octoprint/plugins/backup
|   Classic Webcam (bundled) = /home/pi/oprint/lib/python3.13/site-packages/octoprint/plugins/classicwebcam
|   Core Wizard (bundled) = /home/pi/oprint/lib/python3.13/site-packages/octoprint/plugins/corewizard
|   Custom Control Manager (bundled) = /home/pi/oprint/lib/python3.13/site-packages/octoprint/plugins/customcontrolmanager
|   Discovery (bundled) = /home/pi/oprint/lib/python3.13/site-packages/octoprint/plugins/discovery
|   Error Tracking (bundled) = /home/pi/oprint/lib/python3.13/site-packages/octoprint/plugins/errortracking
|   Event Manager (bundled) = /home/pi/oprint/lib/python3.13/site-packages/octoprint/plugins/eventmanager
|   File Check (2025.7.23) (bundled) = /home/pi/oprint/lib/python3.13/site-packages/octoprint_file_check
|   Firmware Check (2025.7.23) (bundled) = /home/pi/oprint/lib/python3.13/site-packages/octoprint_firmware_check
|   GCode Viewer (bundled) = /home/pi/oprint/lib/python3.13/site-packages/octoprint/plugins/gcodeviewer
|   Healthcheck Plugin (bundled) = /home/pi/oprint/lib/python3.13/site-packages/octoprint/plugins/health_check
|   Logging (bundled) = /home/pi/oprint/lib/python3.13/site-packages/octoprint/plugins/logging
|   Pi Support Plugin (2025.7.23) (bundled) = /home/pi/oprint/lib/python3.13/site-packages/octoprint_pi_support
|   Plugin Manager (bundled) = /home/pi/oprint/lib/python3.13/site-packages/octoprint/plugins/pluginmanager
|   Software Update (bundled) = /home/pi/oprint/lib/python3.13/site-packages/octoprint/plugins/softwareupdate
|   Upload Manager (bundled) = /home/pi/oprint/lib/python3.13/site-packages/octoprint/plugins/uploadmanager
|   Virtual Printer (bundled) = /home/pi/oprint/lib/python3.13/site-packages/octoprint/plugins/virtual_printer
| Third Party Plugins (1)
|   ControlCenter (1.0.0) = /home/pi/oprint/lib/python3.13/site-packages/octoprint_ControlCenter
Prefix legend: ! = disabled, # = blacklisted, * = incompatible
2026-05-11 10:38:53,401 - octoprint.environment - INFO - Detected environment is Python 3.13.5 under Linux (Linux-6.12.75+rpt-rpi-v8-aarch64-with-glibc2.41). Details:
|  hardware:
|    cores: 4
|    freq: 1500.0
|    ram: 1935220736
|  os:
|    bits: 64
|    id: linux
|    platform: Linux-6.12.75+rpt-rpi-v8-aarch64-with-glibc2.41
|  plugins:
|    pi_support:
|      model: Raspberry Pi Compute Module 4 Rev 1.1
|      throttle_check_enabled: true
|      throttle_check_functional: true
|      throttle_state: '0x0'
|  python:
|    pip: 25.1.1
|    version: 3.13.5
|    virtualenv: /home/pi/oprint
2026-05-11 10:38:53,413 - octoprint.server - INFO - Reset webasset folder /home/pi/.octoprint/generated/webassets...
2026-05-11 10:38:53,413 - octoprint.server - INFO - Reset webasset folder /home/pi/.octoprint/generated/.webassets-cache...
2026-05-11 10:38:53,414 - octoprint.server - INFO - Reset webasset folder /home/pi/.octoprint/generated/.webassets-manifest.json...
2026-05-11 10:38:53,489 - octoprint.timelapse - INFO - Enabled rendering queue processing
2026-05-11 10:38:53,955 - octoprint.server - INFO - Shutting down intermediary server...
2026-05-11 10:38:54,127 - octoprint.server - INFO - Intermediary server shut down
2026-05-11 10:38:54,130 - octoprint.events - INFO - Processing startup event, this is our first event
2026-05-11 10:38:54,130 - octoprint.events - INFO - Adding 3 events to queue that were held back before startup event
2026-05-11 10:38:54,131 - octoprint.filemanager - INFO - Adding backlog items from all storage types to analysis queue...
2026-05-11 10:38:54,156 - octoprint.plugins.softwareupdate - INFO - Fetching check overlays from https://plugins.octoprint.org/update_check_overlay.json
2026-05-11 10:38:54,141 - octoprint.server - INFO - Autoconnect on startup is configured, trying to connect to the printer...
2026-05-11 10:38:54,199 - octoprint.filemanager - INFO - Added 0 items from storage type "local" to analysis queue
2026-05-11 10:38:54,209 - octoprint.plugins.pluginmanager - INFO - Loaded plugin repository data from disk, was still valid
2026-05-11 10:38:54,214 - octoprint.server - INFO - Could not find configured serial port {} in the system, cannot automatically connect to a non existing printer. Is it plugged in and booted up yet?
2026-05-11 10:38:54,222 - octoprint.server - INFO - Starting autorefresh of serial port list
2026-05-11 10:38:54,267 - octoprint.server.util.watchdog - INFO - Running initial scan on watched folder...
2026-05-11 10:38:54,304 - octoprint.server.util.watchdog - INFO - ... initial scan done.
2026-05-11 10:38:54,509 - octoprint.server - INFO - Serial port list was updated, refreshing the port list in the frontend
2026-05-11 10:38:54,591 - octoprint.plugins.pluginmanager - INFO - Loaded notice data from disk, was still valid
2026-05-11 10:38:54,829 - octoprint.plugins.tracking - INFO - Sent tracking event system_unthrottled, payload: {'throttled_now': False, 'throttled_past': False, 'throttled_mask': 0, 'throttled_voltage_now': False, 'throttled_voltage_past': False, 'throttled_overheat_now': False, 'throttled_overheat_past': False}
2026-05-11 10:38:55,284 - octoprint.plugins.discovery - INFO - Registered 'OctoPrint instance on pi._http._tcp.local.' for _http._tcp.local.
2026-05-11 10:39:11,328 - octoprint.plugins.discovery - INFO - Registered 'OctoPrint instance on pi._octoprint._tcp.local.' for _octoprint._tcp.local.
2026-05-11 10:39:11,334 - octoprint.plugins.discovery - INFO - Registered OctoPrint instance on pi for SSDP
2026-05-11 10:39:11,344 - octoprint.server - INFO - Listening on http://0.0.0.0:5000 and http://[::]:5000
2026-05-11 10:39:11,373 - octoprint.plugins.pluginmanager - INFO - Loaded plugin repository data from disk, was still valid
2026-05-11 10:39:11,405 - octoprint.server.util - WARNING - The global API key was just used. The global API key is deprecated and will cease to function with OctoPrint 1.13.0.
2026-05-11 10:39:11,741 - octoprint.plugins.pluginmanager - INFO - Loaded notice data from disk, was still valid
2026-05-11 10:39:11,746 - octoprint.plugins.pluginmanager - INFO - Saved a current plugin export to /home/pi/.octoprint/backup_plugin_export.json
2026-05-11 10:39:12,155 - octoprint.util.pip - INFO - Using "/home/pi/oprint/bin/python3 -m pip" as command to invoke pip
2026-05-11 10:39:12,156 - octoprint.util.pip - INFO - pip installs to /home/pi/oprint/lib/python3.13/site-packages (writable -> yes), --user flag needed -> no, virtual env -> yes
2026-05-11 10:39:12,157 - octoprint.util.pip - INFO - ==> pip ok -> yes
2026-05-11 10:39:12,162 - octoprint.plugins.softwareupdate - INFO - Minimum free storage across all update relevant locations is 922.8MB. That is considered sufficient for updating.
2026-05-11 10:39:12,210 - octoprint.plugins.ControlCenter - INFO - TouchUI Plugin Started
2026-05-11 10:39:12,213 - octoprint.plugins.ControlCenter - INFO - xinit file already contains correct ControlCenter path
2026-05-11 10:39:12,224 - octoprint.server.preemptive_cache - INFO - Preemptively caching / (ui _default) for {'base_url': 'http://192.168.0.47:5000/', 'path': '/', 'query_string': 'l10n=en'}
2026-05-11 10:39:12,783 - octoprint.plugins.tracking - INFO - Sent tracking event ping, payload: {'octoprint_uptime': 7, 'printer_state': 'OFFLINE'}
2026-05-11 10:39:13,591 - octoprint.plugins.tracking - INFO - Sent tracking event pong, payload: {'version': '1.11.7', 'os': 'linux', 'platform': 'Linux-6.12.75+rpt-rpi-v8-aarch64-with-glibc2.41', 'bits': 64, 'python': '3.13.5', 'pip': '25.1.1', 'cores': 4, 'freq': 1500.0, 'ram': 1935220736, 'pi_model': 'Raspberry Pi Compute Module 4 Rev 1.1', 'plugins': 'controlcenter:1.0.0', 'achievements': 'the_wizard'}
2026-05-11 10:39:14,210 - octoprint.plugins.tracking - INFO - Sent tracking event startup, payload: {'version': '1.11.7', 'os': 'linux', 'platform': 'Linux-6.12.75+rpt-rpi-v8-aarch64-with-glibc2.41', 'bits': 64, 'python': '3.13.5', 'pip': '25.1.1', 'cores': 4, 'freq': 1500.0, 'ram': 1935220736, 'pi_model': 'Raspberry Pi Compute Module 4 Rev 1.1'}
2026-05-11 10:39:18,478 - octoprint.server.preemptive_cache - INFO - ... done in 6.25s
2026-05-11 10:39:28,932 - octoprint.server.util - WARNING - The global API key was just used. The global API key is deprecated and will cease to function with OctoPrint 1.13.0.
2026-05-11 10:39:41,511 - octoprint.server.util - WARNING - The global API key was just used. The global API key is deprecated and will cease to function with OctoPrint 1.13.0.
2026-05-11 10:39:41,641 - octoprint.server.util - WARNING - The global API key was just used. The global API key is deprecated and will cease to function with OctoPrint 1.13.0.
2026-05-11 10:39:41,664 - octoprint.server.util - WARNING - The global API key was just used. The global API key is deprecated and will cease to function with OctoPrint 1.13.0.
2026-05-11 10:39:41,673 - tornado.access - WARNING - 400 POST /api/connection (127.0.0.1) 12.23ms
2026-05-11 10:39:41,686 - octoprint.server.util - WARNING - The global API key was just used. The global API key is deprecated and will cease to function with OctoPrint 1.13.0.
2026-05-11 10:39:41,694 - tornado.access - WARNING - 400 POST /api/connection (127.0.0.1) 12.43ms
2026-05-11 10:39:43,555 - octoprint.server.util.sockjs - INFO - New connection from client: 127.0.0.1
2026-05-11 10:39:43,644 - octoprint.server.util - WARNING - The global API key was just used. The global API key is deprecated and will cease to function with OctoPrint 1.13.0.
2026-05-11 10:39:43,647 - octoprint.server.util.flask - INFO - Passively logging in user _api from 127.0.0.1
2026-05-11 10:39:43,648 - octoprint.access.users - INFO - Logged in user: _api
2026-05-11 10:39:43,664 - octoprint.server.util.sockjs - INFO - User _api logged in on the socket from client 127.0.0.1
2026-05-11 10:39:58,970 - octoprint.server.util - WARNING - The global API key was just used. The global API key is deprecated and will cease to function with OctoPrint 1.13.0.
2026-05-11 10:39:59,100 - octoprint.server.util - WARNING - The global API key was just used. The global API key is deprecated and will cease to function with OctoPrint 1.13.0.
2026-05-11 10:39:59,124 - octoprint.server.util - WARNING - The global API key was just used. The global API key is deprecated and will cease to function with OctoPrint 1.13.0.
2026-05-11 10:39:59,133 - tornado.access - WARNING - 400 POST /api/connection (127.0.0.1) 12.25ms
2026-05-11 10:39:59,147 - octoprint.server.util - WARNING - The global API key was just used. The global API key is deprecated and will cease to function with OctoPrint 1.13.0.
2026-05-11 10:39:59,158 - tornado.access - WARNING - 400 POST /api/connection (127.0.0.1) 14.81ms
2026-05-11 10:40:00,858 - octoprint.server.util.sockjs - INFO - New connection from client: 127.0.0.1
2026-05-11 10:40:00,905 - octoprint.server.util - WARNING - The global API key was just used. The global API key is deprecated and will cease to function with OctoPrint 1.13.0.
2026-05-11 10:40:00,908 - octoprint.server.util.flask - INFO - Passively logging in user _api from 127.0.0.1
2026-05-11 10:40:00,908 - octoprint.access.users - INFO - Logged in user: _api
2026-05-11 10:40:00,927 - octoprint.server.util.sockjs - INFO - User _api logged in on the socket from client 127.0.0.1
2026-05-11 10:54:05,552 - octoprint.server.heartbeat - INFO - Server heartbeat <3
2026-05-11 10:54:12,777 - octoprint.plugins.tracking - INFO - Sent tracking event ping, payload: {'octoprint_uptime': 907, 'printer_state': 'OFFLINE'}
2026-05-11 11:01:19,842 - octoprint.startup - INFO - ******************************************************************************
2026-05-11 11:01:19,845 - octoprint.startup - INFO - Starting OctoPrint 1.11.7
2026-05-11 11:01:19,847 - octoprint.startup - INFO - ******************************************************************************
2026-05-11 11:01:19,964 - octoprint.util.connectivity.connectivity_checker - INFO - Connectivity changed from offline to online
2026-05-11 11:01:19,972 - octoprint.util.connectivity.connectivity_checker - INFO - Connectivity state is currently: online
2026-05-11 11:01:19,972 - octoprint.util.connectivity.connectivity_checker - INFO - Connecting to 1.1.1.1:53 is working
2026-05-11 11:01:19,972 - octoprint.util.connectivity.connectivity_checker - INFO - Resolving octoprint.org is working
2026-05-11 11:01:19,980 - octoprint.plugin.core - INFO - Loading plugins from /home/pi/oprint/lib/python3.13/site-packages/octoprint/plugins, /home/pi/.octoprint/plugins and installed plugin packages...
2026-05-11 11:01:23,997 - octoprint.plugin.core - INFO - Found 24 plugin(s) providing 24 mixin implementations, 49 hook handlers
2026-05-11 11:01:24,082 - octoprint.server.heartbeat - INFO - Starting server heartbeat, 900.0s interval
2026-05-11 11:01:24,354 - octoprint.server - INFO - Intermediary server started
2026-05-11 11:01:24,364 - octoprint.filemanager.storage - INFO - Initializing the file metadata for /home/pi/.octoprint/uploads...
2026-05-11 11:01:24,366 - octoprint.filemanager.storage - INFO - ... file metadata for /home/pi/.octoprint/uploads initialized successfully.
2026-05-11 11:01:24,371 - octoprint.server - INFO - Added new permission from plugin achievements: PLUGIN_ACHIEVEMENTS_VIEW (needs: "Need(method='role', value='plugin_achievements_view')")
2026-05-11 11:01:24,372 - octoprint.server - INFO - Added new permission from plugin achievements: PLUGIN_ACHIEVEMENTS_RESET (needs: "Need(method='role', value='plugin_achievements_reset')")
2026-05-11 11:01:24,373 - octoprint.server - INFO - Added new permission from plugin action_command_notification: PLUGIN_ACTION_COMMAND_NOTIFICATION_SHOW (needs: "Need(method='role', value='plugin_action_command_notification_show')")
2026-05-11 11:01:24,373 - octoprint.server - INFO - Added new permission from plugin action_command_notification: PLUGIN_ACTION_COMMAND_NOTIFICATION_CLEAR (needs: "Need(method='role', value='plugin_action_command_notification_clear')")
2026-05-11 11:01:24,374 - octoprint.server - INFO - Added new permission from plugin action_command_prompt: PLUGIN_ACTION_COMMAND_PROMPT_INTERACT (needs: "Need(method='role', value='plugin_action_command_prompt_interact')")
2026-05-11 11:01:24,374 - octoprint.server - INFO - Added new permission from plugin announcements: PLUGIN_ANNOUNCEMENTS_READ (needs: "Need(method='role', value='plugin_announcements_read')")
2026-05-11 11:01:24,375 - octoprint.server - INFO - Added new permission from plugin announcements: PLUGIN_ANNOUNCEMENTS_MANAGE (needs: "Need(method='role', value='plugin_announcements_manage'), Need(method='role', value='plugin_announcements_read')")
2026-05-11 11:01:24,375 - octoprint.server - INFO - Added new permission from plugin appkeys: PLUGIN_APPKEYS_ADMIN (needs: "Need(method='role', value='plugin_appkeys_admin')")
2026-05-11 11:01:24,376 - octoprint.server - INFO - Added new permission from plugin appkeys: PLUGIN_APPKEYS_GRANT (needs: "Need(method='role', value='plugin_appkeys_user')")
2026-05-11 11:01:24,376 - octoprint.server - INFO - Added new permission from plugin backup: PLUGIN_BACKUP_CREATE (needs: "Need(method='role', value='plugin_backup_create')")
2026-05-11 11:01:24,384 - octoprint.server - INFO - Added new permission from plugin file_check: PLUGIN_FILE_CHECK_RUN (needs: "Need(method='role', value='plugin_file_check_run')")
2026-05-11 11:01:24,385 - octoprint.server - INFO - Added new permission from plugin firmware_check: PLUGIN_FIRMWARE_CHECK_DISPLAY (needs: "Need(method='role', value='plugin_firmware_check_display')")
2026-05-11 11:01:24,387 - octoprint.server - INFO - Added new permission from plugin health_check: PLUGIN_HEALTH_CHECK_CHECK (needs: "Need(method='role', value='plugin_health_check_check')")
2026-05-11 11:01:24,388 - octoprint.server - INFO - Added new permission from plugin logging: PLUGIN_LOGGING_MANAGE (needs: "Need(method='role', value='plugin_logging_manage')")
2026-05-11 11:01:24,391 - octoprint.server - INFO - Added new permission from plugin pi_support: PLUGIN_PI_SUPPORT_STATUS (needs: "Need(method='role', value='plugin_pi_support_check')")
2026-05-11 11:01:24,394 - octoprint.server - INFO - Added new permission from plugin pluginmanager: PLUGIN_PLUGINMANAGER_LIST (needs: "Need(method='role', value='plugin_pluginmanager_list')")
2026-05-11 11:01:24,397 - octoprint.server - INFO - Added new permission from plugin pluginmanager: PLUGIN_PLUGINMANAGER_MANAGE (needs: "Need(method='role', value='plugin_pluginmanager_manage')")
2026-05-11 11:01:24,400 - octoprint.server - INFO - Added new permission from plugin pluginmanager: PLUGIN_PLUGINMANAGER_INSTALL (needs: "Need(method='role', value='plugin_pluginmanager_manage'), Need(method='role', value='plugin_pluginmanager_install')")
2026-05-11 11:01:24,403 - octoprint.server - INFO - Added new permission from plugin softwareupdate: PLUGIN_SOFTWAREUPDATE_CHECK (needs: "Need(method='role', value='plugin_softwareupdate_check')")
2026-05-11 11:01:24,406 - octoprint.server - INFO - Added new permission from plugin softwareupdate: PLUGIN_SOFTWAREUPDATE_UPDATE (needs: "Need(method='role', value='plugin_softwareupdate_update')")
2026-05-11 11:01:24,407 - octoprint.server - INFO - Added new permission from plugin softwareupdate: PLUGIN_SOFTWAREUPDATE_CONFIGURE (needs: "Need(method='role', value='plugin_softwareupdate_configure')")
2026-05-11 11:01:24,442 - octoprint.plugins.achievements - INFO - Loading data from /home/pi/.octoprint/data/achievements/data.json
2026-05-11 11:01:24,445 - octoprint.plugins.achievements - INFO - Loading data for 2026 from /home/pi/.octoprint/data/achievements/2026.json
2026-05-11 11:01:24,506 - octoprint.plugins.softwareupdate - INFO - Loaded version cache from disk
2026-05-11 11:01:26,076 - octoprint.util.pip - INFO - Using "/home/pi/oprint/bin/python3 -m pip" as command to invoke pip
2026-05-11 11:01:26,506 - octoprint.plugins.healthcheck.python_eol - INFO - Fetched Python EOL data from https://get.octoprint.org/python-eol
2026-05-11 11:01:27,165 - octoprint.util.pip - INFO - Version of pip is 25.1.1
2026-05-11 11:01:27,541 - octoprint.util.pip - INFO - pip installs to /home/pi/oprint/lib/python3.13/site-packages (writable -> yes), --user flag needed -> no, virtual env -> yes
2026-05-11 11:01:27,542 - octoprint.util.pip - INFO - ==> pip ok -> yes
2026-05-11 11:01:27,565 - octoprint.plugins.file_check - INFO - Native grep available: True
2026-05-11 11:01:27,567 - octoprint.plugin.core - INFO - Initialized 24 plugin implementation(s)
2026-05-11 11:01:27,585 - octoprint - INFO - Installing webcam compat overlay for configured default webcam <octoprint.webcams.ProvidedWebcam object at 0x7f98620c20>
2026-05-11 11:01:27,586 - octoprint.plugin.core - INFO - 24 plugin(s) registered with the system (23 bundled & 1 third party):
| Bundled Plugins (23)
|   Achievements Plugin (bundled) = /home/pi/oprint/lib/python3.13/site-packages/octoprint/plugins/achievements
|   Action Command Notification Support (bundled) = /home/pi/oprint/lib/python3.13/site-packages/octoprint/plugins/action_command_notification
|   Action Command Prompt Support (bundled) = /home/pi/oprint/lib/python3.13/site-packages/octoprint/plugins/action_command_prompt
|   Announcement Plugin (bundled) = /home/pi/oprint/lib/python3.13/site-packages/octoprint/plugins/announcements
|   Anonymous Usage Tracking (bundled) = /home/pi/oprint/lib/python3.13/site-packages/octoprint/plugins/tracking
|   Application Keys Plugin (bundled) = /home/pi/oprint/lib/python3.13/site-packages/octoprint/plugins/appkeys
|   Backup & Restore (bundled) = /home/pi/oprint/lib/python3.13/site-packages/octoprint/plugins/backup
|   Classic Webcam (bundled) = /home/pi/oprint/lib/python3.13/site-packages/octoprint/plugins/classicwebcam
|   Core Wizard (bundled) = /home/pi/oprint/lib/python3.13/site-packages/octoprint/plugins/corewizard
|   Custom Control Manager (bundled) = /home/pi/oprint/lib/python3.13/site-packages/octoprint/plugins/customcontrolmanager
|   Discovery (bundled) = /home/pi/oprint/lib/python3.13/site-packages/octoprint/plugins/discovery
|   Error Tracking (bundled) = /home/pi/oprint/lib/python3.13/site-packages/octoprint/plugins/errortracking
|   Event Manager (bundled) = /home/pi/oprint/lib/python3.13/site-packages/octoprint/plugins/eventmanager
|   File Check (2025.7.23) (bundled) = /home/pi/oprint/lib/python3.13/site-packages/octoprint_file_check
|   Firmware Check (2025.7.23) (bundled) = /home/pi/oprint/lib/python3.13/site-packages/octoprint_firmware_check
|   GCode Viewer (bundled) = /home/pi/oprint/lib/python3.13/site-packages/octoprint/plugins/gcodeviewer
|   Healthcheck Plugin (bundled) = /home/pi/oprint/lib/python3.13/site-packages/octoprint/plugins/health_check
|   Logging (bundled) = /home/pi/oprint/lib/python3.13/site-packages/octoprint/plugins/logging
|   Pi Support Plugin (2025.7.23) (bundled) = /home/pi/oprint/lib/python3.13/site-packages/octoprint_pi_support
|   Plugin Manager (bundled) = /home/pi/oprint/lib/python3.13/site-packages/octoprint/plugins/pluginmanager
|   Software Update (bundled) = /home/pi/oprint/lib/python3.13/site-packages/octoprint/plugins/softwareupdate
|   Upload Manager (bundled) = /home/pi/oprint/lib/python3.13/site-packages/octoprint/plugins/uploadmanager
|   Virtual Printer (bundled) = /home/pi/oprint/lib/python3.13/site-packages/octoprint/plugins/virtual_printer
| Third Party Plugins (1)
|   ControlCenter (1.0.0) = /home/pi/oprint/lib/python3.13/site-packages/octoprint_ControlCenter
Prefix legend: ! = disabled, # = blacklisted, * = incompatible
2026-05-11 11:01:27,605 - octoprint.environment - INFO - Detected environment is Python 3.13.5 under Linux (Linux-6.12.75+rpt-rpi-v8-aarch64-with-glibc2.41). Details:
|  hardware:
|    cores: 4
|    freq: 1500.0
|    ram: 1935220736
|  os:
|    bits: 64
|    id: linux
|    platform: Linux-6.12.75+rpt-rpi-v8-aarch64-with-glibc2.41
|  plugins:
|    pi_support:
|      model: Raspberry Pi Compute Module 4 Rev 1.1
|      throttle_check_enabled: true
|      throttle_check_functional: true
|      throttle_state: '0x0'
|  python:
|    pip: 25.1.1
|    version: 3.13.5
|    virtualenv: /home/pi/oprint
2026-05-11 11:01:27,619 - octoprint.server - INFO - Reset webasset folder /home/pi/.octoprint/generated/webassets...
2026-05-11 11:01:27,619 - octoprint.server - INFO - Reset webasset folder /home/pi/.octoprint/generated/.webassets-cache...
2026-05-11 11:01:27,620 - octoprint.server - INFO - Reset webasset folder /home/pi/.octoprint/generated/.webassets-manifest.json...
2026-05-11 11:01:27,815 - octoprint.timelapse - INFO - Enabled rendering queue processing
2026-05-11 11:01:28,261 - octoprint.server - INFO - Shutting down intermediary server...
2026-05-11 11:01:28,371 - octoprint.server - INFO - Intermediary server shut down
2026-05-11 11:01:28,374 - octoprint.events - INFO - Processing startup event, this is our first event
2026-05-11 11:01:28,374 - octoprint.events - INFO - Adding 3 events to queue that were held back before startup event
2026-05-11 11:01:28,375 - octoprint.filemanager - INFO - Adding backlog items from all storage types to analysis queue...
2026-05-11 11:01:28,376 - octoprint.server - INFO - Autoconnect on startup is configured, trying to connect to the printer...
2026-05-11 11:01:28,395 - octoprint.filemanager - INFO - Added 0 items from storage type "local" to analysis queue
2026-05-11 11:01:28,424 - octoprint.plugins.softwareupdate - INFO - Fetching check overlays from https://plugins.octoprint.org/update_check_overlay.json
2026-05-11 11:01:28,443 - octoprint.server - INFO - Could not find configured serial port {} in the system, cannot automatically connect to a non existing printer. Is it plugged in and booted up yet?
2026-05-11 11:01:28,445 - octoprint.server - INFO - Starting autorefresh of serial port list
2026-05-11 11:01:28,472 - octoprint.plugins.pluginmanager - INFO - Loaded plugin repository data from disk, was still valid
2026-05-11 11:01:28,473 - octoprint.server.util.watchdog - INFO - Running initial scan on watched folder...
2026-05-11 11:01:28,493 - octoprint.server.util.watchdog - INFO - ... initial scan done.
2026-05-11 11:01:28,608 - octoprint.server - INFO - Serial port list was updated, refreshing the port list in the frontend
2026-05-11 11:01:28,901 - octoprint.plugins.pluginmanager - INFO - Loaded notice data from disk, was still valid
2026-05-11 11:04:59,227 - octoprint.plugins.tracking - INFO - Sent tracking event system_unthrottled, payload: {'throttled_now': False, 'throttled_past': False, 'throttled_mask': 0, 'throttled_voltage_now': False, 'throttled_voltage_past': False, 'throttled_overheat_now': False, 'throttled_overheat_past': False}
2026-05-11 11:04:59,544 - octoprint.plugins.discovery - INFO - Registered 'OctoPrint instance on pi._http._tcp.local.' for _http._tcp.local.
2026-05-11 11:05:00,358 - octoprint.plugins.discovery - INFO - Registered 'OctoPrint instance on pi._octoprint._tcp.local.' for _octoprint._tcp.local.
2026-05-11 11:05:00,363 - octoprint.plugins.discovery - INFO - Registered OctoPrint instance on pi for SSDP
2026-05-11 11:05:00,374 - octoprint.server - INFO - Listening on http://0.0.0.0:5000 and http://[::]:5000
2026-05-11 11:05:00,405 - octoprint.plugins.pluginmanager - INFO - Loaded plugin repository data from disk, was still valid
2026-05-11 11:05:00,427 - octoprint.server.util - WARNING - The global API key was just used. The global API key is deprecated and will cease to function with OctoPrint 1.13.0.
2026-05-11 11:05:00,431 - octoprint.server.util - WARNING - The global API key was just used. The global API key is deprecated and will cease to function with OctoPrint 1.13.0.
2026-05-11 11:05:00,782 - octoprint.plugins.pluginmanager - INFO - Loaded notice data from disk, was still valid
2026-05-11 11:05:00,787 - octoprint.plugins.pluginmanager - INFO - Saved a current plugin export to /home/pi/.octoprint/backup_plugin_export.json
2026-05-11 11:05:01,155 - octoprint.util.pip - INFO - Using "/home/pi/oprint/bin/python3 -m pip" as command to invoke pip
2026-05-11 11:05:01,156 - octoprint.util.pip - INFO - pip installs to /home/pi/oprint/lib/python3.13/site-packages (writable -> yes), --user flag needed -> no, virtual env -> yes
2026-05-11 11:05:01,157 - octoprint.util.pip - INFO - ==> pip ok -> yes
2026-05-11 11:05:01,162 - octoprint.plugins.softwareupdate - INFO - Minimum free storage across all update relevant locations is 922.8MB. That is considered sufficient for updating.
2026-05-11 11:05:01,182 - octoprint.plugins.ControlCenter - INFO - TouchUI Plugin Started
2026-05-11 11:05:01,187 - octoprint.plugins.ControlCenter - INFO - xinit file already contains correct ControlCenter path
2026-05-11 11:05:01,193 - octoprint.server.preemptive_cache - INFO - Preemptively caching / (ui _default) for {'base_url': 'http://192.168.0.47:5000/', 'path': '/', 'query_string': 'l10n=en'}
2026-05-11 11:05:01,730 - octoprint.plugins.tracking - INFO - Sent tracking event ping, payload: {'octoprint_uptime': 8, 'printer_state': 'OFFLINE'}
2026-05-11 11:05:02,301 - octoprint.plugins.tracking - INFO - Sent tracking event pong, payload: {'version': '1.11.7', 'os': 'linux', 'platform': 'Linux-6.12.75+rpt-rpi-v8-aarch64-with-glibc2.41', 'bits': 64, 'python': '3.13.5', 'pip': '25.1.1', 'cores': 4, 'freq': 1500.0, 'ram': 1935220736, 'pi_model': 'Raspberry Pi Compute Module 4 Rev 1.1', 'plugins': 'controlcenter:1.0.0', 'achievements': 'the_wizard'}
2026-05-11 11:05:02,903 - octoprint.plugins.tracking - INFO - Sent tracking event startup, payload: {'version': '1.11.7', 'os': 'linux', 'platform': 'Linux-6.12.75+rpt-rpi-v8-aarch64-with-glibc2.41', 'bits': 64, 'python': '3.13.5', 'pip': '25.1.1', 'cores': 4, 'freq': 1500.0, 'ram': 1935220736, 'pi_model': 'Raspberry Pi Compute Module 4 Rev 1.1'}
2026-05-11 11:05:07,220 - octoprint.server.preemptive_cache - INFO - ... done in 6.03s
2026-05-11 11:05:30,529 - octoprint.server.util - WARNING - The global API key was just used. The global API key is deprecated and will cease to function with OctoPrint 1.13.0.
2026-05-11 11:05:30,610 - octoprint.server.util - WARNING - The global API key was just used. The global API key is deprecated and will cease to function with OctoPrint 1.13.0.
2026-05-11 11:05:30,815 - octoprint.server.util - WARNING - The global API key was just used. The global API key is deprecated and will cease to function with OctoPrint 1.13.0.
2026-05-11 11:05:30,854 - octoprint.server.util - WARNING - The global API key was just used. The global API key is deprecated and will cease to function with OctoPrint 1.13.0.
2026-05-11 11:05:30,862 - octoprint.server.util - WARNING - The global API key was just used. The global API key is deprecated and will cease to function with OctoPrint 1.13.0.
2026-05-11 11:05:30,880 - tornado.access - WARNING - 400 POST /api/connection (127.0.0.1) 21.80ms
2026-05-11 11:05:30,896 - octoprint.server.util - WARNING - The global API key was just used. The global API key is deprecated and will cease to function with OctoPrint 1.13.0.
2026-05-11 11:05:30,903 - octoprint.server.util - WARNING - The global API key was just used. The global API key is deprecated and will cease to function with OctoPrint 1.13.0.
2026-05-11 11:05:30,913 - tornado.access - WARNING - 400 POST /api/connection (127.0.0.1) 14.16ms
2026-05-11 11:05:30,921 - tornado.access - WARNING - 400 POST /api/connection (127.0.0.1) 30.64ms
2026-05-11 11:05:30,932 - octoprint.server.util - WARNING - The global API key was just used. The global API key is deprecated and will cease to function with OctoPrint 1.13.0.
2026-05-11 11:05:30,944 - tornado.access - WARNING - 400 POST /api/connection (127.0.0.1) 17.38ms
2026-05-11 11:05:32,916 - octoprint.server.util.sockjs - INFO - New connection from client: 127.0.0.1
2026-05-11 11:05:32,933 - octoprint.server.util.sockjs - INFO - New connection from client: 127.0.0.1
2026-05-11 11:05:32,987 - octoprint.server.util - WARNING - The global API key was just used. The global API key is deprecated and will cease to function with OctoPrint 1.13.0.
2026-05-11 11:05:32,992 - octoprint.server.util.flask - INFO - Passively logging in user _api from 127.0.0.1
2026-05-11 11:05:32,992 - octoprint.access.users - INFO - Logged in user: _api
2026-05-11 11:05:33,018 - octoprint.server.util.sockjs - INFO - User _api logged in on the socket from client 127.0.0.1
2026-05-11 11:05:33,033 - octoprint.server.util - WARNING - The global API key was just used. The global API key is deprecated and will cease to function with OctoPrint 1.13.0.
2026-05-11 11:05:33,037 - octoprint.server.util.flask - INFO - Passively logging in user _api from 127.0.0.1
2026-05-11 11:05:33,038 - octoprint.access.users - INFO - Logged in user: _api
2026-05-11 11:05:33,055 - octoprint.server.util.sockjs - INFO - User _api logged in on the socket from client 127.0.0.1
2026-05-11 11:11:38,287 - octoprint.server.util.flask - INFO - Passively logging in user admin from 192.168.0.151
2026-05-11 11:11:38,287 - octoprint.access.users - INFO - Logged in user: admin
2026-05-11 11:11:39,214 - octoprint.server.util.sockjs - INFO - New connection from client: 192.168.0.151
2026-05-11 11:11:39,238 - octoprint.server.util.flask - INFO - Passively logging in user admin from 192.168.0.151
2026-05-11 11:11:39,238 - octoprint.access.users - INFO - Logged in user: admin
2026-05-11 11:11:39,900 - octoprint.server.util.sockjs - INFO - User admin logged in on the socket from client 192.168.0.151
2026-05-11 11:11:44,246 - octoprint.util.comm - INFO - Changing monitoring state from "Offline" to "Detecting serial connection"
2026-05-11 11:11:44,268 - octoprint.util.comm - INFO - Serial detection: Performing autodetection with 1 port/baudrate candidates: /dev/ttyS0@115200
2026-05-11 11:11:44,268 - octoprint.util.comm - INFO - Serial detection: Trying port /dev/ttyS0, baudrate 115200
2026-05-11 11:11:44,270 - octoprint.util.comm - INFO - Connecting to port /dev/ttyS0, baudrate 115200
2026-05-11 11:11:44,296 - octoprint.util.comm - INFO - Serial detection: Handshake attempt #1 with timeout 2.0s
2026-05-11 11:11:44,301 - octoprint.util.comm - INFO - M110 detected, setting current line number to 0
2026-05-11 11:11:44,605 - octoprint.plugins.tracking - INFO - Sent tracking event webui_load, payload: {'browser_name': 'Chrome', 'browser_version': '148.0.0.0', 'os_name': 'Windows', 'os_version': '10'}
2026-05-11 11:11:44,761 - octoprint.server - INFO - Autorefresh of serial port list stopped
2026-05-11 11:11:46,303 - octoprint.util.comm - INFO - Serial detection: Handshake attempt #2 with timeout 2.0s
2026-05-11 11:11:46,307 - octoprint.util.comm - INFO - M110 detected, setting current line number to 0
2026-05-11 11:11:48,308 - octoprint.util.comm - INFO - Serial detection: Handshake attempt #3 with timeout 2.0s
2026-05-11 11:11:48,312 - octoprint.util.comm - INFO - M110 detected, setting current line number to 0
2026-05-11 11:11:50,316 - octoprint.util.comm - INFO - Changing monitoring state from "Detecting serial connection" to "Error"
2026-05-11 11:11:50,347 - octoprint.util.comm - INFO - Changing monitoring state from "Error" to "Offline after error"
2026-05-11 11:11:50,373 - octoprint.server - INFO - Starting autorefresh of serial port list
2026-05-11 11:11:50,384 - octoprint.plugins.action_command_notification - INFO - Notifications cleared
2026-05-11 11:11:51,154 - octoprint.plugins.tracking - INFO - Sent tracking event commerror_autodetect, payload: {'commerror_text': 'No more candidates to test, and no working port/baudrate combination detected.'}
2026-05-11 11:12:42,572 - octoprint.server.util.sockjs - INFO - Client connection closed: 192.168.0.151
2026-05-11 11:13:45,872 - octoprint.server.util - WARNING - The global API key was just used. The global API key is deprecated and will cease to function with OctoPrint 1.13.0.
2026-05-11 11:14:15,917 - octoprint.server.util - WARNING - The global API key was just used. The global API key is deprecated and will cease to function with OctoPrint 1.13.0.
2026-05-11 11:14:16,085 - octoprint.server.util - WARNING - The global API key was just used. The global API key is deprecated and will cease to function with OctoPrint 1.13.0.
2026-05-11 11:14:16,109 - octoprint.server.util - WARNING - The global API key was just used. The global API key is deprecated and will cease to function with OctoPrint 1.13.0.
2026-05-11 11:14:16,118 - tornado.access - WARNING - 400 POST /api/connection (127.0.0.1) 12.23ms
2026-05-11 11:14:16,132 - octoprint.server.util - WARNING - The global API key was just used. The global API key is deprecated and will cease to function with OctoPrint 1.13.0.
2026-05-11 11:14:16,140 - tornado.access - WARNING - 400 POST /api/connection (127.0.0.1) 12.11ms
2026-05-11 11:14:17,746 - octoprint.server.util.sockjs - INFO - New connection from client: 127.0.0.1
2026-05-11 11:14:17,763 - octoprint.server.util - WARNING - The global API key was just used. The global API key is deprecated and will cease to function with OctoPrint 1.13.0.
2026-05-11 11:14:17,766 - octoprint.server.util.flask - INFO - Passively logging in user _api from 127.0.0.1
2026-05-11 11:14:17,767 - octoprint.access.users - INFO - Logged in user: _api
2026-05-11 11:14:17,787 - octoprint.server.util.sockjs - INFO - User _api logged in on the socket from client 127.0.0.1
2026-05-11 11:15:36,290 - octoprint.server.util - WARNING - The global API key was just used. The global API key is deprecated and will cease to function with OctoPrint 1.13.0.
2026-05-11 11:16:06,336 - octoprint.server.util - WARNING - The global API key was just used. The global API key is deprecated and will cease to function with OctoPrint 1.13.0.
2026-05-11 11:16:06,542 - octoprint.server.util - WARNING - The global API key was just used. The global API key is deprecated and will cease to function with OctoPrint 1.13.0.
2026-05-11 11:16:06,567 - octoprint.server.util - WARNING - The global API key was just used. The global API key is deprecated and will cease to function with OctoPrint 1.13.0.
2026-05-11 11:16:06,576 - tornado.access - WARNING - 400 POST /api/connection (127.0.0.1) 12.58ms
2026-05-11 11:16:06,590 - octoprint.server.util - WARNING - The global API key was just used. The global API key is deprecated and will cease to function with OctoPrint 1.13.0.
2026-05-11 11:16:06,599 - tornado.access - WARNING - 400 POST /api/connection (127.0.0.1) 12.59ms
2026-05-11 11:16:08,253 - octoprint.server.util.sockjs - INFO - New connection from client: 127.0.0.1
2026-05-11 11:16:08,270 - octoprint.server.util - WARNING - The global API key was just used. The global API key is deprecated and will cease to function with OctoPrint 1.13.0.
2026-05-11 11:16:08,273 - octoprint.server.util.flask - INFO - Passively logging in user _api from 127.0.0.1
2026-05-11 11:16:08,274 - octoprint.access.users - INFO - Logged in user: _api
2026-05-11 11:16:08,294 - octoprint.server.util.sockjs - INFO - User _api logged in on the socket from client 127.0.0.1
2026-05-11 11:16:26,109 - octoprint.server.util.sockjs - INFO - Client connection closed: 127.0.0.1
2026-05-11 11:16:29,234 - octoprint.server.util.sockjs - INFO - Client connection closed: 127.0.0.1
2026-05-11 11:19:54,088 - octoprint.server.heartbeat - INFO - Server heartbeat <3
2026-05-11 11:20:02,040 - octoprint.plugins.tracking - INFO - Sent tracking event ping, payload: {'octoprint_uptime': 908, 'printer_state': 'OFFLINE'}
2026-05-11 11:30:21,734 - octoprint.access.users - INFO - Cleaning up user session 2023bf41f93264ec40c24dbe1925b8295636e4e58b4ccb01aae7bc0f1c2f265c for user admin
2026-05-11 11:30:21,734 - octoprint.access.users - INFO - Logged out user: admin
2026-05-11 11:30:21,748 - octoprint.server.util.flask - INFO - Passively logging in user admin from 192.168.0.151
2026-05-11 11:30:21,750 - octoprint.access.users - INFO - Logged in user: admin
2026-05-11 11:30:21,801 - octoprint.server.util.flask - INFO - Passively logging in user admin from 192.168.0.151
2026-05-11 11:30:21,802 - octoprint.access.users - INFO - Logged in user: admin
2026-05-11 11:30:21,841 - octoprint.server.util.flask - INFO - Passively logging in user admin from 192.168.0.151
2026-05-11 11:30:21,841 - octoprint.access.users - INFO - Logged in user: admin
2026-05-11 11:30:22,524 - octoprint.server.util.sockjs - INFO - New connection from client: 192.168.0.151
2026-05-11 11:30:22,553 - octoprint.server.util.flask - INFO - Passively logging in user admin from 192.168.0.151
2026-05-11 11:30:22,553 - octoprint.access.users - INFO - Logged in user: admin
2026-05-11 11:30:23,008 - octoprint.server.util.sockjs - INFO - User admin logged in on the socket from client 192.168.0.151
2026-05-11 11:30:23,820 - octoprint.plugins.tracking - INFO - Sent tracking event webui_load, payload: {'browser_name': 'Chrome', 'browser_version': '148.0.0.0', 'os_name': 'Windows', 'os_version': '10'}
2026-05-11 11:34:54,088 - octoprint.server.heartbeat - INFO - Server heartbeat <3
2026-05-11 11:35:02,120 - octoprint.plugins.tracking - INFO - Sent tracking event ping, payload: {'octoprint_uptime': 1808, 'printer_state': 'OFFLINE'}
2026-05-11 11:39:01,187 - octoprint.startup - INFO - ******************************************************************************
2026-05-11 11:39:01,190 - octoprint.startup - INFO - Starting OctoPrint 1.11.7
2026-05-11 11:39:01,193 - octoprint.startup - INFO - ******************************************************************************
2026-05-11 11:39:01,320 - octoprint.util.connectivity.connectivity_checker - INFO - Connectivity changed from offline to online
2026-05-11 11:39:01,328 - octoprint.util.connectivity.connectivity_checker - INFO - Connectivity state is currently: online
2026-05-11 11:39:01,328 - octoprint.util.connectivity.connectivity_checker - INFO - Connecting to 1.1.1.1:53 is working
2026-05-11 11:39:01,329 - octoprint.util.connectivity.connectivity_checker - INFO - Resolving octoprint.org is working
2026-05-11 11:39:01,336 - octoprint.plugin.core - INFO - Loading plugins from /home/pi/oprint/lib/python3.13/site-packages/octoprint/plugins, /home/pi/.octoprint/plugins and installed plugin packages...
2026-05-11 11:39:05,387 - octoprint.plugin.core - INFO - Found 24 plugin(s) providing 24 mixin implementations, 49 hook handlers
2026-05-11 11:39:05,463 - octoprint.server.heartbeat - INFO - Starting server heartbeat, 900.0s interval
2026-05-11 11:39:05,673 - octoprint.server - INFO - Intermediary server started
2026-05-11 11:39:05,685 - octoprint.filemanager.storage - INFO - Initializing the file metadata for /home/pi/.octoprint/uploads...
2026-05-11 11:39:05,687 - octoprint.filemanager.storage - INFO - ... file metadata for /home/pi/.octoprint/uploads initialized successfully.
2026-05-11 11:39:05,692 - octoprint.server - INFO - Added new permission from plugin achievements: PLUGIN_ACHIEVEMENTS_VIEW (needs: "Need(method='role', value='plugin_achievements_view')")
2026-05-11 11:39:05,692 - octoprint.server - INFO - Added new permission from plugin achievements: PLUGIN_ACHIEVEMENTS_RESET (needs: "Need(method='role', value='plugin_achievements_reset')")
2026-05-11 11:39:05,693 - octoprint.server - INFO - Added new permission from plugin action_command_notification: PLUGIN_ACTION_COMMAND_NOTIFICATION_SHOW (needs: "Need(method='role', value='plugin_action_command_notification_show')")
2026-05-11 11:39:05,693 - octoprint.server - INFO - Added new permission from plugin action_command_notification: PLUGIN_ACTION_COMMAND_NOTIFICATION_CLEAR (needs: "Need(method='role', value='plugin_action_command_notification_clear')")
2026-05-11 11:39:05,693 - octoprint.server - INFO - Added new permission from plugin action_command_prompt: PLUGIN_ACTION_COMMAND_PROMPT_INTERACT (needs: "Need(method='role', value='plugin_action_command_prompt_interact')")
2026-05-11 11:39:05,694 - octoprint.server - INFO - Added new permission from plugin announcements: PLUGIN_ANNOUNCEMENTS_READ (needs: "Need(method='role', value='plugin_announcements_read')")
2026-05-11 11:39:05,694 - octoprint.server - INFO - Added new permission from plugin announcements: PLUGIN_ANNOUNCEMENTS_MANAGE (needs: "Need(method='role', value='plugin_announcements_manage'), Need(method='role', value='plugin_announcements_read')")
2026-05-11 11:39:05,695 - octoprint.server - INFO - Added new permission from plugin appkeys: PLUGIN_APPKEYS_ADMIN (needs: "Need(method='role', value='plugin_appkeys_admin')")
2026-05-11 11:39:05,697 - octoprint.server - INFO - Added new permission from plugin appkeys: PLUGIN_APPKEYS_GRANT (needs: "Need(method='role', value='plugin_appkeys_user')")
2026-05-11 11:39:05,699 - octoprint.server - INFO - Added new permission from plugin backup: PLUGIN_BACKUP_CREATE (needs: "Need(method='role', value='plugin_backup_create')")
2026-05-11 11:39:05,700 - octoprint.server - INFO - Added new permission from plugin file_check: PLUGIN_FILE_CHECK_RUN (needs: "Need(method='role', value='plugin_file_check_run')")
2026-05-11 11:39:05,702 - octoprint.server - INFO - Added new permission from plugin firmware_check: PLUGIN_FIRMWARE_CHECK_DISPLAY (needs: "Need(method='role', value='plugin_firmware_check_display')")
2026-05-11 11:39:05,703 - octoprint.server - INFO - Added new permission from plugin health_check: PLUGIN_HEALTH_CHECK_CHECK (needs: "Need(method='role', value='plugin_health_check_check')")
2026-05-11 11:39:05,705 - octoprint.server - INFO - Added new permission from plugin logging: PLUGIN_LOGGING_MANAGE (needs: "Need(method='role', value='plugin_logging_manage')")
2026-05-11 11:39:05,706 - octoprint.server - INFO - Added new permission from plugin pi_support: PLUGIN_PI_SUPPORT_STATUS (needs: "Need(method='role', value='plugin_pi_support_check')")
2026-05-11 11:39:05,707 - octoprint.server - INFO - Added new permission from plugin pluginmanager: PLUGIN_PLUGINMANAGER_LIST (needs: "Need(method='role', value='plugin_pluginmanager_list')")
2026-05-11 11:39:05,709 - octoprint.server - INFO - Added new permission from plugin pluginmanager: PLUGIN_PLUGINMANAGER_MANAGE (needs: "Need(method='role', value='plugin_pluginmanager_manage')")
2026-05-11 11:39:05,710 - octoprint.server - INFO - Added new permission from plugin pluginmanager: PLUGIN_PLUGINMANAGER_INSTALL (needs: "Need(method='role', value='plugin_pluginmanager_install'), Need(method='role', value='plugin_pluginmanager_manage')")
2026-05-11 11:39:05,712 - octoprint.server - INFO - Added new permission from plugin softwareupdate: PLUGIN_SOFTWAREUPDATE_CHECK (needs: "Need(method='role', value='plugin_softwareupdate_check')")
2026-05-11 11:39:05,713 - octoprint.server - INFO - Added new permission from plugin softwareupdate: PLUGIN_SOFTWAREUPDATE_UPDATE (needs: "Need(method='role', value='plugin_softwareupdate_update')")
2026-05-11 11:39:05,714 - octoprint.server - INFO - Added new permission from plugin softwareupdate: PLUGIN_SOFTWAREUPDATE_CONFIGURE (needs: "Need(method='role', value='plugin_softwareupdate_configure')")
2026-05-11 11:39:05,724 - octoprint.access.users - INFO - Making a backup of the users.yaml file before migrating from version 1 to 2
2026-05-11 11:39:05,752 - octoprint.plugins.achievements - INFO - Loading data from /home/pi/.octoprint/data/achievements/data.json
2026-05-11 11:39:05,756 - octoprint.plugins.achievements - INFO - Loading data for 2026 from /home/pi/.octoprint/data/achievements/2026.json
2026-05-11 11:39:05,810 - octoprint.plugins.softwareupdate - INFO - Loaded version cache from disk
2026-05-11 11:39:07,154 - octoprint.util.pip - INFO - Using "/home/pi/oprint/bin/python3 -m pip" as command to invoke pip
2026-05-11 11:39:07,283 - octoprint.plugins.healthcheck.python_eol - INFO - Fetched Python EOL data from https://get.octoprint.org/python-eol
2026-05-11 11:39:08,021 - octoprint.util.pip - INFO - Version of pip is 25.1.1
2026-05-11 11:39:08,347 - octoprint.util.pip - INFO - pip installs to /home/pi/oprint/lib/python3.13/site-packages (writable -> yes), --user flag needed -> no, virtual env -> yes
2026-05-11 11:39:08,347 - octoprint.util.pip - INFO - ==> pip ok -> yes
2026-05-11 11:39:08,374 - octoprint.plugins.file_check - INFO - Native grep available: True
2026-05-11 11:39:08,377 - octoprint.plugin.core - INFO - Initialized 24 plugin implementation(s)
2026-05-11 11:39:08,397 - octoprint - INFO - Installing webcam compat overlay for configured default webcam <octoprint.webcams.ProvidedWebcam object at 0x7f74454c20>
2026-05-11 11:39:08,398 - octoprint.plugin.core - INFO - 24 plugin(s) registered with the system (23 bundled & 1 third party):
| Bundled Plugins (23)
|   Achievements Plugin (bundled) = /home/pi/oprint/lib/python3.13/site-packages/octoprint/plugins/achievements
|   Action Command Notification Support (bundled) = /home/pi/oprint/lib/python3.13/site-packages/octoprint/plugins/action_command_notification
|   Action Command Prompt Support (bundled) = /home/pi/oprint/lib/python3.13/site-packages/octoprint/plugins/action_command_prompt
|   Announcement Plugin (bundled) = /home/pi/oprint/lib/python3.13/site-packages/octoprint/plugins/announcements
|   Anonymous Usage Tracking (bundled) = /home/pi/oprint/lib/python3.13/site-packages/octoprint/plugins/tracking
|   Application Keys Plugin (bundled) = /home/pi/oprint/lib/python3.13/site-packages/octoprint/plugins/appkeys
|   Backup & Restore (bundled) = /home/pi/oprint/lib/python3.13/site-packages/octoprint/plugins/backup
|   Classic Webcam (bundled) = /home/pi/oprint/lib/python3.13/site-packages/octoprint/plugins/classicwebcam
|   Core Wizard (bundled) = /home/pi/oprint/lib/python3.13/site-packages/octoprint/plugins/corewizard
|   Custom Control Manager (bundled) = /home/pi/oprint/lib/python3.13/site-packages/octoprint/plugins/customcontrolmanager
|   Discovery (bundled) = /home/pi/oprint/lib/python3.13/site-packages/octoprint/plugins/discovery
|   Error Tracking (bundled) = /home/pi/oprint/lib/python3.13/site-packages/octoprint/plugins/errortracking
|   Event Manager (bundled) = /home/pi/oprint/lib/python3.13/site-packages/octoprint/plugins/eventmanager
|   File Check (2025.7.23) (bundled) = /home/pi/oprint/lib/python3.13/site-packages/octoprint_file_check
|   Firmware Check (2025.7.23) (bundled) = /home/pi/oprint/lib/python3.13/site-packages/octoprint_firmware_check
|   GCode Viewer (bundled) = /home/pi/oprint/lib/python3.13/site-packages/octoprint/plugins/gcodeviewer
|   Healthcheck Plugin (bundled) = /home/pi/oprint/lib/python3.13/site-packages/octoprint/plugins/health_check
|   Logging (bundled) = /home/pi/oprint/lib/python3.13/site-packages/octoprint/plugins/logging
|   Pi Support Plugin (2025.7.23) (bundled) = /home/pi/oprint/lib/python3.13/site-packages/octoprint_pi_support
|   Plugin Manager (bundled) = /home/pi/oprint/lib/python3.13/site-packages/octoprint/plugins/pluginmanager
|   Software Update (bundled) = /home/pi/oprint/lib/python3.13/site-packages/octoprint/plugins/softwareupdate
|   Upload Manager (bundled) = /home/pi/oprint/lib/python3.13/site-packages/octoprint/plugins/uploadmanager
|   Virtual Printer (bundled) = /home/pi/oprint/lib/python3.13/site-packages/octoprint/plugins/virtual_printer
| Third Party Plugins (1)
|   ControlCenter (1.0.0) = /home/pi/oprint/lib/python3.13/site-packages/octoprint_ControlCenter
Prefix legend: ! = disabled, # = blacklisted, * = incompatible
2026-05-11 11:39:08,423 - octoprint.environment - INFO - Detected environment is Python 3.13.5 under Linux (Linux-6.12.75+rpt-rpi-v8-aarch64-with-glibc2.41). Details:
|  hardware:
|    cores: 4
|    freq: 1500.0
|    ram: 1935220736
|  os:
|    bits: 64
|    id: linux
|    platform: Linux-6.12.75+rpt-rpi-v8-aarch64-with-glibc2.41
|  plugins:
|    pi_support:
|      model: Raspberry Pi Compute Module 4 Rev 1.1
|      throttle_check_enabled: true
|      throttle_check_functional: true
|      throttle_state: '0x0'
|  python:
|    pip: 25.1.1
|    version: 3.13.5
|    virtualenv: /home/pi/oprint
2026-05-11 11:39:08,443 - octoprint.server - INFO - Reset webasset folder /home/pi/.octoprint/generated/webassets...
2026-05-11 11:39:08,443 - octoprint.server - INFO - Reset webasset folder /home/pi/.octoprint/generated/.webassets-cache...
2026-05-11 11:39:08,444 - octoprint.server - INFO - Reset webasset folder /home/pi/.octoprint/generated/.webassets-manifest.json...
2026-05-11 11:39:08,729 - octoprint.timelapse - INFO - Enabled rendering queue processing
2026-05-11 11:39:09,090 - octoprint.server - INFO - Shutting down intermediary server...
2026-05-11 11:39:09,178 - octoprint.server - INFO - Intermediary server shut down
2026-05-11 11:39:09,181 - octoprint.events - INFO - Processing startup event, this is our first event
2026-05-11 11:39:09,181 - octoprint.events - INFO - Adding 3 events to queue that were held back before startup event
2026-05-11 11:39:09,183 - octoprint.filemanager - INFO - Adding backlog items from all storage types to analysis queue...
2026-05-11 11:39:09,191 - octoprint.server - INFO - Autoconnect on startup is configured, trying to connect to the printer...
2026-05-11 11:39:09,212 - octoprint.plugins.softwareupdate - INFO - Fetching check overlays from https://plugins.octoprint.org/update_check_overlay.json
2026-05-11 11:39:09,237 - octoprint.filemanager - INFO - Added 0 items from storage type "local" to analysis queue
2026-05-11 11:39:09,251 - octoprint.server - INFO - Could not find configured serial port {} in the system, cannot automatically connect to a non existing printer. Is it plugged in and booted up yet?
2026-05-11 11:39:09,252 - octoprint.server - INFO - Starting autorefresh of serial port list
2026-05-11 11:39:09,268 - octoprint.plugins.pluginmanager - INFO - Loaded plugin repository data from disk, was still valid
2026-05-11 11:39:09,279 - octoprint.server.util.watchdog - INFO - Running initial scan on watched folder...
2026-05-11 11:39:09,307 - octoprint.server.util.watchdog - INFO - ... initial scan done.
2026-05-11 11:39:09,544 - octoprint.server - INFO - Serial port list was updated, refreshing the port list in the frontend
2026-05-11 11:39:09,633 - octoprint.plugins.pluginmanager - INFO - Loaded notice data from disk, was still valid
2026-05-11 11:39:09,872 - octoprint.plugins.tracking - INFO - Sent tracking event system_unthrottled, payload: {'throttled_now': False, 'throttled_past': False, 'throttled_mask': 0, 'throttled_voltage_now': False, 'throttled_voltage_past': False, 'throttled_overheat_now': False, 'throttled_overheat_past': False}
2026-05-11 11:39:10,380 - octoprint.plugins.discovery - INFO - Registered 'OctoPrint instance on pi._http._tcp.local.' for _http._tcp.local.
2026-05-11 11:39:11,190 - octoprint.plugins.discovery - INFO - Registered 'OctoPrint instance on pi._octoprint._tcp.local.' for _octoprint._tcp.local.
2026-05-11 11:39:11,197 - octoprint.plugins.discovery - INFO - Registered OctoPrint instance on pi for SSDP
2026-05-11 11:39:11,206 - octoprint.server - INFO - Listening on http://0.0.0.0:5000 and http://[::]:5000
2026-05-11 11:39:11,240 - octoprint.plugins.pluginmanager - INFO - Loaded plugin repository data from disk, was still valid
2026-05-11 11:39:11,245 - octoprint.server.util - WARNING - The global API key was just used. The global API key is deprecated and will cease to function with OctoPrint 1.13.0.
2026-05-11 12:10:43,959 - octoprint.plugins.pluginmanager - INFO - Loaded notice data from disk, was still valid
2026-05-11 12:10:43,967 - octoprint.plugins.pluginmanager - INFO - Saved a current plugin export to /home/pi/.octoprint/backup_plugin_export.json
2026-05-11 12:10:44,336 - octoprint.util.pip - INFO - Using "/home/pi/oprint/bin/python3 -m pip" as command to invoke pip
2026-05-11 12:10:44,337 - octoprint.util.pip - INFO - pip installs to /home/pi/oprint/lib/python3.13/site-packages (writable -> yes), --user flag needed -> no, virtual env -> yes
2026-05-11 12:10:44,337 - octoprint.util.pip - INFO - ==> pip ok -> yes
2026-05-11 12:10:44,342 - octoprint.plugins.softwareupdate - INFO - Minimum free storage across all update relevant locations is 922.8MB. That is considered sufficient for updating.
2026-05-11 12:10:44,377 - octoprint.plugins.ControlCenter - INFO - TouchUI Plugin Started
2026-05-11 12:10:44,378 - octoprint.plugins.ControlCenter - INFO - xinit file already contains correct ControlCenter path
2026-05-11 12:10:44,384 - octoprint.server.preemptive_cache - INFO - Preemptively caching / (ui _default) for {'base_url': 'http://192.168.0.47:5000/', 'path': '/', 'query_string': 'l10n=en'}
2026-05-11 12:10:44,953 - octoprint.plugins.tracking - INFO - Sent tracking event ping, payload: {'octoprint_uptime': 7, 'printer_state': 'OFFLINE'}
2026-05-11 12:10:45,534 - octoprint.plugins.tracking - INFO - Sent tracking event pong, payload: {'version': '1.11.7', 'os': 'linux', 'platform': 'Linux-6.12.75+rpt-rpi-v8-aarch64-with-glibc2.41', 'bits': 64, 'python': '3.13.5', 'pip': '25.1.1', 'cores': 4, 'freq': 1500.0, 'ram': 1935220736, 'pi_model': 'Raspberry Pi Compute Module 4 Rev 1.1', 'plugins': 'controlcenter:1.0.0', 'achievements': 'the_wizard'}
2026-05-11 12:10:46,145 - octoprint.plugins.tracking - INFO - Sent tracking event startup, payload: {'version': '1.11.7', 'os': 'linux', 'platform': 'Linux-6.12.75+rpt-rpi-v8-aarch64-with-glibc2.41', 'bits': 64, 'python': '3.13.5', 'pip': '25.1.1', 'cores': 4, 'freq': 1500.0, 'ram': 1935220736, 'pi_model': 'Raspberry Pi Compute Module 4 Rev 1.1'}
2026-05-11 12:10:50,501 - octoprint.server.preemptive_cache - INFO - ... done in 6.12s
2026-05-11 12:11:13,710 - octoprint.server.util - WARNING - The global API key was just used. The global API key is deprecated and will cease to function with OctoPrint 1.13.0.
2026-05-11 12:11:13,888 - octoprint.server.util - WARNING - The global API key was just used. The global API key is deprecated and will cease to function with OctoPrint 1.13.0.
2026-05-11 12:11:13,911 - octoprint.server.util - WARNING - The global API key was just used. The global API key is deprecated and will cease to function with OctoPrint 1.13.0.
2026-05-11 12:11:13,920 - tornado.access - WARNING - 400 POST /api/connection (127.0.0.1) 12.28ms
2026-05-11 12:11:13,934 - octoprint.server.util - WARNING - The global API key was just used. The global API key is deprecated and will cease to function with OctoPrint 1.13.0.
2026-05-11 12:11:13,943 - tornado.access - WARNING - 400 POST /api/connection (127.0.0.1) 12.92ms
2026-05-11 12:11:15,722 - octoprint.server.util.sockjs - INFO - New connection from client: 127.0.0.1
2026-05-11 12:11:15,737 - octoprint.server.util - WARNING - The global API key was just used. The global API key is deprecated and will cease to function with OctoPrint 1.13.0.
2026-05-11 12:11:15,740 - octoprint.server.util.flask - INFO - Passively logging in user _api from 127.0.0.1
2026-05-11 12:11:15,741 - octoprint.access.users - INFO - Logged in user: _api
2026-05-11 12:11:15,757 - octoprint.server.util.sockjs - INFO - User _api logged in on the socket from client 127.0.0.1
2026-05-11 12:12:47,216 - octoprint.server.util.sockjs - INFO - New connection from client: 192.168.0.151
2026-05-11 12:12:47,403 - tornado.access - WARNING - 403 GET /api/settings (192.168.0.151) 100.87ms
2026-05-11 12:12:47,406 - tornado.access - WARNING - 403 GET /api/printer/error (192.168.0.151) 44.74ms
2026-05-11 12:12:47,533 - octoprint.server.util.sockjs - INFO - Client connection closed: 192.168.0.151
2026-05-11 12:12:47,867 - octoprint.server.util.sockjs - INFO - New connection from client: 192.168.0.151
2026-05-11 12:19:08,225 - octoprint.startup - INFO - ******************************************************************************
2026-05-11 12:19:08,227 - octoprint.startup - INFO - Starting OctoPrint 1.11.7
2026-05-11 12:19:08,230 - octoprint.startup - INFO - ******************************************************************************
2026-05-11 12:19:08,434 - octoprint.util.connectivity.connectivity_checker - INFO - Connectivity changed from offline to online
2026-05-11 12:19:08,442 - octoprint.util.connectivity.connectivity_checker - INFO - Connectivity state is currently: online
2026-05-11 12:19:08,442 - octoprint.util.connectivity.connectivity_checker - INFO - Connecting to 1.1.1.1:53 is working
2026-05-11 12:19:08,442 - octoprint.util.connectivity.connectivity_checker - INFO - Resolving octoprint.org is working
2026-05-11 12:19:08,456 - octoprint.plugin.core - INFO - Loading plugins from /home/pi/oprint/lib/python3.13/site-packages/octoprint/plugins, /home/pi/.octoprint/plugins and installed plugin packages...
2026-05-11 12:19:12,223 - octoprint.plugin.core - INFO - Found 24 plugin(s) providing 24 mixin implementations, 49 hook handlers
2026-05-11 12:19:12,291 - octoprint.server.heartbeat - INFO - Starting server heartbeat, 900.0s interval
2026-05-11 12:19:12,677 - octoprint.server - INFO - Intermediary server started
2026-05-11 12:19:12,685 - octoprint.filemanager.storage - INFO - Initializing the file metadata for /home/pi/.octoprint/uploads...
2026-05-11 12:19:12,687 - octoprint.filemanager.storage - INFO - ... file metadata for /home/pi/.octoprint/uploads initialized successfully.
2026-05-11 12:19:12,690 - octoprint.server - INFO - Added new permission from plugin achievements: PLUGIN_ACHIEVEMENTS_VIEW (needs: "Need(method='role', value='plugin_achievements_view')")
2026-05-11 12:19:12,691 - octoprint.server - INFO - Added new permission from plugin achievements: PLUGIN_ACHIEVEMENTS_RESET (needs: "Need(method='role', value='plugin_achievements_reset')")
2026-05-11 12:19:12,691 - octoprint.server - INFO - Added new permission from plugin action_command_notification: PLUGIN_ACTION_COMMAND_NOTIFICATION_SHOW (needs: "Need(method='role', value='plugin_action_command_notification_show')")
2026-05-11 12:19:12,691 - octoprint.server - INFO - Added new permission from plugin action_command_notification: PLUGIN_ACTION_COMMAND_NOTIFICATION_CLEAR (needs: "Need(method='role', value='plugin_action_command_notification_clear')")
2026-05-11 12:19:12,692 - octoprint.server - INFO - Added new permission from plugin action_command_prompt: PLUGIN_ACTION_COMMAND_PROMPT_INTERACT (needs: "Need(method='role', value='plugin_action_command_prompt_interact')")
2026-05-11 12:19:12,692 - octoprint.server - INFO - Added new permission from plugin announcements: PLUGIN_ANNOUNCEMENTS_READ (needs: "Need(method='role', value='plugin_announcements_read')")
2026-05-11 12:19:12,693 - octoprint.server - INFO - Added new permission from plugin announcements: PLUGIN_ANNOUNCEMENTS_MANAGE (needs: "Need(method='role', value='plugin_announcements_manage'), Need(method='role', value='plugin_announcements_read')")
2026-05-11 12:19:12,693 - octoprint.server - INFO - Added new permission from plugin appkeys: PLUGIN_APPKEYS_ADMIN (needs: "Need(method='role', value='plugin_appkeys_admin')")
2026-05-11 12:19:12,693 - octoprint.server - INFO - Added new permission from plugin appkeys: PLUGIN_APPKEYS_GRANT (needs: "Need(method='role', value='plugin_appkeys_user')")
2026-05-11 12:19:12,694 - octoprint.server - INFO - Added new permission from plugin backup: PLUGIN_BACKUP_CREATE (needs: "Need(method='role', value='plugin_backup_create')")
2026-05-11 12:19:12,694 - octoprint.server - INFO - Added new permission from plugin file_check: PLUGIN_FILE_CHECK_RUN (needs: "Need(method='role', value='plugin_file_check_run')")
2026-05-11 12:19:12,694 - octoprint.server - INFO - Added new permission from plugin firmware_check: PLUGIN_FIRMWARE_CHECK_DISPLAY (needs: "Need(method='role', value='plugin_firmware_check_display')")
2026-05-11 12:19:12,695 - octoprint.server - INFO - Added new permission from plugin health_check: PLUGIN_HEALTH_CHECK_CHECK (needs: "Need(method='role', value='plugin_health_check_check')")
2026-05-11 12:19:12,695 - octoprint.server - INFO - Added new permission from plugin logging: PLUGIN_LOGGING_MANAGE (needs: "Need(method='role', value='plugin_logging_manage')")
2026-05-11 12:19:12,696 - octoprint.server - INFO - Added new permission from plugin pi_support: PLUGIN_PI_SUPPORT_STATUS (needs: "Need(method='role', value='plugin_pi_support_check')")
2026-05-11 12:19:12,697 - octoprint.server - INFO - Added new permission from plugin pluginmanager: PLUGIN_PLUGINMANAGER_LIST (needs: "Need(method='role', value='plugin_pluginmanager_list')")
2026-05-11 12:19:12,699 - octoprint.server - INFO - Added new permission from plugin pluginmanager: PLUGIN_PLUGINMANAGER_MANAGE (needs: "Need(method='role', value='plugin_pluginmanager_manage')")
2026-05-11 12:19:12,703 - octoprint.server - INFO - Added new permission from plugin pluginmanager: PLUGIN_PLUGINMANAGER_INSTALL (needs: "Need(method='role', value='plugin_pluginmanager_install'), Need(method='role', value='plugin_pluginmanager_manage')")
2026-05-11 12:19:12,706 - octoprint.server - INFO - Added new permission from plugin softwareupdate: PLUGIN_SOFTWAREUPDATE_CHECK (needs: "Need(method='role', value='plugin_softwareupdate_check')")
2026-05-11 12:19:12,710 - octoprint.server - INFO - Added new permission from plugin softwareupdate: PLUGIN_SOFTWAREUPDATE_UPDATE (needs: "Need(method='role', value='plugin_softwareupdate_update')")
2026-05-11 12:19:12,712 - octoprint.server - INFO - Added new permission from plugin softwareupdate: PLUGIN_SOFTWAREUPDATE_CONFIGURE (needs: "Need(method='role', value='plugin_softwareupdate_configure')")
2026-05-11 12:19:12,739 - octoprint.plugins.achievements - INFO - Loading data from /home/pi/.octoprint/data/achievements/data.json
2026-05-11 12:19:12,744 - octoprint.plugins.achievements - INFO - Loading data for 2026 from /home/pi/.octoprint/data/achievements/2026.json
2026-05-11 12:19:12,797 - octoprint.plugins.softwareupdate - INFO - Loaded version cache from disk
2026-05-11 12:19:14,164 - octoprint.util.pip - INFO - Using "/home/pi/oprint/bin/python3 -m pip" as command to invoke pip
2026-05-11 12:19:14,812 - octoprint.plugins.healthcheck.python_eol - INFO - Fetched Python EOL data from https://get.octoprint.org/python-eol
2026-05-11 12:19:15,039 - octoprint.util.pip - INFO - Version of pip is 25.1.1
2026-05-11 12:19:15,361 - octoprint.util.pip - INFO - pip installs to /home/pi/oprint/lib/python3.13/site-packages (writable -> yes), --user flag needed -> no, virtual env -> yes
2026-05-11 12:19:15,361 - octoprint.util.pip - INFO - ==> pip ok -> yes
2026-05-11 12:19:15,388 - octoprint.plugins.file_check - INFO - Native grep available: True
2026-05-11 12:19:15,391 - octoprint.plugin.core - INFO - Initialized 24 plugin implementation(s)
2026-05-11 12:19:15,410 - octoprint - INFO - Installing webcam compat overlay for configured default webcam <octoprint.webcams.ProvidedWebcam object at 0x7f9cd04c20>
2026-05-11 12:19:15,411 - octoprint.plugin.core - INFO - 24 plugin(s) registered with the system (23 bundled & 1 third party):
| Bundled Plugins (23)
|   Achievements Plugin (bundled) = /home/pi/oprint/lib/python3.13/site-packages/octoprint/plugins/achievements
|   Action Command Notification Support (bundled) = /home/pi/oprint/lib/python3.13/site-packages/octoprint/plugins/action_command_notification
|   Action Command Prompt Support (bundled) = /home/pi/oprint/lib/python3.13/site-packages/octoprint/plugins/action_command_prompt
|   Announcement Plugin (bundled) = /home/pi/oprint/lib/python3.13/site-packages/octoprint/plugins/announcements
|   Anonymous Usage Tracking (bundled) = /home/pi/oprint/lib/python3.13/site-packages/octoprint/plugins/tracking
|   Application Keys Plugin (bundled) = /home/pi/oprint/lib/python3.13/site-packages/octoprint/plugins/appkeys
|   Backup & Restore (bundled) = /home/pi/oprint/lib/python3.13/site-packages/octoprint/plugins/backup
|   Classic Webcam (bundled) = /home/pi/oprint/lib/python3.13/site-packages/octoprint/plugins/classicwebcam
|   Core Wizard (bundled) = /home/pi/oprint/lib/python3.13/site-packages/octoprint/plugins/corewizard
|   Custom Control Manager (bundled) = /home/pi/oprint/lib/python3.13/site-packages/octoprint/plugins/customcontrolmanager
|   Discovery (bundled) = /home/pi/oprint/lib/python3.13/site-packages/octoprint/plugins/discovery
|   Error Tracking (bundled) = /home/pi/oprint/lib/python3.13/site-packages/octoprint/plugins/errortracking
|   Event Manager (bundled) = /home/pi/oprint/lib/python3.13/site-packages/octoprint/plugins/eventmanager
|   File Check (2025.7.23) (bundled) = /home/pi/oprint/lib/python3.13/site-packages/octoprint_file_check
|   Firmware Check (2025.7.23) (bundled) = /home/pi/oprint/lib/python3.13/site-packages/octoprint_firmware_check
|   GCode Viewer (bundled) = /home/pi/oprint/lib/python3.13/site-packages/octoprint/plugins/gcodeviewer
|   Healthcheck Plugin (bundled) = /home/pi/oprint/lib/python3.13/site-packages/octoprint/plugins/health_check
|   Logging (bundled) = /home/pi/oprint/lib/python3.13/site-packages/octoprint/plugins/logging
|   Pi Support Plugin (2025.7.23) (bundled) = /home/pi/oprint/lib/python3.13/site-packages/octoprint_pi_support
|   Plugin Manager (bundled) = /home/pi/oprint/lib/python3.13/site-packages/octoprint/plugins/pluginmanager
|   Software Update (bundled) = /home/pi/oprint/lib/python3.13/site-packages/octoprint/plugins/softwareupdate
|   Upload Manager (bundled) = /home/pi/oprint/lib/python3.13/site-packages/octoprint/plugins/uploadmanager
|   Virtual Printer (bundled) = /home/pi/oprint/lib/python3.13/site-packages/octoprint/plugins/virtual_printer
| Third Party Plugins (1)
|   ControlCenter (1.0.0) = /home/pi/oprint/lib/python3.13/site-packages/octoprint_ControlCenter
Prefix legend: ! = disabled, # = blacklisted, * = incompatible
2026-05-11 12:19:15,433 - octoprint.environment - INFO - Detected environment is Python 3.13.5 under Linux (Linux-6.12.75+rpt-rpi-v8-aarch64-with-glibc2.41). Details:
|  hardware:
|    cores: 4
|    freq: 1500.0
|    ram: 1935220736
|  os:
|    bits: 64
|    id: linux
|    platform: Linux-6.12.75+rpt-rpi-v8-aarch64-with-glibc2.41
|  plugins:
|    pi_support:
|      model: Raspberry Pi Compute Module 4 Rev 1.1
|      throttle_check_enabled: true
|      throttle_check_functional: true
|      throttle_state: '0x0'
|  python:
|    pip: 25.1.1
|    version: 3.13.5
|    virtualenv: /home/pi/oprint
2026-05-11 12:19:15,447 - octoprint.server - INFO - Reset webasset folder /home/pi/.octoprint/generated/webassets...
2026-05-11 12:19:15,449 - octoprint.server - INFO - Reset webasset folder /home/pi/.octoprint/generated/.webassets-cache...
2026-05-11 12:19:15,450 - octoprint.server - INFO - Reset webasset folder /home/pi/.octoprint/generated/.webassets-manifest.json...
2026-05-11 12:19:15,613 - octoprint.timelapse - INFO - Enabled rendering queue processing
2026-05-11 12:19:16,009 - octoprint.server - INFO - Shutting down intermediary server...
2026-05-11 12:19:16,396 - octoprint.server - INFO - Intermediary server shut down
2026-05-11 12:19:16,399 - octoprint.events - INFO - Processing startup event, this is our first event
2026-05-11 12:19:16,399 - octoprint.events - INFO - Adding 3 events to queue that were held back before startup event
2026-05-11 12:19:16,400 - octoprint.filemanager - INFO - Adding backlog items from all storage types to analysis queue...
2026-05-11 12:19:16,401 - octoprint.filemanager - INFO - Added 0 items from storage type "local" to analysis queue
2026-05-11 12:19:16,410 - octoprint.server - INFO - Autoconnect on startup is configured, trying to connect to the printer...
2026-05-11 12:19:16,447 - octoprint.plugins.softwareupdate - INFO - Fetching check overlays from https://plugins.octoprint.org/update_check_overlay.json
2026-05-11 12:19:16,455 - octoprint.server - INFO - Could not find configured serial port {} in the system, cannot automatically connect to a non existing printer. Is it plugged in and booted up yet?
2026-05-11 12:19:16,464 - octoprint.server - INFO - Starting autorefresh of serial port list
2026-05-11 12:19:16,483 - octoprint.plugins.pluginmanager - INFO - Loaded plugin repository data from disk, was still valid
2026-05-11 12:19:16,506 - octoprint.server.util.watchdog - INFO - Running initial scan on watched folder...
2026-05-11 12:19:16,512 - octoprint.server.util.watchdog - INFO - ... initial scan done.
2026-05-11 12:19:16,657 - octoprint.server - INFO - Serial port list was updated, refreshing the port list in the frontend
2026-05-11 12:19:16,847 - octoprint.plugins.pluginmanager - INFO - Loaded notice data from disk, was still valid
2026-05-11 12:19:17,087 - octoprint.plugins.tracking - INFO - Sent tracking event system_unthrottled, payload: {'throttled_now': False, 'throttled_past': False, 'throttled_mask': 0, 'throttled_voltage_now': False, 'throttled_voltage_past': False, 'throttled_overheat_now': False, 'throttled_overheat_past': False}
2026-05-11 12:19:17,540 - octoprint.plugins.discovery - INFO - Registered 'OctoPrint instance on pi._http._tcp.local.' for _http._tcp.local.
2026-05-11 12:19:18,352 - octoprint.plugins.discovery - INFO - Registered 'OctoPrint instance on pi._octoprint._tcp.local.' for _octoprint._tcp.local.
2026-05-11 12:19:18,358 - octoprint.plugins.discovery - INFO - Registered OctoPrint instance on pi for SSDP
2026-05-11 12:19:18,368 - octoprint.server - INFO - Listening on http://0.0.0.0:5000 and http://[::]:5000
2026-05-11 12:19:18,414 - octoprint.plugins.pluginmanager - INFO - Loaded plugin repository data from disk, was still valid
2026-05-11 12:19:18,463 - octoprint.server.util.sockjs - INFO - New connection from client: 192.168.0.151
2026-05-11 12:19:18,551 - octoprint.server.util - WARNING - The global API key was just used. The global API key is deprecated and will cease to function with OctoPrint 1.13.0.
2026-05-11 12:19:18,790 - octoprint.plugins.pluginmanager - INFO - Loaded notice data from disk, was still valid
2026-05-11 12:19:18,795 - octoprint.plugins.pluginmanager - INFO - Saved a current plugin export to /home/pi/.octoprint/backup_plugin_export.json
2026-05-11 12:28:36,431 - octoprint.util.pip - INFO - Using "/home/pi/oprint/bin/python3 -m pip" as command to invoke pip
2026-05-11 12:28:36,432 - octoprint.util.pip - INFO - pip installs to /home/pi/oprint/lib/python3.13/site-packages (writable -> yes), --user flag needed -> no, virtual env -> yes
2026-05-11 12:28:36,432 - octoprint.util.pip - INFO - ==> pip ok -> yes
2026-05-11 12:28:36,438 - octoprint.plugins.softwareupdate - INFO - Minimum free storage across all update relevant locations is 922.8MB. That is considered sufficient for updating.
2026-05-11 12:28:36,464 - octoprint.plugins.ControlCenter - INFO - TouchUI Plugin Started
2026-05-11 12:28:36,466 - octoprint.plugins.ControlCenter - INFO - xinit file already contains correct ControlCenter path
2026-05-11 12:28:36,471 - octoprint.server.preemptive_cache - INFO - Preemptively caching / (ui _default) for {'base_url': 'http://192.168.0.47:5000/', 'path': '/', 'query_string': 'l10n=en'}
2026-05-11 12:28:37,034 - octoprint.plugins.tracking - INFO - Sent tracking event ping, payload: {'octoprint_uptime': 8, 'printer_state': 'OFFLINE'}
2026-05-11 12:28:37,657 - octoprint.plugins.tracking - INFO - Sent tracking event pong, payload: {'version': '1.11.7', 'os': 'linux', 'platform': 'Linux-6.12.75+rpt-rpi-v8-aarch64-with-glibc2.41', 'bits': 64, 'python': '3.13.5', 'pip': '25.1.1', 'cores': 4, 'freq': 1500.0, 'ram': 1935220736, 'pi_model': 'Raspberry Pi Compute Module 4 Rev 1.1', 'plugins': 'controlcenter:1.0.0', 'achievements': 'the_wizard'}
2026-05-11 12:28:38,265 - octoprint.plugins.tracking - INFO - Sent tracking event startup, payload: {'version': '1.11.7', 'os': 'linux', 'platform': 'Linux-6.12.75+rpt-rpi-v8-aarch64-with-glibc2.41', 'bits': 64, 'python': '3.13.5', 'pip': '25.1.1', 'cores': 4, 'freq': 1500.0, 'ram': 1935220736, 'pi_model': 'Raspberry Pi Compute Module 4 Rev 1.1'}
2026-05-11 12:28:42,441 - octoprint.server.preemptive_cache - INFO - ... done in 5.97s
2026-05-11 12:29:05,927 - octoprint.server.util - WARNING - The global API key was just used. The global API key is deprecated and will cease to function with OctoPrint 1.13.0.
2026-05-11 12:29:06,089 - octoprint.server.util - WARNING - The global API key was just used. The global API key is deprecated and will cease to function with OctoPrint 1.13.0.
2026-05-11 12:29:06,113 - octoprint.server.util - WARNING - The global API key was just used. The global API key is deprecated and will cease to function with OctoPrint 1.13.0.
2026-05-11 12:29:06,121 - tornado.access - WARNING - 400 POST /api/connection (127.0.0.1) 12.14ms
2026-05-11 12:29:06,134 - octoprint.server.util - WARNING - The global API key was just used. The global API key is deprecated and will cease to function with OctoPrint 1.13.0.
2026-05-11 12:29:06,143 - tornado.access - WARNING - 400 POST /api/connection (127.0.0.1) 12.21ms
2026-05-11 12:29:07,870 - octoprint.server.util.sockjs - INFO - New connection from client: 127.0.0.1
2026-05-11 12:29:07,884 - octoprint.server.util - WARNING - The global API key was just used. The global API key is deprecated and will cease to function with OctoPrint 1.13.0.
2026-05-11 12:29:07,888 - octoprint.server.util.flask - INFO - Passively logging in user _api from 127.0.0.1
2026-05-11 12:29:07,888 - octoprint.access.users - INFO - Logged in user: _api
2026-05-11 12:29:07,903 - octoprint.server.util.sockjs - INFO - User _api logged in on the socket from client 127.0.0.1
2026-05-11 12:32:44,897 - octoprint.startup - INFO - ******************************************************************************
2026-05-11 12:32:44,899 - octoprint.startup - INFO - Starting OctoPrint 1.11.7
2026-05-11 12:32:44,906 - octoprint.startup - INFO - ******************************************************************************
2026-05-11 12:32:45,065 - octoprint.util.connectivity.connectivity_checker - INFO - Connectivity changed from offline to online
2026-05-11 12:32:45,074 - octoprint.util.connectivity.connectivity_checker - INFO - Connectivity state is currently: online
2026-05-11 12:32:45,074 - octoprint.util.connectivity.connectivity_checker - INFO - Connecting to 1.1.1.1:53 is working
2026-05-11 12:32:45,074 - octoprint.util.connectivity.connectivity_checker - INFO - Resolving octoprint.org is working
2026-05-11 12:32:45,086 - octoprint.plugin.core - INFO - Loading plugins from /home/pi/oprint/lib/python3.13/site-packages/octoprint/plugins, /home/pi/.octoprint/plugins and installed plugin packages...
2026-05-11 12:32:49,252 - octoprint.plugin.core - INFO - Found 24 plugin(s) providing 24 mixin implementations, 49 hook handlers
2026-05-11 12:32:49,324 - octoprint.server.heartbeat - INFO - Starting server heartbeat, 900.0s interval
2026-05-11 12:32:49,524 - octoprint.server - INFO - Intermediary server started
2026-05-11 12:32:49,532 - octoprint.filemanager.storage - INFO - Initializing the file metadata for /home/pi/.octoprint/uploads...
2026-05-11 12:32:49,534 - octoprint.filemanager.storage - INFO - ... file metadata for /home/pi/.octoprint/uploads initialized successfully.
2026-05-11 12:32:49,539 - octoprint.server - INFO - Added new permission from plugin achievements: PLUGIN_ACHIEVEMENTS_VIEW (needs: "Need(method='role', value='plugin_achievements_view')")
2026-05-11 12:32:49,539 - octoprint.server - INFO - Added new permission from plugin achievements: PLUGIN_ACHIEVEMENTS_RESET (needs: "Need(method='role', value='plugin_achievements_reset')")
2026-05-11 12:32:49,540 - octoprint.server - INFO - Added new permission from plugin action_command_notification: PLUGIN_ACTION_COMMAND_NOTIFICATION_SHOW (needs: "Need(method='role', value='plugin_action_command_notification_show')")
2026-05-11 12:32:49,540 - octoprint.server - INFO - Added new permission from plugin action_command_notification: PLUGIN_ACTION_COMMAND_NOTIFICATION_CLEAR (needs: "Need(method='role', value='plugin_action_command_notification_clear')")
2026-05-11 12:32:49,540 - octoprint.server - INFO - Added new permission from plugin action_command_prompt: PLUGIN_ACTION_COMMAND_PROMPT_INTERACT (needs: "Need(method='role', value='plugin_action_command_prompt_interact')")
2026-05-11 12:32:49,541 - octoprint.server - INFO - Added new permission from plugin announcements: PLUGIN_ANNOUNCEMENTS_READ (needs: "Need(method='role', value='plugin_announcements_read')")
2026-05-11 12:32:49,541 - octoprint.server - INFO - Added new permission from plugin announcements: PLUGIN_ANNOUNCEMENTS_MANAGE (needs: "Need(method='role', value='plugin_announcements_manage'), Need(method='role', value='plugin_announcements_read')")
2026-05-11 12:32:49,543 - octoprint.server - INFO - Added new permission from plugin appkeys: PLUGIN_APPKEYS_ADMIN (needs: "Need(method='role', value='plugin_appkeys_admin')")
2026-05-11 12:32:49,546 - octoprint.server - INFO - Added new permission from plugin appkeys: PLUGIN_APPKEYS_GRANT (needs: "Need(method='role', value='plugin_appkeys_user')")
2026-05-11 12:32:49,547 - octoprint.server - INFO - Added new permission from plugin backup: PLUGIN_BACKUP_CREATE (needs: "Need(method='role', value='plugin_backup_create')")
2026-05-11 12:32:49,547 - octoprint.server - INFO - Added new permission from plugin file_check: PLUGIN_FILE_CHECK_RUN (needs: "Need(method='role', value='plugin_file_check_run')")
2026-05-11 12:32:49,548 - octoprint.server - INFO - Added new permission from plugin firmware_check: PLUGIN_FIRMWARE_CHECK_DISPLAY (needs: "Need(method='role', value='plugin_firmware_check_display')")
2026-05-11 12:32:49,551 - octoprint.server - INFO - Added new permission from plugin health_check: PLUGIN_HEALTH_CHECK_CHECK (needs: "Need(method='role', value='plugin_health_check_check')")
2026-05-11 12:32:49,552 - octoprint.server - INFO - Added new permission from plugin logging: PLUGIN_LOGGING_MANAGE (needs: "Need(method='role', value='plugin_logging_manage')")
2026-05-11 12:32:49,554 - octoprint.server - INFO - Added new permission from plugin pi_support: PLUGIN_PI_SUPPORT_STATUS (needs: "Need(method='role', value='plugin_pi_support_check')")
2026-05-11 12:32:49,555 - octoprint.server - INFO - Added new permission from plugin pluginmanager: PLUGIN_PLUGINMANAGER_LIST (needs: "Need(method='role', value='plugin_pluginmanager_list')")
2026-05-11 12:32:49,556 - octoprint.server - INFO - Added new permission from plugin pluginmanager: PLUGIN_PLUGINMANAGER_MANAGE (needs: "Need(method='role', value='plugin_pluginmanager_manage')")
2026-05-11 12:32:49,557 - octoprint.server - INFO - Added new permission from plugin pluginmanager: PLUGIN_PLUGINMANAGER_INSTALL (needs: "Need(method='role', value='plugin_pluginmanager_manage'), Need(method='role', value='plugin_pluginmanager_install')")
2026-05-11 12:32:49,558 - octoprint.server - INFO - Added new permission from plugin softwareupdate: PLUGIN_SOFTWAREUPDATE_CHECK (needs: "Need(method='role', value='plugin_softwareupdate_check')")
2026-05-11 12:32:49,558 - octoprint.server - INFO - Added new permission from plugin softwareupdate: PLUGIN_SOFTWAREUPDATE_UPDATE (needs: "Need(method='role', value='plugin_softwareupdate_update')")
2026-05-11 12:32:49,558 - octoprint.server - INFO - Added new permission from plugin softwareupdate: PLUGIN_SOFTWAREUPDATE_CONFIGURE (needs: "Need(method='role', value='plugin_softwareupdate_configure')")
2026-05-11 12:32:49,586 - octoprint.plugins.achievements - INFO - Loading data from /home/pi/.octoprint/data/achievements/data.json
2026-05-11 12:32:49,590 - octoprint.plugins.achievements - INFO - Loading data for 2026 from /home/pi/.octoprint/data/achievements/2026.json
2026-05-11 12:32:49,645 - octoprint.plugins.softwareupdate - INFO - Loaded version cache from disk
2026-05-11 12:32:51,019 - octoprint.util.pip - INFO - Using "/home/pi/oprint/bin/python3 -m pip" as command to invoke pip
2026-05-11 12:32:51,582 - octoprint.plugins.healthcheck.python_eol - INFO - Fetched Python EOL data from https://get.octoprint.org/python-eol
2026-05-11 12:32:51,866 - octoprint.util.pip - INFO - Version of pip is 25.1.1
2026-05-11 12:32:52,239 - octoprint.util.pip - INFO - pip installs to /home/pi/oprint/lib/python3.13/site-packages (writable -> yes), --user flag needed -> no, virtual env -> yes
2026-05-11 12:32:52,239 - octoprint.util.pip - INFO - ==> pip ok -> yes
2026-05-11 12:32:52,264 - octoprint.plugins.file_check - INFO - Native grep available: True
2026-05-11 12:32:52,267 - octoprint.plugin.core - INFO - Initialized 24 plugin implementation(s)
2026-05-11 12:32:52,285 - octoprint - INFO - Installing webcam compat overlay for configured default webcam <octoprint.webcams.ProvidedWebcam object at 0x7f806e8c20>
2026-05-11 12:32:52,286 - octoprint.plugin.core - INFO - 24 plugin(s) registered with the system (23 bundled & 1 third party):
| Bundled Plugins (23)
|   Achievements Plugin (bundled) = /home/pi/oprint/lib/python3.13/site-packages/octoprint/plugins/achievements
|   Action Command Notification Support (bundled) = /home/pi/oprint/lib/python3.13/site-packages/octoprint/plugins/action_command_notification
|   Action Command Prompt Support (bundled) = /home/pi/oprint/lib/python3.13/site-packages/octoprint/plugins/action_command_prompt
|   Announcement Plugin (bundled) = /home/pi/oprint/lib/python3.13/site-packages/octoprint/plugins/announcements
|   Anonymous Usage Tracking (bundled) = /home/pi/oprint/lib/python3.13/site-packages/octoprint/plugins/tracking
|   Application Keys Plugin (bundled) = /home/pi/oprint/lib/python3.13/site-packages/octoprint/plugins/appkeys
|   Backup & Restore (bundled) = /home/pi/oprint/lib/python3.13/site-packages/octoprint/plugins/backup
|   Classic Webcam (bundled) = /home/pi/oprint/lib/python3.13/site-packages/octoprint/plugins/classicwebcam
|   Core Wizard (bundled) = /home/pi/oprint/lib/python3.13/site-packages/octoprint/plugins/corewizard
|   Custom Control Manager (bundled) = /home/pi/oprint/lib/python3.13/site-packages/octoprint/plugins/customcontrolmanager
|   Discovery (bundled) = /home/pi/oprint/lib/python3.13/site-packages/octoprint/plugins/discovery
|   Error Tracking (bundled) = /home/pi/oprint/lib/python3.13/site-packages/octoprint/plugins/errortracking
|   Event Manager (bundled) = /home/pi/oprint/lib/python3.13/site-packages/octoprint/plugins/eventmanager
|   File Check (2025.7.23) (bundled) = /home/pi/oprint/lib/python3.13/site-packages/octoprint_file_check
|   Firmware Check (2025.7.23) (bundled) = /home/pi/oprint/lib/python3.13/site-packages/octoprint_firmware_check
|   GCode Viewer (bundled) = /home/pi/oprint/lib/python3.13/site-packages/octoprint/plugins/gcodeviewer
|   Healthcheck Plugin (bundled) = /home/pi/oprint/lib/python3.13/site-packages/octoprint/plugins/health_check
|   Logging (bundled) = /home/pi/oprint/lib/python3.13/site-packages/octoprint/plugins/logging
|   Pi Support Plugin (2025.7.23) (bundled) = /home/pi/oprint/lib/python3.13/site-packages/octoprint_pi_support
|   Plugin Manager (bundled) = /home/pi/oprint/lib/python3.13/site-packages/octoprint/plugins/pluginmanager
|   Software Update (bundled) = /home/pi/oprint/lib/python3.13/site-packages/octoprint/plugins/softwareupdate
|   Upload Manager (bundled) = /home/pi/oprint/lib/python3.13/site-packages/octoprint/plugins/uploadmanager
|   Virtual Printer (bundled) = /home/pi/oprint/lib/python3.13/site-packages/octoprint/plugins/virtual_printer
| Third Party Plugins (1)
|   ControlCenter (1.0.0) = /home/pi/oprint/lib/python3.13/site-packages/octoprint_ControlCenter
Prefix legend: ! = disabled, # = blacklisted, * = incompatible
2026-05-11 12:32:52,311 - octoprint.environment - INFO - Detected environment is Python 3.13.5 under Linux (Linux-6.12.75+rpt-rpi-v8-aarch64-with-glibc2.41). Details:
|  hardware:
|    cores: 4
|    freq: 1500.0
|    ram: 1935220736
|  os:
|    bits: 64
|    id: linux
|    platform: Linux-6.12.75+rpt-rpi-v8-aarch64-with-glibc2.41
|  plugins:
|    pi_support:
|      model: Raspberry Pi Compute Module 4 Rev 1.1
|      throttle_check_enabled: true
|      throttle_check_functional: true
|      throttle_state: '0x0'
|  python:
|    pip: 25.1.1
|    version: 3.13.5
|    virtualenv: /home/pi/oprint
2026-05-11 12:32:52,325 - octoprint.server - INFO - Reset webasset folder /home/pi/.octoprint/generated/webassets...
2026-05-11 12:32:52,325 - octoprint.server - INFO - Reset webasset folder /home/pi/.octoprint/generated/.webassets-cache...
2026-05-11 12:32:52,326 - octoprint.server - INFO - Reset webasset folder /home/pi/.octoprint/generated/.webassets-manifest.json...
2026-05-11 12:32:52,467 - octoprint.timelapse - INFO - Enabled rendering queue processing
2026-05-11 12:32:52,838 - octoprint.server - INFO - Shutting down intermediary server...
2026-05-11 12:32:53,028 - octoprint.server - INFO - Intermediary server shut down
2026-05-11 12:32:53,031 - octoprint.events - INFO - Processing startup event, this is our first event
2026-05-11 12:32:53,031 - octoprint.events - INFO - Adding 3 events to queue that were held back before startup event
2026-05-11 12:32:53,041 - octoprint.filemanager - INFO - Adding backlog items from all storage types to analysis queue...
2026-05-11 12:32:53,053 - octoprint.server - INFO - Autoconnect on startup is configured, trying to connect to the printer...
2026-05-11 12:32:53,059 - octoprint.plugins.softwareupdate - INFO - Fetching check overlays from https://plugins.octoprint.org/update_check_overlay.json
2026-05-11 12:32:53,076 - octoprint.filemanager - INFO - Added 0 items from storage type "local" to analysis queue
2026-05-11 12:32:53,098 - octoprint.plugins.pluginmanager - INFO - Loaded plugin repository data from disk, was still valid
2026-05-11 12:32:53,306 - octoprint.server - INFO - Could not find configured serial port {} in the system, cannot automatically connect to a non existing printer. Is it plugged in and booted up yet?
2026-05-11 12:32:53,307 - octoprint.server - INFO - Starting autorefresh of serial port list
2026-05-11 12:32:53,313 - octoprint.server - INFO - Serial port list was updated, refreshing the port list in the frontend
2026-05-11 12:32:53,314 - octoprint.server.util.watchdog - INFO - Running initial scan on watched folder...
2026-05-11 12:32:53,358 - octoprint.server.util.watchdog - INFO - ... initial scan done.
2026-05-11 12:32:53,469 - octoprint.plugins.pluginmanager - INFO - Loaded notice data from disk, was still valid
2026-05-11 12:32:53,723 - octoprint.plugins.tracking - INFO - Sent tracking event system_unthrottled, payload: {'throttled_now': False, 'throttled_past': False, 'throttled_mask': 0, 'throttled_voltage_now': False, 'throttled_voltage_past': False, 'throttled_overheat_now': False, 'throttled_overheat_past': False}
2026-05-11 12:32:54,291 - octoprint.plugins.discovery - INFO - Registered 'OctoPrint instance on pi._http._tcp.local.' for _http._tcp.local.
2026-05-11 12:32:55,101 - octoprint.plugins.discovery - INFO - Registered 'OctoPrint instance on pi._octoprint._tcp.local.' for _octoprint._tcp.local.
2026-05-11 12:32:55,109 - octoprint.plugins.discovery - INFO - Registered OctoPrint instance on pi for SSDP
2026-05-11 12:32:55,118 - octoprint.server - INFO - Listening on http://0.0.0.0:5000 and http://[::]:5000
2026-05-11 12:32:55,151 - octoprint.plugins.pluginmanager - INFO - Loaded plugin repository data from disk, was still valid
2026-05-11 12:32:55,154 - octoprint.server.util - WARNING - The global API key was just used. The global API key is deprecated and will cease to function with OctoPrint 1.13.0.
2026-05-11 12:32:55,517 - octoprint.plugins.pluginmanager - INFO - Loaded notice data from disk, was still valid
2026-05-11 12:32:55,522 - octoprint.plugins.pluginmanager - INFO - Saved a current plugin export to /home/pi/.octoprint/backup_plugin_export.json
2026-05-11 12:43:53,349 - octoprint.util.pip - INFO - Using "/home/pi/oprint/bin/python3 -m pip" as command to invoke pip
2026-05-11 12:43:53,350 - octoprint.util.pip - INFO - pip installs to /home/pi/oprint/lib/python3.13/site-packages (writable -> yes), --user flag needed -> no, virtual env -> yes
2026-05-11 12:43:53,350 - octoprint.util.pip - INFO - ==> pip ok -> yes
2026-05-11 12:43:53,356 - octoprint.plugins.softwareupdate - INFO - Minimum free storage across all update relevant locations is 922.8MB. That is considered sufficient for updating.
2026-05-11 12:43:53,377 - octoprint.plugins.ControlCenter - INFO - TouchUI Plugin Started
2026-05-11 12:43:53,379 - octoprint.plugins.ControlCenter - INFO - xinit file already contains correct ControlCenter path
2026-05-11 12:43:53,385 - octoprint.server.preemptive_cache - INFO - Preemptively caching / (ui _default) for {'base_url': 'http://192.168.0.47:5000/', 'path': '/', 'query_string': 'l10n=en'}
2026-05-11 12:43:53,952 - octoprint.plugins.tracking - INFO - Sent tracking event ping, payload: {'octoprint_uptime': 7, 'printer_state': 'OFFLINE'}
2026-05-11 12:43:54,724 - octoprint.plugins.tracking - INFO - Sent tracking event pong, payload: {'version': '1.11.7', 'os': 'linux', 'platform': 'Linux-6.12.75+rpt-rpi-v8-aarch64-with-glibc2.41', 'bits': 64, 'python': '3.13.5', 'pip': '25.1.1', 'cores': 4, 'freq': 1500.0, 'ram': 1935220736, 'pi_model': 'Raspberry Pi Compute Module 4 Rev 1.1', 'plugins': 'controlcenter:1.0.0', 'achievements': 'the_wizard'}
2026-05-11 12:43:56,439 - octoprint.plugins.tracking - INFO - Sent tracking event startup, payload: {'version': '1.11.7', 'os': 'linux', 'platform': 'Linux-6.12.75+rpt-rpi-v8-aarch64-with-glibc2.41', 'bits': 64, 'python': '3.13.5', 'pip': '25.1.1', 'cores': 4, 'freq': 1500.0, 'ram': 1935220736, 'pi_model': 'Raspberry Pi Compute Module 4 Rev 1.1'}
2026-05-11 12:43:59,310 - octoprint.server.preemptive_cache - INFO - ... done in 5.92s
2026-05-11 12:44:22,748 - octoprint.server.util - WARNING - The global API key was just used. The global API key is deprecated and will cease to function with OctoPrint 1.13.0.
2026-05-11 12:44:22,919 - octoprint.server.util - WARNING - The global API key was just used. The global API key is deprecated and will cease to function with OctoPrint 1.13.0.
2026-05-11 12:44:22,944 - octoprint.server.util - WARNING - The global API key was just used. The global API key is deprecated and will cease to function with OctoPrint 1.13.0.
2026-05-11 12:44:22,953 - tornado.access - WARNING - 400 POST /api/connection (127.0.0.1) 12.46ms
2026-05-11 12:44:22,963 - octoprint.server.util - WARNING - The global API key was just used. The global API key is deprecated and will cease to function with OctoPrint 1.13.0.
2026-05-11 12:44:22,972 - tornado.access - WARNING - 400 POST /api/connection (127.0.0.1) 13.68ms
2026-05-11 12:44:24,725 - octoprint.server.util.sockjs - INFO - New connection from client: 127.0.0.1
2026-05-11 12:44:24,739 - octoprint.server.util - WARNING - The global API key was just used. The global API key is deprecated and will cease to function with OctoPrint 1.13.0.
2026-05-11 12:44:24,743 - octoprint.server.util.flask - INFO - Passively logging in user _api from 127.0.0.1
2026-05-11 12:44:24,745 - octoprint.access.users - INFO - Logged in user: _api
2026-05-11 12:44:24,761 - octoprint.server.util.sockjs - INFO - User _api logged in on the socket from client 127.0.0.1
2026-05-11 12:44:49,280 - octoprint.startup - INFO - ******************************************************************************
2026-05-11 12:44:49,282 - octoprint.startup - INFO - Starting OctoPrint 1.11.7
2026-05-11 12:44:49,286 - octoprint.startup - INFO - ******************************************************************************
2026-05-11 12:44:49,448 - octoprint.util.connectivity.connectivity_checker - INFO - Connectivity changed from offline to online
2026-05-11 12:44:49,462 - octoprint.util.connectivity.connectivity_checker - INFO - Connectivity state is currently: online
2026-05-11 12:44:49,462 - octoprint.util.connectivity.connectivity_checker - INFO - Connecting to 1.1.1.1:53 is working
2026-05-11 12:44:49,462 - octoprint.util.connectivity.connectivity_checker - INFO - Resolving octoprint.org is working
2026-05-11 12:44:49,475 - octoprint.plugin.core - INFO - Loading plugins from /home/pi/oprint/lib/python3.13/site-packages/octoprint/plugins, /home/pi/.octoprint/plugins and installed plugin packages...
2026-05-11 12:44:53,567 - octoprint.plugin.core - INFO - Found 24 plugin(s) providing 24 mixin implementations, 49 hook handlers
2026-05-11 12:44:53,635 - octoprint.server.heartbeat - INFO - Starting server heartbeat, 900.0s interval
2026-05-11 12:44:53,830 - octoprint.server - INFO - Intermediary server started
2026-05-11 12:44:53,840 - octoprint.filemanager.storage - INFO - Initializing the file metadata for /home/pi/.octoprint/uploads...
2026-05-11 12:44:53,842 - octoprint.filemanager.storage - INFO - ... file metadata for /home/pi/.octoprint/uploads initialized successfully.
2026-05-11 12:44:53,847 - octoprint.server - INFO - Added new permission from plugin achievements: PLUGIN_ACHIEVEMENTS_VIEW (needs: "Need(method='role', value='plugin_achievements_view')")
2026-05-11 12:44:53,847 - octoprint.server - INFO - Added new permission from plugin achievements: PLUGIN_ACHIEVEMENTS_RESET (needs: "Need(method='role', value='plugin_achievements_reset')")
2026-05-11 12:44:53,847 - octoprint.server - INFO - Added new permission from plugin action_command_notification: PLUGIN_ACTION_COMMAND_NOTIFICATION_SHOW (needs: "Need(method='role', value='plugin_action_command_notification_show')")
2026-05-11 12:44:53,848 - octoprint.server - INFO - Added new permission from plugin action_command_notification: PLUGIN_ACTION_COMMAND_NOTIFICATION_CLEAR (needs: "Need(method='role', value='plugin_action_command_notification_clear')")
2026-05-11 12:44:53,848 - octoprint.server - INFO - Added new permission from plugin action_command_prompt: PLUGIN_ACTION_COMMAND_PROMPT_INTERACT (needs: "Need(method='role', value='plugin_action_command_prompt_interact')")
2026-05-11 12:44:53,849 - octoprint.server - INFO - Added new permission from plugin announcements: PLUGIN_ANNOUNCEMENTS_READ (needs: "Need(method='role', value='plugin_announcements_read')")
2026-05-11 12:44:53,849 - octoprint.server - INFO - Added new permission from plugin announcements: PLUGIN_ANNOUNCEMENTS_MANAGE (needs: "Need(method='role', value='plugin_announcements_read'), Need(method='role', value='plugin_announcements_manage')")
2026-05-11 12:44:53,850 - octoprint.server - INFO - Added new permission from plugin appkeys: PLUGIN_APPKEYS_ADMIN (needs: "Need(method='role', value='plugin_appkeys_admin')")
2026-05-11 12:44:53,850 - octoprint.server - INFO - Added new permission from plugin appkeys: PLUGIN_APPKEYS_GRANT (needs: "Need(method='role', value='plugin_appkeys_user')")
2026-05-11 12:44:53,850 - octoprint.server - INFO - Added new permission from plugin backup: PLUGIN_BACKUP_CREATE (needs: "Need(method='role', value='plugin_backup_create')")
2026-05-11 12:44:53,851 - octoprint.server - INFO - Added new permission from plugin file_check: PLUGIN_FILE_CHECK_RUN (needs: "Need(method='role', value='plugin_file_check_run')")
2026-05-11 12:44:53,851 - octoprint.server - INFO - Added new permission from plugin firmware_check: PLUGIN_FIRMWARE_CHECK_DISPLAY (needs: "Need(method='role', value='plugin_firmware_check_display')")
2026-05-11 12:44:53,852 - octoprint.server - INFO - Added new permission from plugin health_check: PLUGIN_HEALTH_CHECK_CHECK (needs: "Need(method='role', value='plugin_health_check_check')")
2026-05-11 12:44:53,858 - octoprint.server - INFO - Added new permission from plugin logging: PLUGIN_LOGGING_MANAGE (needs: "Need(method='role', value='plugin_logging_manage')")
2026-05-11 12:44:53,859 - octoprint.server - INFO - Added new permission from plugin pi_support: PLUGIN_PI_SUPPORT_STATUS (needs: "Need(method='role', value='plugin_pi_support_check')")
2026-05-11 12:44:53,859 - octoprint.server - INFO - Added new permission from plugin pluginmanager: PLUGIN_PLUGINMANAGER_LIST (needs: "Need(method='role', value='plugin_pluginmanager_list')")
2026-05-11 12:44:53,859 - octoprint.server - INFO - Added new permission from plugin pluginmanager: PLUGIN_PLUGINMANAGER_MANAGE (needs: "Need(method='role', value='plugin_pluginmanager_manage')")
2026-05-11 12:44:53,860 - octoprint.server - INFO - Added new permission from plugin pluginmanager: PLUGIN_PLUGINMANAGER_INSTALL (needs: "Need(method='role', value='plugin_pluginmanager_install'), Need(method='role', value='plugin_pluginmanager_manage')")
2026-05-11 12:44:53,860 - octoprint.server - INFO - Added new permission from plugin softwareupdate: PLUGIN_SOFTWAREUPDATE_CHECK (needs: "Need(method='role', value='plugin_softwareupdate_check')")
2026-05-11 12:44:53,861 - octoprint.server - INFO - Added new permission from plugin softwareupdate: PLUGIN_SOFTWAREUPDATE_UPDATE (needs: "Need(method='role', value='plugin_softwareupdate_update')")
2026-05-11 12:44:53,861 - octoprint.server - INFO - Added new permission from plugin softwareupdate: PLUGIN_SOFTWAREUPDATE_CONFIGURE (needs: "Need(method='role', value='plugin_softwareupdate_configure')")
2026-05-11 12:44:53,893 - octoprint.plugins.achievements - INFO - Loading data from /home/pi/.octoprint/data/achievements/data.json
2026-05-11 12:44:53,904 - octoprint.plugins.achievements - INFO - Loading data for 2026 from /home/pi/.octoprint/data/achievements/2026.json
2026-05-11 12:44:53,957 - octoprint.plugins.softwareupdate - INFO - Loaded version cache from disk
2026-05-11 12:44:55,250 - octoprint.util.pip - INFO - Using "/home/pi/oprint/bin/python3 -m pip" as command to invoke pip
2026-05-11 12:44:55,794 - octoprint.plugins.healthcheck.python_eol - INFO - Fetched Python EOL data from https://get.octoprint.org/python-eol
2026-05-11 12:44:56,106 - octoprint.util.pip - INFO - Version of pip is 25.1.1
2026-05-11 12:44:56,523 - octoprint.util.pip - INFO - pip installs to /home/pi/oprint/lib/python3.13/site-packages (writable -> yes), --user flag needed -> no, virtual env -> yes
2026-05-11 12:44:56,523 - octoprint.util.pip - INFO - ==> pip ok -> yes
2026-05-11 12:44:56,548 - octoprint.plugins.file_check - INFO - Native grep available: True
2026-05-11 12:44:56,551 - octoprint.plugin.core - INFO - Initialized 24 plugin implementation(s)
2026-05-11 12:44:56,571 - octoprint - INFO - Installing webcam compat overlay for configured default webcam <octoprint.webcams.ProvidedWebcam object at 0x7f8d6c0c20>
2026-05-11 12:44:56,572 - octoprint.plugin.core - INFO - 24 plugin(s) registered with the system (23 bundled & 1 third party):
| Bundled Plugins (23)
|   Achievements Plugin (bundled) = /home/pi/oprint/lib/python3.13/site-packages/octoprint/plugins/achievements
|   Action Command Notification Support (bundled) = /home/pi/oprint/lib/python3.13/site-packages/octoprint/plugins/action_command_notification
|   Action Command Prompt Support (bundled) = /home/pi/oprint/lib/python3.13/site-packages/octoprint/plugins/action_command_prompt
|   Announcement Plugin (bundled) = /home/pi/oprint/lib/python3.13/site-packages/octoprint/plugins/announcements
|   Anonymous Usage Tracking (bundled) = /home/pi/oprint/lib/python3.13/site-packages/octoprint/plugins/tracking
|   Application Keys Plugin (bundled) = /home/pi/oprint/lib/python3.13/site-packages/octoprint/plugins/appkeys
|   Backup & Restore (bundled) = /home/pi/oprint/lib/python3.13/site-packages/octoprint/plugins/backup
|   Classic Webcam (bundled) = /home/pi/oprint/lib/python3.13/site-packages/octoprint/plugins/classicwebcam
|   Core Wizard (bundled) = /home/pi/oprint/lib/python3.13/site-packages/octoprint/plugins/corewizard
|   Custom Control Manager (bundled) = /home/pi/oprint/lib/python3.13/site-packages/octoprint/plugins/customcontrolmanager
|   Discovery (bundled) = /home/pi/oprint/lib/python3.13/site-packages/octoprint/plugins/discovery
|   Error Tracking (bundled) = /home/pi/oprint/lib/python3.13/site-packages/octoprint/plugins/errortracking
|   Event Manager (bundled) = /home/pi/oprint/lib/python3.13/site-packages/octoprint/plugins/eventmanager
|   File Check (2025.7.23) (bundled) = /home/pi/oprint/lib/python3.13/site-packages/octoprint_file_check
|   Firmware Check (2025.7.23) (bundled) = /home/pi/oprint/lib/python3.13/site-packages/octoprint_firmware_check
|   GCode Viewer (bundled) = /home/pi/oprint/lib/python3.13/site-packages/octoprint/plugins/gcodeviewer
|   Healthcheck Plugin (bundled) = /home/pi/oprint/lib/python3.13/site-packages/octoprint/plugins/health_check
|   Logging (bundled) = /home/pi/oprint/lib/python3.13/site-packages/octoprint/plugins/logging
|   Pi Support Plugin (2025.7.23) (bundled) = /home/pi/oprint/lib/python3.13/site-packages/octoprint_pi_support
|   Plugin Manager (bundled) = /home/pi/oprint/lib/python3.13/site-packages/octoprint/plugins/pluginmanager
|   Software Update (bundled) = /home/pi/oprint/lib/python3.13/site-packages/octoprint/plugins/softwareupdate
|   Upload Manager (bundled) = /home/pi/oprint/lib/python3.13/site-packages/octoprint/plugins/uploadmanager
|   Virtual Printer (bundled) = /home/pi/oprint/lib/python3.13/site-packages/octoprint/plugins/virtual_printer
| Third Party Plugins (1)
|   ControlCenter (1.0.0) = /home/pi/oprint/lib/python3.13/site-packages/octoprint_ControlCenter
Prefix legend: ! = disabled, # = blacklisted, * = incompatible
2026-05-11 12:44:56,590 - octoprint.environment - INFO - Detected environment is Python 3.13.5 under Linux (Linux-6.12.75+rpt-rpi-v8-aarch64-with-glibc2.41). Details:
|  hardware:
|    cores: 4
|    freq: 1500.0
|    ram: 1935220736
|  os:
|    bits: 64
|    id: linux
|    platform: Linux-6.12.75+rpt-rpi-v8-aarch64-with-glibc2.41
|  plugins:
|    pi_support:
|      model: Raspberry Pi Compute Module 4 Rev 1.1
|      throttle_check_enabled: true
|      throttle_check_functional: true
|      throttle_state: '0x0'
|  python:
|    pip: 25.1.1
|    version: 3.13.5
|    virtualenv: /home/pi/oprint
2026-05-11 12:44:56,605 - octoprint.server - INFO - Reset webasset folder /home/pi/.octoprint/generated/webassets...
2026-05-11 12:44:56,605 - octoprint.server - INFO - Reset webasset folder /home/pi/.octoprint/generated/.webassets-cache...
2026-05-11 12:44:56,606 - octoprint.server - INFO - Reset webasset folder /home/pi/.octoprint/generated/.webassets-manifest.json...
2026-05-11 12:44:56,870 - octoprint.timelapse - INFO - Enabled rendering queue processing
2026-05-11 12:44:57,263 - octoprint.server - INFO - Shutting down intermediary server...
2026-05-11 12:44:57,343 - octoprint.server - INFO - Intermediary server shut down
2026-05-11 12:44:57,346 - octoprint.events - INFO - Processing startup event, this is our first event
2026-05-11 12:44:57,346 - octoprint.events - INFO - Adding 3 events to queue that were held back before startup event
2026-05-11 12:44:57,347 - octoprint.filemanager - INFO - Adding backlog items from all storage types to analysis queue...
2026-05-11 12:44:57,349 - octoprint.server - INFO - Autoconnect on startup is configured, trying to connect to the printer...
2026-05-11 12:44:57,350 - octoprint.filemanager - INFO - Added 0 items from storage type "local" to analysis queue
2026-05-11 12:44:57,401 - octoprint.plugins.softwareupdate - INFO - Fetching check overlays from https://plugins.octoprint.org/update_check_overlay.json
2026-05-11 12:44:57,427 - octoprint.plugins.pluginmanager - INFO - Loaded plugin repository data from disk, was still valid
2026-05-11 12:44:57,575 - octoprint.server - INFO - Could not find configured serial port {} in the system, cannot automatically connect to a non existing printer. Is it plugged in and booted up yet?
2026-05-11 12:44:57,576 - octoprint.server - INFO - Starting autorefresh of serial port list
2026-05-11 12:44:57,595 - octoprint.server.util.watchdog - INFO - Running initial scan on watched folder...
2026-05-11 12:44:57,642 - octoprint.server.util.watchdog - INFO - ... initial scan done.
2026-05-11 12:44:57,797 - octoprint.server - INFO - Serial port list was updated, refreshing the port list in the frontend
2026-05-11 12:44:57,800 - octoprint.plugins.pluginmanager - INFO - Loaded notice data from disk, was still valid
2026-05-11 12:44:58,169 - octoprint.plugins.tracking - INFO - Sent tracking event system_unthrottled, payload: {'throttled_now': False, 'throttled_past': False, 'throttled_mask': 0, 'throttled_voltage_now': False, 'throttled_voltage_past': False, 'throttled_overheat_now': False, 'throttled_overheat_past': False}
2026-05-11 12:44:58,617 - octoprint.plugins.discovery - INFO - Registered 'OctoPrint instance on pi._http._tcp.local.' for _http._tcp.local.
2026-05-11 12:44:59,428 - octoprint.plugins.discovery - INFO - Registered 'OctoPrint instance on pi._octoprint._tcp.local.' for _octoprint._tcp.local.
2026-05-11 12:44:59,433 - octoprint.plugins.discovery - INFO - Registered OctoPrint instance on pi for SSDP
2026-05-11 12:44:59,444 - octoprint.server - INFO - Listening on http://0.0.0.0:5000 and http://[::]:5000
2026-05-11 12:44:59,474 - octoprint.plugins.pluginmanager - INFO - Loaded plugin repository data from disk, was still valid
2026-05-11 12:44:59,479 - octoprint.server.util - WARNING - The global API key was just used. The global API key is deprecated and will cease to function with OctoPrint 1.13.0.
2026-05-11 12:48:06,599 - octoprint.plugins.pluginmanager - INFO - Loaded notice data from disk, was still valid
2026-05-11 12:48:06,603 - octoprint.plugins.pluginmanager - INFO - Saved a current plugin export to /home/pi/.octoprint/backup_plugin_export.json
2026-05-11 12:48:06,978 - octoprint.util.pip - INFO - Using "/home/pi/oprint/bin/python3 -m pip" as command to invoke pip
2026-05-11 12:48:06,979 - octoprint.util.pip - INFO - pip installs to /home/pi/oprint/lib/python3.13/site-packages (writable -> yes), --user flag needed -> no, virtual env -> yes
2026-05-11 12:48:06,979 - octoprint.util.pip - INFO - ==> pip ok -> yes
2026-05-11 12:48:06,984 - octoprint.plugins.softwareupdate - INFO - Minimum free storage across all update relevant locations is 922.8MB. That is considered sufficient for updating.
2026-05-11 12:48:07,004 - octoprint.plugins.ControlCenter - INFO - TouchUI Plugin Started
2026-05-11 12:48:07,011 - octoprint.plugins.ControlCenter - INFO - xinit file already contains correct ControlCenter path
2026-05-11 12:48:07,016 - octoprint.server.preemptive_cache - INFO - Preemptively caching / (ui _default) for {'base_url': 'http://192.168.0.47:5000/', 'path': '/', 'query_string': 'l10n=en'}
2026-05-11 12:48:07,579 - octoprint.plugins.tracking - INFO - Sent tracking event ping, payload: {'octoprint_uptime': 7, 'printer_state': 'OFFLINE'}
2026-05-11 12:48:08,193 - octoprint.plugins.tracking - INFO - Sent tracking event pong, payload: {'version': '1.11.7', 'os': 'linux', 'platform': 'Linux-6.12.75+rpt-rpi-v8-aarch64-with-glibc2.41', 'bits': 64, 'python': '3.13.5', 'pip': '25.1.1', 'cores': 4, 'freq': 1500.0, 'ram': 1935220736, 'pi_model': 'Raspberry Pi Compute Module 4 Rev 1.1', 'plugins': 'controlcenter:1.0.0', 'achievements': 'the_wizard'}
2026-05-11 12:48:08,816 - octoprint.plugins.tracking - INFO - Sent tracking event startup, payload: {'version': '1.11.7', 'os': 'linux', 'platform': 'Linux-6.12.75+rpt-rpi-v8-aarch64-with-glibc2.41', 'bits': 64, 'python': '3.13.5', 'pip': '25.1.1', 'cores': 4, 'freq': 1500.0, 'ram': 1935220736, 'pi_model': 'Raspberry Pi Compute Module 4 Rev 1.1'}
2026-05-11 12:48:13,120 - octoprint.server.preemptive_cache - INFO - ... done in 6.10s
2026-05-11 12:48:36,314 - octoprint.server.util - WARNING - The global API key was just used. The global API key is deprecated and will cease to function with OctoPrint 1.13.0.
2026-05-11 12:48:36,497 - octoprint.server.util - WARNING - The global API key was just used. The global API key is deprecated and will cease to function with OctoPrint 1.13.0.
2026-05-11 12:48:36,521 - octoprint.server.util - WARNING - The global API key was just used. The global API key is deprecated and will cease to function with OctoPrint 1.13.0.
2026-05-11 12:48:36,530 - tornado.access - WARNING - 400 POST /api/connection (127.0.0.1) 12.76ms
2026-05-11 12:48:36,544 - octoprint.server.util - WARNING - The global API key was just used. The global API key is deprecated and will cease to function with OctoPrint 1.13.0.
2026-05-11 12:48:36,552 - tornado.access - WARNING - 400 POST /api/connection (127.0.0.1) 12.48ms
2026-05-11 12:48:38,269 - octoprint.server.util.sockjs - INFO - New connection from client: 127.0.0.1
2026-05-11 12:48:38,283 - octoprint.server.util - WARNING - The global API key was just used. The global API key is deprecated and will cease to function with OctoPrint 1.13.0.
2026-05-11 12:48:38,287 - octoprint.server.util.flask - INFO - Passively logging in user _api from 127.0.0.1
2026-05-11 12:48:38,287 - octoprint.access.users - INFO - Logged in user: _api
2026-05-11 12:48:38,301 - octoprint.server.util.sockjs - INFO - User _api logged in on the socket from client 127.0.0.1
2026-05-11 12:57:24,450 - octoprint.startup - INFO - ******************************************************************************
2026-05-11 12:57:24,454 - octoprint.startup - INFO - Starting OctoPrint 1.11.7
2026-05-11 12:57:24,454 - octoprint.startup - INFO - ******************************************************************************
2026-05-11 12:57:24,594 - octoprint.util.connectivity.connectivity_checker - INFO - Connectivity changed from offline to online
2026-05-11 12:57:24,604 - octoprint.util.connectivity.connectivity_checker - INFO - Connectivity state is currently: online
2026-05-11 12:57:24,604 - octoprint.util.connectivity.connectivity_checker - INFO - Connecting to 1.1.1.1:53 is working
2026-05-11 12:57:24,604 - octoprint.util.connectivity.connectivity_checker - INFO - Resolving octoprint.org is working
2026-05-11 12:57:24,611 - octoprint.plugin.core - INFO - Loading plugins from /home/pi/oprint/lib/python3.13/site-packages/octoprint/plugins, /home/pi/.octoprint/plugins and installed plugin packages...
2026-05-11 12:57:28,706 - octoprint.plugin.core - INFO - Found 24 plugin(s) providing 24 mixin implementations, 49 hook handlers
2026-05-11 12:57:28,773 - octoprint.server.heartbeat - INFO - Starting server heartbeat, 900.0s interval
2026-05-11 12:57:28,992 - octoprint.server - INFO - Intermediary server started
2026-05-11 12:57:29,001 - octoprint.filemanager.storage - INFO - Initializing the file metadata for /home/pi/.octoprint/uploads...
2026-05-11 12:57:29,003 - octoprint.filemanager.storage - INFO - ... file metadata for /home/pi/.octoprint/uploads initialized successfully.
2026-05-11 12:57:29,008 - octoprint.server - INFO - Added new permission from plugin achievements: PLUGIN_ACHIEVEMENTS_VIEW (needs: "Need(method='role', value='plugin_achievements_view')")
2026-05-11 12:57:29,008 - octoprint.server - INFO - Added new permission from plugin achievements: PLUGIN_ACHIEVEMENTS_RESET (needs: "Need(method='role', value='plugin_achievements_reset')")
2026-05-11 12:57:29,009 - octoprint.server - INFO - Added new permission from plugin action_command_notification: PLUGIN_ACTION_COMMAND_NOTIFICATION_SHOW (needs: "Need(method='role', value='plugin_action_command_notification_show')")
2026-05-11 12:57:29,009 - octoprint.server - INFO - Added new permission from plugin action_command_notification: PLUGIN_ACTION_COMMAND_NOTIFICATION_CLEAR (needs: "Need(method='role', value='plugin_action_command_notification_clear')")
2026-05-11 12:57:29,009 - octoprint.server - INFO - Added new permission from plugin action_command_prompt: PLUGIN_ACTION_COMMAND_PROMPT_INTERACT (needs: "Need(method='role', value='plugin_action_command_prompt_interact')")
2026-05-11 12:57:29,009 - octoprint.server - INFO - Added new permission from plugin announcements: PLUGIN_ANNOUNCEMENTS_READ (needs: "Need(method='role', value='plugin_announcements_read')")
2026-05-11 12:57:29,010 - octoprint.server - INFO - Added new permission from plugin announcements: PLUGIN_ANNOUNCEMENTS_MANAGE (needs: "Need(method='role', value='plugin_announcements_read'), Need(method='role', value='plugin_announcements_manage')")
2026-05-11 12:57:29,010 - octoprint.server - INFO - Added new permission from plugin appkeys: PLUGIN_APPKEYS_ADMIN (needs: "Need(method='role', value='plugin_appkeys_admin')")
2026-05-11 12:57:29,010 - octoprint.server - INFO - Added new permission from plugin appkeys: PLUGIN_APPKEYS_GRANT (needs: "Need(method='role', value='plugin_appkeys_user')")
2026-05-11 12:57:29,010 - octoprint.server - INFO - Added new permission from plugin backup: PLUGIN_BACKUP_CREATE (needs: "Need(method='role', value='plugin_backup_create')")
2026-05-11 12:57:29,010 - octoprint.server - INFO - Added new permission from plugin file_check: PLUGIN_FILE_CHECK_RUN (needs: "Need(method='role', value='plugin_file_check_run')")
2026-05-11 12:57:29,011 - octoprint.server - INFO - Added new permission from plugin firmware_check: PLUGIN_FIRMWARE_CHECK_DISPLAY (needs: "Need(method='role', value='plugin_firmware_check_display')")
2026-05-11 12:57:29,011 - octoprint.server - INFO - Added new permission from plugin health_check: PLUGIN_HEALTH_CHECK_CHECK (needs: "Need(method='role', value='plugin_health_check_check')")
2026-05-11 12:57:29,011 - octoprint.server - INFO - Added new permission from plugin logging: PLUGIN_LOGGING_MANAGE (needs: "Need(method='role', value='plugin_logging_manage')")
2026-05-11 12:57:29,011 - octoprint.server - INFO - Added new permission from plugin pi_support: PLUGIN_PI_SUPPORT_STATUS (needs: "Need(method='role', value='plugin_pi_support_check')")
2026-05-11 12:57:29,011 - octoprint.server - INFO - Added new permission from plugin pluginmanager: PLUGIN_PLUGINMANAGER_LIST (needs: "Need(method='role', value='plugin_pluginmanager_list')")
2026-05-11 12:57:29,012 - octoprint.server - INFO - Added new permission from plugin pluginmanager: PLUGIN_PLUGINMANAGER_MANAGE (needs: "Need(method='role', value='plugin_pluginmanager_manage')")
2026-05-11 12:57:29,012 - octoprint.server - INFO - Added new permission from plugin pluginmanager: PLUGIN_PLUGINMANAGER_INSTALL (needs: "Need(method='role', value='plugin_pluginmanager_install'), Need(method='role', value='plugin_pluginmanager_manage')")
2026-05-11 12:57:29,012 - octoprint.server - INFO - Added new permission from plugin softwareupdate: PLUGIN_SOFTWAREUPDATE_CHECK (needs: "Need(method='role', value='plugin_softwareupdate_check')")
2026-05-11 12:57:29,012 - octoprint.server - INFO - Added new permission from plugin softwareupdate: PLUGIN_SOFTWAREUPDATE_UPDATE (needs: "Need(method='role', value='plugin_softwareupdate_update')")
2026-05-11 12:57:29,013 - octoprint.server - INFO - Added new permission from plugin softwareupdate: PLUGIN_SOFTWAREUPDATE_CONFIGURE (needs: "Need(method='role', value='plugin_softwareupdate_configure')")
2026-05-11 12:57:29,053 - octoprint.plugins.achievements - INFO - Loading data from /home/pi/.octoprint/data/achievements/data.json
2026-05-11 12:57:29,056 - octoprint.plugins.achievements - INFO - Loading data for 2026 from /home/pi/.octoprint/data/achievements/2026.json
2026-05-11 12:57:29,136 - octoprint.plugins.softwareupdate - INFO - Loaded version cache from disk
2026-05-11 12:57:30,465 - octoprint.util.pip - INFO - Using "/home/pi/oprint/bin/python3 -m pip" as command to invoke pip
2026-05-11 12:57:30,869 - octoprint.plugins.healthcheck.python_eol - INFO - Fetched Python EOL data from https://get.octoprint.org/python-eol
2026-05-11 12:57:31,332 - octoprint.util.pip - INFO - Version of pip is 25.1.1
2026-05-11 12:57:31,718 - octoprint.util.pip - INFO - pip installs to /home/pi/oprint/lib/python3.13/site-packages (writable -> yes), --user flag needed -> no, virtual env -> yes
2026-05-11 12:57:31,718 - octoprint.util.pip - INFO - ==> pip ok -> yes
2026-05-11 12:57:31,742 - octoprint.plugins.file_check - INFO - Native grep available: True
2026-05-11 12:57:31,744 - octoprint.plugin.core - INFO - Initialized 24 plugin implementation(s)
2026-05-11 12:57:31,762 - octoprint - INFO - Installing webcam compat overlay for configured default webcam <octoprint.webcams.ProvidedWebcam object at 0x7fa81f4c20>
2026-05-11 12:57:31,763 - octoprint.plugin.core - INFO - 24 plugin(s) registered with the system (23 bundled & 1 third party):
| Bundled Plugins (23)
|   Achievements Plugin (bundled) = /home/pi/oprint/lib/python3.13/site-packages/octoprint/plugins/achievements
|   Action Command Notification Support (bundled) = /home/pi/oprint/lib/python3.13/site-packages/octoprint/plugins/action_command_notification
|   Action Command Prompt Support (bundled) = /home/pi/oprint/lib/python3.13/site-packages/octoprint/plugins/action_command_prompt
|   Announcement Plugin (bundled) = /home/pi/oprint/lib/python3.13/site-packages/octoprint/plugins/announcements
|   Anonymous Usage Tracking (bundled) = /home/pi/oprint/lib/python3.13/site-packages/octoprint/plugins/tracking
|   Application Keys Plugin (bundled) = /home/pi/oprint/lib/python3.13/site-packages/octoprint/plugins/appkeys
|   Backup & Restore (bundled) = /home/pi/oprint/lib/python3.13/site-packages/octoprint/plugins/backup
|   Classic Webcam (bundled) = /home/pi/oprint/lib/python3.13/site-packages/octoprint/plugins/classicwebcam
|   Core Wizard (bundled) = /home/pi/oprint/lib/python3.13/site-packages/octoprint/plugins/corewizard
|   Custom Control Manager (bundled) = /home/pi/oprint/lib/python3.13/site-packages/octoprint/plugins/customcontrolmanager
|   Discovery (bundled) = /home/pi/oprint/lib/python3.13/site-packages/octoprint/plugins/discovery
|   Error Tracking (bundled) = /home/pi/oprint/lib/python3.13/site-packages/octoprint/plugins/errortracking
|   Event Manager (bundled) = /home/pi/oprint/lib/python3.13/site-packages/octoprint/plugins/eventmanager
|   File Check (2025.7.23) (bundled) = /home/pi/oprint/lib/python3.13/site-packages/octoprint_file_check
|   Firmware Check (2025.7.23) (bundled) = /home/pi/oprint/lib/python3.13/site-packages/octoprint_firmware_check
|   GCode Viewer (bundled) = /home/pi/oprint/lib/python3.13/site-packages/octoprint/plugins/gcodeviewer
|   Healthcheck Plugin (bundled) = /home/pi/oprint/lib/python3.13/site-packages/octoprint/plugins/health_check
|   Logging (bundled) = /home/pi/oprint/lib/python3.13/site-packages/octoprint/plugins/logging
|   Pi Support Plugin (2025.7.23) (bundled) = /home/pi/oprint/lib/python3.13/site-packages/octoprint_pi_support
|   Plugin Manager (bundled) = /home/pi/oprint/lib/python3.13/site-packages/octoprint/plugins/pluginmanager
|   Software Update (bundled) = /home/pi/oprint/lib/python3.13/site-packages/octoprint/plugins/softwareupdate
|   Upload Manager (bundled) = /home/pi/oprint/lib/python3.13/site-packages/octoprint/plugins/uploadmanager
|   Virtual Printer (bundled) = /home/pi/oprint/lib/python3.13/site-packages/octoprint/plugins/virtual_printer
| Third Party Plugins (1)
|   ControlCenter (1.0.0) = /home/pi/oprint/lib/python3.13/site-packages/octoprint_ControlCenter
Prefix legend: ! = disabled, # = blacklisted, * = incompatible
2026-05-11 12:57:31,786 - octoprint.environment - INFO - Detected environment is Python 3.13.5 under Linux (Linux-6.12.75+rpt-rpi-v8-aarch64-with-glibc2.41). Details:
|  hardware:
|    cores: 4
|    freq: 1500.0
|    ram: 1935220736
|  os:
|    bits: 64
|    id: linux
|    platform: Linux-6.12.75+rpt-rpi-v8-aarch64-with-glibc2.41
|  plugins:
|    pi_support:
|      model: Raspberry Pi Compute Module 4 Rev 1.1
|      throttle_check_enabled: true
|      throttle_check_functional: true
|      throttle_state: '0x0'
|  python:
|    pip: 25.1.1
|    version: 3.13.5
|    virtualenv: /home/pi/oprint
2026-05-11 12:57:31,801 - octoprint.server - INFO - Reset webasset folder /home/pi/.octoprint/generated/webassets...
2026-05-11 12:57:31,801 - octoprint.server - INFO - Reset webasset folder /home/pi/.octoprint/generated/.webassets-cache...
2026-05-11 12:57:31,802 - octoprint.server - INFO - Reset webasset folder /home/pi/.octoprint/generated/.webassets-manifest.json...
2026-05-11 12:57:32,052 - octoprint.timelapse - INFO - Enabled rendering queue processing
2026-05-11 12:57:32,467 - octoprint.server - INFO - Shutting down intermediary server...
2026-05-11 12:57:32,509 - octoprint.server - INFO - Intermediary server shut down
2026-05-11 12:57:32,513 - octoprint.events - INFO - Processing startup event, this is our first event
2026-05-11 12:57:32,513 - octoprint.events - INFO - Adding 3 events to queue that were held back before startup event
2026-05-11 12:57:32,524 - octoprint.filemanager - INFO - Adding backlog items from all storage types to analysis queue...
2026-05-11 12:57:32,561 - octoprint.plugins.softwareupdate - INFO - Fetching check overlays from https://plugins.octoprint.org/update_check_overlay.json
2026-05-11 12:57:32,561 - octoprint.filemanager - INFO - Added 0 items from storage type "local" to analysis queue
2026-05-11 12:57:32,531 - octoprint.server - INFO - Autoconnect on startup is configured, trying to connect to the printer...
2026-05-11 12:57:32,595 - octoprint.plugins.pluginmanager - INFO - Loaded plugin repository data from disk, was still valid
2026-05-11 12:57:32,605 - octoprint.server - INFO - Could not find configured serial port {} in the system, cannot automatically connect to a non existing printer. Is it plugged in and booted up yet?
2026-05-11 12:57:32,625 - octoprint.server - INFO - Starting autorefresh of serial port list
2026-05-11 12:57:32,670 - octoprint.server.util.watchdog - INFO - Running initial scan on watched folder...
2026-05-11 12:57:32,694 - octoprint.server.util.watchdog - INFO - ... initial scan done.
2026-05-11 12:57:32,812 - octoprint.server - INFO - Serial port list was updated, refreshing the port list in the frontend
2026-05-11 12:57:32,964 - octoprint.plugins.pluginmanager - INFO - Loaded notice data from disk, was still valid
2026-05-11 12:57:33,663 - octoprint.plugins.discovery - INFO - Registered 'OctoPrint instance on pi._http._tcp.local.' for _http._tcp.local.
2026-05-11 12:57:34,123 - octoprint.plugins.tracking - INFO - Sent tracking event system_unthrottled, payload: {'throttled_now': False, 'throttled_past': False, 'throttled_mask': 0, 'throttled_voltage_now': False, 'throttled_voltage_past': False, 'throttled_overheat_now': False, 'throttled_overheat_past': False}
2026-05-11 12:57:34,474 - octoprint.plugins.discovery - INFO - Registered 'OctoPrint instance on pi._octoprint._tcp.local.' for _octoprint._tcp.local.
2026-05-11 12:57:34,480 - octoprint.plugins.discovery - INFO - Registered OctoPrint instance on pi for SSDP
2026-05-11 12:57:34,490 - octoprint.server - INFO - Listening on http://0.0.0.0:5000 and http://[::]:5000
2026-05-11 12:57:34,521 - octoprint.plugins.pluginmanager - INFO - Loaded plugin repository data from disk, was still valid
2026-05-11 12:57:34,550 - octoprint.server.util - WARNING - The global API key was just used. The global API key is deprecated and will cease to function with OctoPrint 1.13.0.
2026-05-11 14:16:02,157 - octoprint.plugins.pluginmanager - INFO - Loaded notice data from disk, was still valid
2026-05-11 14:16:02,162 - octoprint.plugins.pluginmanager - INFO - Saved a current plugin export to /home/pi/.octoprint/backup_plugin_export.json
2026-05-11 14:16:02,539 - octoprint.util.pip - INFO - Using "/home/pi/oprint/bin/python3 -m pip" as command to invoke pip
2026-05-11 14:16:02,539 - octoprint.util.pip - INFO - pip installs to /home/pi/oprint/lib/python3.13/site-packages (writable -> yes), --user flag needed -> no, virtual env -> yes
2026-05-11 14:16:02,540 - octoprint.util.pip - INFO - ==> pip ok -> yes
2026-05-11 14:16:02,546 - octoprint.plugins.softwareupdate - INFO - Minimum free storage across all update relevant locations is 922.8MB. That is considered sufficient for updating.
2026-05-11 14:16:05,656 - octoprint.plugins.ControlCenter - INFO - TouchUI Plugin Started
2026-05-11 14:16:05,658 - octoprint.plugins.ControlCenter - INFO - xinit file already contains correct ControlCenter path
2026-05-11 14:16:05,664 - octoprint.server.preemptive_cache - INFO - Preemptively caching / (ui _default) for {'base_url': 'http://192.168.0.47:5000/', 'path': '/', 'query_string': 'l10n=en'}
2026-05-11 14:16:06,213 - octoprint.plugins.tracking - INFO - Sent tracking event ping, payload: {'octoprint_uptime': 10, 'printer_state': 'OFFLINE'}
2026-05-11 14:16:06,891 - octoprint.plugins.tracking - INFO - Sent tracking event pong, payload: {'version': '1.11.7', 'os': 'linux', 'platform': 'Linux-6.12.75+rpt-rpi-v8-aarch64-with-glibc2.41', 'bits': 64, 'python': '3.13.5', 'pip': '25.1.1', 'cores': 4, 'freq': 1500.0, 'ram': 1935220736, 'pi_model': 'Raspberry Pi Compute Module 4 Rev 1.1', 'plugins': 'controlcenter:1.0.0', 'achievements': 'the_wizard'}
2026-05-11 14:16:07,514 - octoprint.plugins.tracking - INFO - Sent tracking event startup, payload: {'version': '1.11.7', 'os': 'linux', 'platform': 'Linux-6.12.75+rpt-rpi-v8-aarch64-with-glibc2.41', 'bits': 64, 'python': '3.13.5', 'pip': '25.1.1', 'cores': 4, 'freq': 1500.0, 'ram': 1935220736, 'pi_model': 'Raspberry Pi Compute Module 4 Rev 1.1'}
2026-05-11 14:16:11,683 - octoprint.server.preemptive_cache - INFO - ... done in 6.02s
2026-05-11 14:16:31,970 - octoprint.server.util - WARNING - The global API key was just used. The global API key is deprecated and will cease to function with OctoPrint 1.13.0.
2026-05-11 14:16:32,145 - octoprint.server.util - WARNING - The global API key was just used. The global API key is deprecated and will cease to function with OctoPrint 1.13.0.
2026-05-11 14:16:32,166 - octoprint.server.util - WARNING - The global API key was just used. The global API key is deprecated and will cease to function with OctoPrint 1.13.0.
2026-05-11 14:16:32,176 - tornado.access - WARNING - 400 POST /api/connection (127.0.0.1) 14.93ms
2026-05-11 14:16:32,190 - octoprint.server.util - WARNING - The global API key was just used. The global API key is deprecated and will cease to function with OctoPrint 1.13.0.
2026-05-11 14:16:32,199 - tornado.access - WARNING - 400 POST /api/connection (127.0.0.1) 11.97ms
2026-05-11 14:16:33,965 - octoprint.server.util.sockjs - INFO - New connection from client: 127.0.0.1
2026-05-11 14:16:33,980 - octoprint.server.util - WARNING - The global API key was just used. The global API key is deprecated and will cease to function with OctoPrint 1.13.0.
2026-05-11 14:16:33,984 - octoprint.server.util.flask - INFO - Passively logging in user _api from 127.0.0.1
2026-05-11 14:16:33,984 - octoprint.access.users - INFO - Logged in user: _api
2026-05-11 14:16:34,006 - octoprint.server.util.sockjs - INFO - User _api logged in on the socket from client 127.0.0.1
2026-05-11 14:20:10,721 - octoprint.startup - INFO - ******************************************************************************
2026-05-11 14:20:10,723 - octoprint.startup - INFO - Starting OctoPrint 1.11.7
2026-05-11 14:20:10,729 - octoprint.startup - INFO - ******************************************************************************
2026-05-11 14:20:10,865 - octoprint.util.connectivity.connectivity_checker - INFO - Connectivity changed from offline to online
2026-05-11 14:20:10,872 - octoprint.util.connectivity.connectivity_checker - INFO - Connectivity state is currently: online
2026-05-11 14:20:10,872 - octoprint.util.connectivity.connectivity_checker - INFO - Connecting to 1.1.1.1:53 is working
2026-05-11 14:20:10,872 - octoprint.util.connectivity.connectivity_checker - INFO - Resolving octoprint.org is working
2026-05-11 14:20:10,883 - octoprint.plugin.core - INFO - Loading plugins from /home/pi/oprint/lib/python3.13/site-packages/octoprint/plugins, /home/pi/.octoprint/plugins and installed plugin packages...
2026-05-11 14:20:15,076 - octoprint.plugin.core - INFO - Found 24 plugin(s) providing 24 mixin implementations, 49 hook handlers
2026-05-11 14:20:15,153 - octoprint.server.heartbeat - INFO - Starting server heartbeat, 900.0s interval
2026-05-11 14:20:15,497 - octoprint.server - INFO - Intermediary server started
2026-05-11 14:20:15,504 - octoprint.filemanager.storage - INFO - Initializing the file metadata for /home/pi/.octoprint/uploads...
2026-05-11 14:20:15,506 - octoprint.filemanager.storage - INFO - ... file metadata for /home/pi/.octoprint/uploads initialized successfully.
2026-05-11 14:20:15,509 - octoprint.server - INFO - Added new permission from plugin achievements: PLUGIN_ACHIEVEMENTS_VIEW (needs: "Need(method='role', value='plugin_achievements_view')")
2026-05-11 14:20:15,510 - octoprint.server - INFO - Added new permission from plugin achievements: PLUGIN_ACHIEVEMENTS_RESET (needs: "Need(method='role', value='plugin_achievements_reset')")
2026-05-11 14:20:15,510 - octoprint.server - INFO - Added new permission from plugin action_command_notification: PLUGIN_ACTION_COMMAND_NOTIFICATION_SHOW (needs: "Need(method='role', value='plugin_action_command_notification_show')")
2026-05-11 14:20:15,510 - octoprint.server - INFO - Added new permission from plugin action_command_notification: PLUGIN_ACTION_COMMAND_NOTIFICATION_CLEAR (needs: "Need(method='role', value='plugin_action_command_notification_clear')")
2026-05-11 14:20:15,511 - octoprint.server - INFO - Added new permission from plugin action_command_prompt: PLUGIN_ACTION_COMMAND_PROMPT_INTERACT (needs: "Need(method='role', value='plugin_action_command_prompt_interact')")
2026-05-11 14:20:15,511 - octoprint.server - INFO - Added new permission from plugin announcements: PLUGIN_ANNOUNCEMENTS_READ (needs: "Need(method='role', value='plugin_announcements_read')")
2026-05-11 14:20:15,511 - octoprint.server - INFO - Added new permission from plugin announcements: PLUGIN_ANNOUNCEMENTS_MANAGE (needs: "Need(method='role', value='plugin_announcements_manage'), Need(method='role', value='plugin_announcements_read')")
2026-05-11 14:20:15,512 - octoprint.server - INFO - Added new permission from plugin appkeys: PLUGIN_APPKEYS_ADMIN (needs: "Need(method='role', value='plugin_appkeys_admin')")
2026-05-11 14:20:15,512 - octoprint.server - INFO - Added new permission from plugin appkeys: PLUGIN_APPKEYS_GRANT (needs: "Need(method='role', value='plugin_appkeys_user')")
2026-05-11 14:20:15,512 - octoprint.server - INFO - Added new permission from plugin backup: PLUGIN_BACKUP_CREATE (needs: "Need(method='role', value='plugin_backup_create')")
2026-05-11 14:20:15,512 - octoprint.server - INFO - Added new permission from plugin file_check: PLUGIN_FILE_CHECK_RUN (needs: "Need(method='role', value='plugin_file_check_run')")
2026-05-11 14:20:15,513 - octoprint.server - INFO - Added new permission from plugin firmware_check: PLUGIN_FIRMWARE_CHECK_DISPLAY (needs: "Need(method='role', value='plugin_firmware_check_display')")
2026-05-11 14:20:15,513 - octoprint.server - INFO - Added new permission from plugin health_check: PLUGIN_HEALTH_CHECK_CHECK (needs: "Need(method='role', value='plugin_health_check_check')")
2026-05-11 14:20:15,513 - octoprint.server - INFO - Added new permission from plugin logging: PLUGIN_LOGGING_MANAGE (needs: "Need(method='role', value='plugin_logging_manage')")
2026-05-11 14:20:15,514 - octoprint.server - INFO - Added new permission from plugin pi_support: PLUGIN_PI_SUPPORT_STATUS (needs: "Need(method='role', value='plugin_pi_support_check')")
2026-05-11 14:20:15,514 - octoprint.server - INFO - Added new permission from plugin pluginmanager: PLUGIN_PLUGINMANAGER_LIST (needs: "Need(method='role', value='plugin_pluginmanager_list')")
2026-05-11 14:20:15,514 - octoprint.server - INFO - Added new permission from plugin pluginmanager: PLUGIN_PLUGINMANAGER_MANAGE (needs: "Need(method='role', value='plugin_pluginmanager_manage')")
2026-05-11 14:20:15,515 - octoprint.server - INFO - Added new permission from plugin pluginmanager: PLUGIN_PLUGINMANAGER_INSTALL (needs: "Need(method='role', value='plugin_pluginmanager_install'), Need(method='role', value='plugin_pluginmanager_manage')")
2026-05-11 14:20:15,516 - octoprint.server - INFO - Added new permission from plugin softwareupdate: PLUGIN_SOFTWAREUPDATE_CHECK (needs: "Need(method='role', value='plugin_softwareupdate_check')")
2026-05-11 14:20:15,517 - octoprint.server - INFO - Added new permission from plugin softwareupdate: PLUGIN_SOFTWAREUPDATE_UPDATE (needs: "Need(method='role', value='plugin_softwareupdate_update')")
2026-05-11 14:20:15,518 - octoprint.server - INFO - Added new permission from plugin softwareupdate: PLUGIN_SOFTWAREUPDATE_CONFIGURE (needs: "Need(method='role', value='plugin_softwareupdate_configure')")
2026-05-11 14:20:15,548 - octoprint.plugins.achievements - INFO - Loading data from /home/pi/.octoprint/data/achievements/data.json
2026-05-11 14:20:15,558 - octoprint.plugins.achievements - INFO - Loading data for 2026 from /home/pi/.octoprint/data/achievements/2026.json
2026-05-11 14:20:15,614 - octoprint.plugins.softwareupdate - INFO - Loaded version cache from disk
2026-05-11 14:20:17,000 - octoprint.util.pip - INFO - Using "/home/pi/oprint/bin/python3 -m pip" as command to invoke pip
2026-05-11 14:20:17,413 - octoprint.plugins.healthcheck.python_eol - INFO - Fetched Python EOL data from https://get.octoprint.org/python-eol
2026-05-11 14:20:17,820 - octoprint.util.pip - INFO - Version of pip is 25.1.1
2026-05-11 14:20:18,187 - octoprint.util.pip - INFO - pip installs to /home/pi/oprint/lib/python3.13/site-packages (writable -> yes), --user flag needed -> no, virtual env -> yes
2026-05-11 14:20:18,188 - octoprint.util.pip - INFO - ==> pip ok -> yes
2026-05-11 14:20:18,211 - octoprint.plugins.file_check - INFO - Native grep available: True
2026-05-11 14:20:18,213 - octoprint.plugin.core - INFO - Initialized 24 plugin implementation(s)
2026-05-11 14:20:18,232 - octoprint - INFO - Installing webcam compat overlay for configured default webcam <octoprint.webcams.ProvidedWebcam object at 0x7f7c324c20>
2026-05-11 14:20:18,233 - octoprint.plugin.core - INFO - 24 plugin(s) registered with the system (23 bundled & 1 third party):
| Bundled Plugins (23)
|   Achievements Plugin (bundled) = /home/pi/oprint/lib/python3.13/site-packages/octoprint/plugins/achievements
|   Action Command Notification Support (bundled) = /home/pi/oprint/lib/python3.13/site-packages/octoprint/plugins/action_command_notification
|   Action Command Prompt Support (bundled) = /home/pi/oprint/lib/python3.13/site-packages/octoprint/plugins/action_command_prompt
|   Announcement Plugin (bundled) = /home/pi/oprint/lib/python3.13/site-packages/octoprint/plugins/announcements
|   Anonymous Usage Tracking (bundled) = /home/pi/oprint/lib/python3.13/site-packages/octoprint/plugins/tracking
|   Application Keys Plugin (bundled) = /home/pi/oprint/lib/python3.13/site-packages/octoprint/plugins/appkeys
|   Backup & Restore (bundled) = /home/pi/oprint/lib/python3.13/site-packages/octoprint/plugins/backup
|   Classic Webcam (bundled) = /home/pi/oprint/lib/python3.13/site-packages/octoprint/plugins/classicwebcam
|   Core Wizard (bundled) = /home/pi/oprint/lib/python3.13/site-packages/octoprint/plugins/corewizard
|   Custom Control Manager (bundled) = /home/pi/oprint/lib/python3.13/site-packages/octoprint/plugins/customcontrolmanager
|   Discovery (bundled) = /home/pi/oprint/lib/python3.13/site-packages/octoprint/plugins/discovery
|   Error Tracking (bundled) = /home/pi/oprint/lib/python3.13/site-packages/octoprint/plugins/errortracking
|   Event Manager (bundled) = /home/pi/oprint/lib/python3.13/site-packages/octoprint/plugins/eventmanager
|   File Check (2025.7.23) (bundled) = /home/pi/oprint/lib/python3.13/site-packages/octoprint_file_check
|   Firmware Check (2025.7.23) (bundled) = /home/pi/oprint/lib/python3.13/site-packages/octoprint_firmware_check
|   GCode Viewer (bundled) = /home/pi/oprint/lib/python3.13/site-packages/octoprint/plugins/gcodeviewer
|   Healthcheck Plugin (bundled) = /home/pi/oprint/lib/python3.13/site-packages/octoprint/plugins/health_check
|   Logging (bundled) = /home/pi/oprint/lib/python3.13/site-packages/octoprint/plugins/logging
|   Pi Support Plugin (2025.7.23) (bundled) = /home/pi/oprint/lib/python3.13/site-packages/octoprint_pi_support
|   Plugin Manager (bundled) = /home/pi/oprint/lib/python3.13/site-packages/octoprint/plugins/pluginmanager
|   Software Update (bundled) = /home/pi/oprint/lib/python3.13/site-packages/octoprint/plugins/softwareupdate
|   Upload Manager (bundled) = /home/pi/oprint/lib/python3.13/site-packages/octoprint/plugins/uploadmanager
|   Virtual Printer (bundled) = /home/pi/oprint/lib/python3.13/site-packages/octoprint/plugins/virtual_printer
| Third Party Plugins (1)
|   ControlCenter (1.0.0) = /home/pi/oprint/lib/python3.13/site-packages/octoprint_ControlCenter
Prefix legend: ! = disabled, # = blacklisted, * = incompatible
2026-05-11 14:20:18,252 - octoprint.environment - INFO - Detected environment is Python 3.13.5 under Linux (Linux-6.12.75+rpt-rpi-v8-aarch64-with-glibc2.41). Details:
|  hardware:
|    cores: 4
|    freq: 1500.0
|    ram: 1935220736
|  os:
|    bits: 64
|    id: linux
|    platform: Linux-6.12.75+rpt-rpi-v8-aarch64-with-glibc2.41
|  plugins:
|    pi_support:
|      model: Raspberry Pi Compute Module 4 Rev 1.1
|      throttle_check_enabled: true
|      throttle_check_functional: true
|      throttle_state: '0x0'
|  python:
|    pip: 25.1.1
|    version: 3.13.5
|    virtualenv: /home/pi/oprint
2026-05-11 14:20:18,267 - octoprint.server - INFO - Reset webasset folder /home/pi/.octoprint/generated/webassets...
2026-05-11 14:20:18,268 - octoprint.server - INFO - Reset webasset folder /home/pi/.octoprint/generated/.webassets-cache...
2026-05-11 14:20:18,269 - octoprint.server - INFO - Reset webasset folder /home/pi/.octoprint/generated/.webassets-manifest.json...
2026-05-11 14:20:18,372 - octoprint.timelapse - INFO - Enabled rendering queue processing
2026-05-11 14:20:18,765 - octoprint.server - INFO - Shutting down intermediary server...
2026-05-11 14:20:19,007 - octoprint.server - INFO - Intermediary server shut down
2026-05-11 14:20:19,010 - octoprint.events - INFO - Processing startup event, this is our first event
2026-05-11 14:20:19,011 - octoprint.events - INFO - Adding 3 events to queue that were held back before startup event
2026-05-11 14:20:19,011 - octoprint.filemanager - INFO - Adding backlog items from all storage types to analysis queue...
2026-05-11 14:20:19,020 - octoprint.server - INFO - Autoconnect on startup is configured, trying to connect to the printer...
2026-05-11 14:20:19,028 - octoprint.filemanager - INFO - Added 0 items from storage type "local" to analysis queue
2026-05-11 14:20:19,041 - octoprint.plugins.softwareupdate - INFO - Fetching check overlays from https://plugins.octoprint.org/update_check_overlay.json
2026-05-11 14:20:19,074 - octoprint.server - INFO - Could not find configured serial port {} in the system, cannot automatically connect to a non existing printer. Is it plugged in and booted up yet?
2026-05-11 14:20:19,075 - octoprint.server - INFO - Starting autorefresh of serial port list
2026-05-11 14:20:19,079 - octoprint.server.util.watchdog - INFO - Running initial scan on watched folder...
2026-05-11 14:20:19,083 - octoprint.server.util.watchdog - INFO - ... initial scan done.
2026-05-11 14:20:19,102 - octoprint.plugins.pluginmanager - INFO - Loaded plugin repository data from disk, was still valid
2026-05-11 14:20:19,201 - octoprint.server - INFO - Serial port list was updated, refreshing the port list in the frontend
2026-05-11 14:20:19,457 - octoprint.plugins.pluginmanager - INFO - Loaded notice data from disk, was still valid
2026-05-11 14:20:19,658 - octoprint.plugins.tracking - INFO - Sent tracking event system_unthrottled, payload: {'throttled_now': False, 'throttled_past': False, 'throttled_mask': 0, 'throttled_voltage_now': False, 'throttled_voltage_past': False, 'throttled_overheat_now': False, 'throttled_overheat_past': False}
2026-05-11 14:20:20,092 - octoprint.plugins.discovery - INFO - Registered 'OctoPrint instance on pi._http._tcp.local.' for _http._tcp.local.
2026-05-11 14:20:20,903 - octoprint.plugins.discovery - INFO - Registered 'OctoPrint instance on pi._octoprint._tcp.local.' for _octoprint._tcp.local.
2026-05-11 14:20:20,910 - octoprint.plugins.discovery - INFO - Registered OctoPrint instance on pi for SSDP
2026-05-11 14:20:20,917 - octoprint.server - INFO - Listening on http://0.0.0.0:5000 and http://[::]:5000
2026-05-11 14:20:20,935 - octoprint.server.util - WARNING - The global API key was just used. The global API key is deprecated and will cease to function with OctoPrint 1.13.0.
2026-05-11 14:20:20,959 - octoprint.plugins.pluginmanager - INFO - Loaded plugin repository data from disk, was still valid
2026-05-11 14:20:21,308 - octoprint.plugins.pluginmanager - INFO - Loaded notice data from disk, was still valid
2026-05-11 14:20:21,313 - octoprint.plugins.pluginmanager - INFO - Saved a current plugin export to /home/pi/.octoprint/backup_plugin_export.json
2026-05-11 14:24:08,437 - octoprint.util.pip - INFO - Using "/home/pi/oprint/bin/python3 -m pip" as command to invoke pip
2026-05-11 14:24:08,438 - octoprint.util.pip - INFO - pip installs to /home/pi/oprint/lib/python3.13/site-packages (writable -> yes), --user flag needed -> no, virtual env -> yes
2026-05-11 14:24:08,438 - octoprint.util.pip - INFO - ==> pip ok -> yes
2026-05-11 14:24:08,444 - octoprint.plugins.softwareupdate - INFO - Minimum free storage across all update relevant locations is 922.8MB. That is considered sufficient for updating.
2026-05-11 14:24:08,464 - octoprint.plugins.ControlCenter - INFO - TouchUI Plugin Started
2026-05-11 14:24:08,469 - octoprint.plugins.ControlCenter - INFO - xinit file already contains correct ControlCenter path
2026-05-11 14:24:08,476 - octoprint.server.preemptive_cache - INFO - Preemptively caching / (ui _default) for {'base_url': 'http://192.168.0.47:5000/', 'path': '/', 'query_string': 'l10n=en'}
2026-05-11 14:24:09,038 - octoprint.plugins.tracking - INFO - Sent tracking event ping, payload: {'octoprint_uptime': 7, 'printer_state': 'OFFLINE'}
2026-05-11 14:24:09,639 - octoprint.plugins.tracking - INFO - Sent tracking event pong, payload: {'version': '1.11.7', 'os': 'linux', 'platform': 'Linux-6.12.75+rpt-rpi-v8-aarch64-with-glibc2.41', 'bits': 64, 'python': '3.13.5', 'pip': '25.1.1', 'cores': 4, 'freq': 1500.0, 'ram': 1935220736, 'pi_model': 'Raspberry Pi Compute Module 4 Rev 1.1', 'plugins': 'controlcenter:1.0.0', 'achievements': 'the_wizard'}
2026-05-11 14:24:10,254 - octoprint.plugins.tracking - INFO - Sent tracking event startup, payload: {'version': '1.11.7', 'os': 'linux', 'platform': 'Linux-6.12.75+rpt-rpi-v8-aarch64-with-glibc2.41', 'bits': 64, 'python': '3.13.5', 'pip': '25.1.1', 'cores': 4, 'freq': 1500.0, 'ram': 1935220736, 'pi_model': 'Raspberry Pi Compute Module 4 Rev 1.1'}
2026-05-11 14:24:14,411 - octoprint.server.preemptive_cache - INFO - ... done in 5.94s
2026-05-11 14:24:37,758 - octoprint.server.util - WARNING - The global API key was just used. The global API key is deprecated and will cease to function with OctoPrint 1.13.0.
2026-05-11 14:24:37,948 - octoprint.server.util - WARNING - The global API key was just used. The global API key is deprecated and will cease to function with OctoPrint 1.13.0.
2026-05-11 14:24:37,972 - octoprint.server.util - WARNING - The global API key was just used. The global API key is deprecated and will cease to function with OctoPrint 1.13.0.
2026-05-11 14:24:37,980 - tornado.access - WARNING - 400 POST /api/connection (127.0.0.1) 12.33ms
2026-05-11 14:24:37,994 - octoprint.server.util - WARNING - The global API key was just used. The global API key is deprecated and will cease to function with OctoPrint 1.13.0.
2026-05-11 14:24:38,002 - tornado.access - WARNING - 400 POST /api/connection (127.0.0.1) 11.93ms
2026-05-11 14:24:39,721 - octoprint.server.util.sockjs - INFO - New connection from client: 127.0.0.1
2026-05-11 14:24:39,733 - octoprint.server.util - WARNING - The global API key was just used. The global API key is deprecated and will cease to function with OctoPrint 1.13.0.
2026-05-11 14:24:39,737 - octoprint.server.util.flask - INFO - Passively logging in user _api from 127.0.0.1
2026-05-11 14:24:39,738 - octoprint.access.users - INFO - Logged in user: _api
2026-05-11 14:24:39,754 - octoprint.server.util.sockjs - INFO - User _api logged in on the socket from client 127.0.0.1
2026-05-11 14:28:17,119 - octoprint.startup - INFO - ******************************************************************************
2026-05-11 14:28:17,121 - octoprint.startup - INFO - Starting OctoPrint 1.11.7
2026-05-11 14:28:17,127 - octoprint.startup - INFO - ******************************************************************************
2026-05-11 14:28:17,274 - octoprint.util.connectivity.connectivity_checker - INFO - Connectivity changed from offline to online
2026-05-11 14:28:17,282 - octoprint.util.connectivity.connectivity_checker - INFO - Connectivity state is currently: online
2026-05-11 14:28:17,282 - octoprint.util.connectivity.connectivity_checker - INFO - Connecting to 1.1.1.1:53 is working
2026-05-11 14:28:17,282 - octoprint.util.connectivity.connectivity_checker - INFO - Resolving octoprint.org is working
2026-05-11 14:28:17,294 - octoprint.plugin.core - INFO - Loading plugins from /home/pi/oprint/lib/python3.13/site-packages/octoprint/plugins, /home/pi/.octoprint/plugins and installed plugin packages...
2026-05-11 14:28:21,135 - octoprint.plugin.core - INFO - Found 24 plugin(s) providing 24 mixin implementations, 49 hook handlers
2026-05-11 14:28:21,204 - octoprint.server.heartbeat - INFO - Starting server heartbeat, 900.0s interval
2026-05-11 14:28:21,609 - octoprint.server - INFO - Intermediary server started
2026-05-11 14:28:21,617 - octoprint.filemanager.storage - INFO - Initializing the file metadata for /home/pi/.octoprint/uploads...
2026-05-11 14:28:21,619 - octoprint.filemanager.storage - INFO - ... file metadata for /home/pi/.octoprint/uploads initialized successfully.
2026-05-11 14:28:21,627 - octoprint.server - INFO - Added new permission from plugin achievements: PLUGIN_ACHIEVEMENTS_VIEW (needs: "Need(method='role', value='plugin_achievements_view')")
2026-05-11 14:28:21,628 - octoprint.server - INFO - Added new permission from plugin achievements: PLUGIN_ACHIEVEMENTS_RESET (needs: "Need(method='role', value='plugin_achievements_reset')")
2026-05-11 14:28:21,628 - octoprint.server - INFO - Added new permission from plugin action_command_notification: PLUGIN_ACTION_COMMAND_NOTIFICATION_SHOW (needs: "Need(method='role', value='plugin_action_command_notification_show')")
2026-05-11 14:28:21,629 - octoprint.server - INFO - Added new permission from plugin action_command_notification: PLUGIN_ACTION_COMMAND_NOTIFICATION_CLEAR (needs: "Need(method='role', value='plugin_action_command_notification_clear')")
2026-05-11 14:28:21,629 - octoprint.server - INFO - Added new permission from plugin action_command_prompt: PLUGIN_ACTION_COMMAND_PROMPT_INTERACT (needs: "Need(method='role', value='plugin_action_command_prompt_interact')")
2026-05-11 14:28:21,629 - octoprint.server - INFO - Added new permission from plugin announcements: PLUGIN_ANNOUNCEMENTS_READ (needs: "Need(method='role', value='plugin_announcements_read')")
2026-05-11 14:28:21,630 - octoprint.server - INFO - Added new permission from plugin announcements: PLUGIN_ANNOUNCEMENTS_MANAGE (needs: "Need(method='role', value='plugin_announcements_manage'), Need(method='role', value='plugin_announcements_read')")
2026-05-11 14:28:21,630 - octoprint.server - INFO - Added new permission from plugin appkeys: PLUGIN_APPKEYS_ADMIN (needs: "Need(method='role', value='plugin_appkeys_admin')")
2026-05-11 14:28:21,630 - octoprint.server - INFO - Added new permission from plugin appkeys: PLUGIN_APPKEYS_GRANT (needs: "Need(method='role', value='plugin_appkeys_user')")
2026-05-11 14:28:21,631 - octoprint.server - INFO - Added new permission from plugin backup: PLUGIN_BACKUP_CREATE (needs: "Need(method='role', value='plugin_backup_create')")
2026-05-11 14:28:21,631 - octoprint.server - INFO - Added new permission from plugin file_check: PLUGIN_FILE_CHECK_RUN (needs: "Need(method='role', value='plugin_file_check_run')")
2026-05-11 14:28:21,632 - octoprint.server - INFO - Added new permission from plugin firmware_check: PLUGIN_FIRMWARE_CHECK_DISPLAY (needs: "Need(method='role', value='plugin_firmware_check_display')")
2026-05-11 14:28:21,632 - octoprint.server - INFO - Added new permission from plugin health_check: PLUGIN_HEALTH_CHECK_CHECK (needs: "Need(method='role', value='plugin_health_check_check')")
2026-05-11 14:28:21,633 - octoprint.server - INFO - Added new permission from plugin logging: PLUGIN_LOGGING_MANAGE (needs: "Need(method='role', value='plugin_logging_manage')")
2026-05-11 14:28:21,635 - octoprint.server - INFO - Added new permission from plugin pi_support: PLUGIN_PI_SUPPORT_STATUS (needs: "Need(method='role', value='plugin_pi_support_check')")
2026-05-11 14:28:21,640 - octoprint.server - INFO - Added new permission from plugin pluginmanager: PLUGIN_PLUGINMANAGER_LIST (needs: "Need(method='role', value='plugin_pluginmanager_list')")
2026-05-11 14:28:21,640 - octoprint.server - INFO - Added new permission from plugin pluginmanager: PLUGIN_PLUGINMANAGER_MANAGE (needs: "Need(method='role', value='plugin_pluginmanager_manage')")
2026-05-11 14:28:21,641 - octoprint.server - INFO - Added new permission from plugin pluginmanager: PLUGIN_PLUGINMANAGER_INSTALL (needs: "Need(method='role', value='plugin_pluginmanager_install'), Need(method='role', value='plugin_pluginmanager_manage')")
2026-05-11 14:28:21,644 - octoprint.server - INFO - Added new permission from plugin softwareupdate: PLUGIN_SOFTWAREUPDATE_CHECK (needs: "Need(method='role', value='plugin_softwareupdate_check')")
2026-05-11 14:28:21,645 - octoprint.server - INFO - Added new permission from plugin softwareupdate: PLUGIN_SOFTWAREUPDATE_UPDATE (needs: "Need(method='role', value='plugin_softwareupdate_update')")
2026-05-11 14:28:21,647 - octoprint.server - INFO - Added new permission from plugin softwareupdate: PLUGIN_SOFTWAREUPDATE_CONFIGURE (needs: "Need(method='role', value='plugin_softwareupdate_configure')")
2026-05-11 14:28:21,675 - octoprint.plugins.achievements - INFO - Loading data from /home/pi/.octoprint/data/achievements/data.json
2026-05-11 14:28:21,679 - octoprint.plugins.achievements - INFO - Loading data for 2026 from /home/pi/.octoprint/data/achievements/2026.json
2026-05-11 14:28:21,734 - octoprint.plugins.softwareupdate - INFO - Loaded version cache from disk
2026-05-11 14:28:23,150 - octoprint.util.pip - INFO - Using "/home/pi/oprint/bin/python3 -m pip" as command to invoke pip
2026-05-11 14:28:24,009 - octoprint.util.pip - INFO - Version of pip is 25.1.1
2026-05-11 14:28:24,326 - octoprint.util.pip - INFO - pip installs to /home/pi/oprint/lib/python3.13/site-packages (writable -> yes), --user flag needed -> no, virtual env -> yes
2026-05-11 14:28:24,326 - octoprint.util.pip - INFO - ==> pip ok -> yes
2026-05-11 14:28:24,355 - octoprint.plugins.file_check - INFO - Native grep available: True
2026-05-11 14:28:24,358 - octoprint.plugin.core - INFO - Initialized 24 plugin implementation(s)
2026-05-11 14:28:24,381 - octoprint - INFO - Installing webcam compat overlay for configured default webcam <octoprint.webcams.ProvidedWebcam object at 0x7f8c3d9fd0>
2026-05-11 14:28:24,382 - octoprint.plugin.core - INFO - 24 plugin(s) registered with the system (23 bundled & 1 third party):
| Bundled Plugins (23)
|   Achievements Plugin (bundled) = /home/pi/oprint/lib/python3.13/site-packages/octoprint/plugins/achievements
|   Action Command Notification Support (bundled) = /home/pi/oprint/lib/python3.13/site-packages/octoprint/plugins/action_command_notification
|   Action Command Prompt Support (bundled) = /home/pi/oprint/lib/python3.13/site-packages/octoprint/plugins/action_command_prompt
|   Announcement Plugin (bundled) = /home/pi/oprint/lib/python3.13/site-packages/octoprint/plugins/announcements
|   Anonymous Usage Tracking (bundled) = /home/pi/oprint/lib/python3.13/site-packages/octoprint/plugins/tracking
|   Application Keys Plugin (bundled) = /home/pi/oprint/lib/python3.13/site-packages/octoprint/plugins/appkeys
|   Backup & Restore (bundled) = /home/pi/oprint/lib/python3.13/site-packages/octoprint/plugins/backup
|   Classic Webcam (bundled) = /home/pi/oprint/lib/python3.13/site-packages/octoprint/plugins/classicwebcam
|   Core Wizard (bundled) = /home/pi/oprint/lib/python3.13/site-packages/octoprint/plugins/corewizard
|   Custom Control Manager (bundled) = /home/pi/oprint/lib/python3.13/site-packages/octoprint/plugins/customcontrolmanager
|   Discovery (bundled) = /home/pi/oprint/lib/python3.13/site-packages/octoprint/plugins/discovery
|   Error Tracking (bundled) = /home/pi/oprint/lib/python3.13/site-packages/octoprint/plugins/errortracking
|   Event Manager (bundled) = /home/pi/oprint/lib/python3.13/site-packages/octoprint/plugins/eventmanager
|   File Check (2025.7.23) (bundled) = /home/pi/oprint/lib/python3.13/site-packages/octoprint_file_check
|   Firmware Check (2025.7.23) (bundled) = /home/pi/oprint/lib/python3.13/site-packages/octoprint_firmware_check
|   GCode Viewer (bundled) = /home/pi/oprint/lib/python3.13/site-packages/octoprint/plugins/gcodeviewer
|   Healthcheck Plugin (bundled) = /home/pi/oprint/lib/python3.13/site-packages/octoprint/plugins/health_check
|   Logging (bundled) = /home/pi/oprint/lib/python3.13/site-packages/octoprint/plugins/logging
|   Pi Support Plugin (2025.7.23) (bundled) = /home/pi/oprint/lib/python3.13/site-packages/octoprint_pi_support
|   Plugin Manager (bundled) = /home/pi/oprint/lib/python3.13/site-packages/octoprint/plugins/pluginmanager
|   Software Update (bundled) = /home/pi/oprint/lib/python3.13/site-packages/octoprint/plugins/softwareupdate
|   Upload Manager (bundled) = /home/pi/oprint/lib/python3.13/site-packages/octoprint/plugins/uploadmanager
|   Virtual Printer (bundled) = /home/pi/oprint/lib/python3.13/site-packages/octoprint/plugins/virtual_printer
| Third Party Plugins (1)
|   ControlCenter (1.0.0) = /home/pi/oprint/lib/python3.13/site-packages/octoprint_ControlCenter
Prefix legend: ! = disabled, # = blacklisted, * = incompatible
2026-05-11 14:28:24,401 - octoprint.environment - INFO - Detected environment is Python 3.13.5 under Linux (Linux-6.12.75+rpt-rpi-v8-aarch64-with-glibc2.41). Details:
|  hardware:
|    cores: 4
|    freq: 1500.0
|    ram: 1935220736
|  os:
|    bits: 64
|    id: linux
|    platform: Linux-6.12.75+rpt-rpi-v8-aarch64-with-glibc2.41
|  plugins:
|    pi_support:
|      model: Raspberry Pi Compute Module 4 Rev 1.1
|      throttle_check_enabled: true
|      throttle_check_functional: true
|      throttle_state: '0x0'
|  python:
|    pip: 25.1.1
|    version: 3.13.5
|    virtualenv: /home/pi/oprint
2026-05-11 14:28:24,416 - octoprint.server - INFO - Reset webasset folder /home/pi/.octoprint/generated/webassets...
2026-05-11 14:28:24,417 - octoprint.server - INFO - Reset webasset folder /home/pi/.octoprint/generated/.webassets-cache...
2026-05-11 14:28:24,418 - octoprint.server - INFO - Reset webasset folder /home/pi/.octoprint/generated/.webassets-manifest.json...
2026-05-11 14:28:24,672 - octoprint.timelapse - INFO - Enabled rendering queue processing
2026-05-11 14:28:25,047 - octoprint.server - INFO - Shutting down intermediary server...
2026-05-11 14:28:25,115 - octoprint.server - INFO - Intermediary server shut down
2026-05-11 14:28:25,118 - octoprint.events - INFO - Processing startup event, this is our first event
2026-05-11 14:28:25,118 - octoprint.events - INFO - Adding 3 events to queue that were held back before startup event
2026-05-11 14:28:25,118 - octoprint.filemanager - INFO - Adding backlog items from all storage types to analysis queue...
2026-05-11 14:28:25,127 - octoprint.server - INFO - Autoconnect on startup is configured, trying to connect to the printer...
2026-05-11 14:28:25,164 - octoprint.filemanager - INFO - Added 0 items from storage type "local" to analysis queue
2026-05-11 14:28:25,165 - octoprint.plugins.softwareupdate - INFO - Fetching check overlays from https://plugins.octoprint.org/update_check_overlay.json
2026-05-11 14:28:25,182 - octoprint.server - INFO - Could not find configured serial port {} in the system, cannot automatically connect to a non existing printer. Is it plugged in and booted up yet?
2026-05-11 14:28:25,183 - octoprint.server - INFO - Starting autorefresh of serial port list
2026-05-11 14:28:25,190 - octoprint.server.util.watchdog - INFO - Running initial scan on watched folder...
2026-05-11 14:28:25,192 - octoprint.server - INFO - Serial port list was updated, refreshing the port list in the frontend
2026-05-11 14:28:25,197 - octoprint.server.util.watchdog - INFO - ... initial scan done.
2026-05-11 14:28:25,213 - octoprint.plugins.pluginmanager - INFO - Loaded plugin repository data from disk, was still valid
2026-05-11 14:28:25,540 - octoprint.plugins.pluginmanager - INFO - Loaded notice data from disk, was still valid
2026-05-11 14:28:26,204 - octoprint.plugins.discovery - INFO - Registered 'OctoPrint instance on pi._http._tcp.local.' for _http._tcp.local.
2026-05-11 14:28:26,318 - octoprint.plugins.tracking - INFO - Sent tracking event system_unthrottled, payload: {'throttled_now': False, 'throttled_past': False, 'throttled_mask': 0, 'throttled_voltage_now': False, 'throttled_voltage_past': False, 'throttled_overheat_now': False, 'throttled_overheat_past': False}
2026-05-11 14:28:27,015 - octoprint.plugins.discovery - INFO - Registered 'OctoPrint instance on pi._octoprint._tcp.local.' for _octoprint._tcp.local.
2026-05-11 14:28:27,022 - octoprint.plugins.discovery - INFO - Registered OctoPrint instance on pi for SSDP
2026-05-11 14:28:27,033 - octoprint.server - INFO - Listening on http://0.0.0.0:5000 and http://[::]:5000
2026-05-11 14:28:27,067 - octoprint.plugins.pluginmanager - INFO - Loaded plugin repository data from disk, was still valid
2026-05-11 14:28:27,437 - octoprint.server.util - WARNING - The global API key was just used. The global API key is deprecated and will cease to function with OctoPrint 1.13.0.
2026-05-11 14:28:27,500 - octoprint.plugins.pluginmanager - INFO - Loaded notice data from disk, was still valid
2026-05-11 14:28:27,506 - octoprint.plugins.pluginmanager - INFO - Saved a current plugin export to /home/pi/.octoprint/backup_plugin_export.json
2026-05-11 14:35:59,118 - octoprint.util.pip - INFO - Using "/home/pi/oprint/bin/python3 -m pip" as command to invoke pip
2026-05-11 14:35:59,119 - octoprint.util.pip - INFO - pip installs to /home/pi/oprint/lib/python3.13/site-packages (writable -> yes), --user flag needed -> no, virtual env -> yes
2026-05-11 14:35:59,119 - octoprint.util.pip - INFO - ==> pip ok -> yes
2026-05-11 14:35:59,124 - octoprint.plugins.softwareupdate - INFO - Minimum free storage across all update relevant locations is 922.8MB. That is considered sufficient for updating.
2026-05-11 14:35:59,147 - octoprint.plugins.ControlCenter - INFO - TouchUI Plugin Started
2026-05-11 14:35:59,153 - octoprint.plugins.ControlCenter - INFO - xinit file already contains correct ControlCenter path
2026-05-11 14:35:59,160 - octoprint.server.preemptive_cache - INFO - Preemptively caching / (ui _default) for {'base_url': 'http://192.168.0.47:5000/', 'path': '/', 'query_string': 'l10n=en'}
2026-05-11 14:35:59,435 - octoprint.plugins.healthcheck.python_eol - INFO - Fetched Python EOL data from https://get.octoprint.org/python-eol
2026-05-11 14:36:00,356 - octoprint.plugins.tracking - INFO - Sent tracking event ping, payload: {'octoprint_uptime': 7, 'printer_state': 'OFFLINE'}
2026-05-11 14:36:00,951 - octoprint.plugins.tracking - INFO - Sent tracking event pong, payload: {'version': '1.11.7', 'os': 'linux', 'platform': 'Linux-6.12.75+rpt-rpi-v8-aarch64-with-glibc2.41', 'bits': 64, 'python': '3.13.5', 'pip': '25.1.1', 'cores': 4, 'freq': 1500.0, 'ram': 1935220736, 'pi_model': 'Raspberry Pi Compute Module 4 Rev 1.1', 'plugins': 'controlcenter:1.0.0', 'achievements': 'the_wizard'}
2026-05-11 14:36:01,524 - octoprint.plugins.tracking - INFO - Sent tracking event startup, payload: {'version': '1.11.7', 'os': 'linux', 'platform': 'Linux-6.12.75+rpt-rpi-v8-aarch64-with-glibc2.41', 'bits': 64, 'python': '3.13.5', 'pip': '25.1.1', 'cores': 4, 'freq': 1500.0, 'ram': 1935220736, 'pi_model': 'Raspberry Pi Compute Module 4 Rev 1.1'}
2026-05-11 14:36:05,130 - octoprint.server.preemptive_cache - INFO - ... done in 5.97s
2026-05-11 14:36:28,769 - octoprint.server.util - WARNING - The global API key was just used. The global API key is deprecated and will cease to function with OctoPrint 1.13.0.
2026-05-11 14:36:28,962 - octoprint.server.util - WARNING - The global API key was just used. The global API key is deprecated and will cease to function with OctoPrint 1.13.0.
2026-05-11 14:36:28,983 - octoprint.server.util - WARNING - The global API key was just used. The global API key is deprecated and will cease to function with OctoPrint 1.13.0.
2026-05-11 14:36:28,992 - tornado.access - WARNING - 400 POST /api/connection (127.0.0.1) 13.81ms
2026-05-11 14:36:29,005 - octoprint.server.util - WARNING - The global API key was just used. The global API key is deprecated and will cease to function with OctoPrint 1.13.0.
2026-05-11 14:36:29,014 - tornado.access - WARNING - 400 POST /api/connection (127.0.0.1) 12.15ms
2026-05-11 14:36:30,767 - octoprint.server.util.sockjs - INFO - New connection from client: 127.0.0.1
2026-05-11 14:36:30,780 - octoprint.server.util - WARNING - The global API key was just used. The global API key is deprecated and will cease to function with OctoPrint 1.13.0.
2026-05-11 14:36:30,784 - octoprint.server.util.flask - INFO - Passively logging in user _api from 127.0.0.1
2026-05-11 14:36:30,784 - octoprint.access.users - INFO - Logged in user: _api
2026-05-11 14:36:30,800 - octoprint.server.util.sockjs - INFO - User _api logged in on the socket from client 127.0.0.1
2026-05-11 14:40:08,059 - octoprint.startup - INFO - ******************************************************************************
2026-05-11 14:40:08,061 - octoprint.startup - INFO - Starting OctoPrint 1.11.7
2026-05-11 14:40:08,062 - octoprint.startup - INFO - ******************************************************************************
2026-05-11 14:40:08,202 - octoprint.util.connectivity.connectivity_checker - INFO - Connectivity changed from offline to online
2026-05-11 14:40:08,209 - octoprint.util.connectivity.connectivity_checker - INFO - Connectivity state is currently: online
2026-05-11 14:40:08,209 - octoprint.util.connectivity.connectivity_checker - INFO - Connecting to 1.1.1.1:53 is working
2026-05-11 14:40:08,210 - octoprint.util.connectivity.connectivity_checker - INFO - Resolving octoprint.org is working
2026-05-11 14:40:08,229 - octoprint.plugin.core - INFO - Loading plugins from /home/pi/oprint/lib/python3.13/site-packages/octoprint/plugins, /home/pi/.octoprint/plugins and installed plugin packages...
2026-05-11 14:40:12,135 - octoprint.plugin.core - INFO - Found 24 plugin(s) providing 24 mixin implementations, 49 hook handlers
2026-05-11 14:40:12,253 - octoprint.server.heartbeat - INFO - Starting server heartbeat, 900.0s interval
2026-05-11 14:40:12,532 - octoprint.server - INFO - Intermediary server started
2026-05-11 14:40:12,541 - octoprint.filemanager.storage - INFO - Initializing the file metadata for /home/pi/.octoprint/uploads...
2026-05-11 14:40:12,543 - octoprint.filemanager.storage - INFO - ... file metadata for /home/pi/.octoprint/uploads initialized successfully.
2026-05-11 14:40:12,548 - octoprint.server - INFO - Added new permission from plugin achievements: PLUGIN_ACHIEVEMENTS_VIEW (needs: "Need(method='role', value='plugin_achievements_view')")
2026-05-11 14:40:12,548 - octoprint.server - INFO - Added new permission from plugin achievements: PLUGIN_ACHIEVEMENTS_RESET (needs: "Need(method='role', value='plugin_achievements_reset')")
2026-05-11 14:40:12,549 - octoprint.server - INFO - Added new permission from plugin action_command_notification: PLUGIN_ACTION_COMMAND_NOTIFICATION_SHOW (needs: "Need(method='role', value='plugin_action_command_notification_show')")
2026-05-11 14:40:12,549 - octoprint.server - INFO - Added new permission from plugin action_command_notification: PLUGIN_ACTION_COMMAND_NOTIFICATION_CLEAR (needs: "Need(method='role', value='plugin_action_command_notification_clear')")
2026-05-11 14:40:12,549 - octoprint.server - INFO - Added new permission from plugin action_command_prompt: PLUGIN_ACTION_COMMAND_PROMPT_INTERACT (needs: "Need(method='role', value='plugin_action_command_prompt_interact')")
2026-05-11 14:40:12,550 - octoprint.server - INFO - Added new permission from plugin announcements: PLUGIN_ANNOUNCEMENTS_READ (needs: "Need(method='role', value='plugin_announcements_read')")
2026-05-11 14:40:12,550 - octoprint.server - INFO - Added new permission from plugin announcements: PLUGIN_ANNOUNCEMENTS_MANAGE (needs: "Need(method='role', value='plugin_announcements_manage'), Need(method='role', value='plugin_announcements_read')")
2026-05-11 14:40:12,551 - octoprint.server - INFO - Added new permission from plugin appkeys: PLUGIN_APPKEYS_ADMIN (needs: "Need(method='role', value='plugin_appkeys_admin')")
2026-05-11 14:40:12,551 - octoprint.server - INFO - Added new permission from plugin appkeys: PLUGIN_APPKEYS_GRANT (needs: "Need(method='role', value='plugin_appkeys_user')")
2026-05-11 14:40:12,551 - octoprint.server - INFO - Added new permission from plugin backup: PLUGIN_BACKUP_CREATE (needs: "Need(method='role', value='plugin_backup_create')")
2026-05-11 14:40:12,552 - octoprint.server - INFO - Added new permission from plugin file_check: PLUGIN_FILE_CHECK_RUN (needs: "Need(method='role', value='plugin_file_check_run')")
2026-05-11 14:40:12,552 - octoprint.server - INFO - Added new permission from plugin firmware_check: PLUGIN_FIRMWARE_CHECK_DISPLAY (needs: "Need(method='role', value='plugin_firmware_check_display')")
2026-05-11 14:40:12,553 - octoprint.server - INFO - Added new permission from plugin health_check: PLUGIN_HEALTH_CHECK_CHECK (needs: "Need(method='role', value='plugin_health_check_check')")
2026-05-11 14:40:12,555 - octoprint.server - INFO - Added new permission from plugin logging: PLUGIN_LOGGING_MANAGE (needs: "Need(method='role', value='plugin_logging_manage')")
2026-05-11 14:40:12,561 - octoprint.server - INFO - Added new permission from plugin pi_support: PLUGIN_PI_SUPPORT_STATUS (needs: "Need(method='role', value='plugin_pi_support_check')")
2026-05-11 14:40:12,561 - octoprint.server - INFO - Added new permission from plugin pluginmanager: PLUGIN_PLUGINMANAGER_LIST (needs: "Need(method='role', value='plugin_pluginmanager_list')")
2026-05-11 14:40:12,562 - octoprint.server - INFO - Added new permission from plugin pluginmanager: PLUGIN_PLUGINMANAGER_MANAGE (needs: "Need(method='role', value='plugin_pluginmanager_manage')")
2026-05-11 14:40:12,562 - octoprint.server - INFO - Added new permission from plugin pluginmanager: PLUGIN_PLUGINMANAGER_INSTALL (needs: "Need(method='role', value='plugin_pluginmanager_manage'), Need(method='role', value='plugin_pluginmanager_install')")
2026-05-11 14:40:12,563 - octoprint.server - INFO - Added new permission from plugin softwareupdate: PLUGIN_SOFTWAREUPDATE_CHECK (needs: "Need(method='role', value='plugin_softwareupdate_check')")
2026-05-11 14:40:12,563 - octoprint.server - INFO - Added new permission from plugin softwareupdate: PLUGIN_SOFTWAREUPDATE_UPDATE (needs: "Need(method='role', value='plugin_softwareupdate_update')")
2026-05-11 14:40:12,563 - octoprint.server - INFO - Added new permission from plugin softwareupdate: PLUGIN_SOFTWAREUPDATE_CONFIGURE (needs: "Need(method='role', value='plugin_softwareupdate_configure')")
2026-05-11 14:40:12,595 - octoprint.plugins.achievements - INFO - Loading data from /home/pi/.octoprint/data/achievements/data.json
2026-05-11 14:40:12,599 - octoprint.plugins.achievements - INFO - Loading data for 2026 from /home/pi/.octoprint/data/achievements/2026.json
2026-05-11 14:40:12,654 - octoprint.plugins.softwareupdate - INFO - Loaded version cache from disk
2026-05-11 14:40:14,110 - octoprint.util.pip - INFO - Using "/home/pi/oprint/bin/python3 -m pip" as command to invoke pip
2026-05-11 14:40:14,403 - octoprint.plugins.healthcheck.python_eol - INFO - Fetched Python EOL data from https://get.octoprint.org/python-eol
2026-05-11 14:40:14,958 - octoprint.util.pip - INFO - Version of pip is 25.1.1
2026-05-11 14:40:15,260 - octoprint.util.pip - INFO - pip installs to /home/pi/oprint/lib/python3.13/site-packages (writable -> yes), --user flag needed -> no, virtual env -> yes
2026-05-11 14:40:15,260 - octoprint.util.pip - INFO - ==> pip ok -> yes
2026-05-11 14:40:15,286 - octoprint.plugins.file_check - INFO - Native grep available: True
2026-05-11 14:40:15,289 - octoprint.plugin.core - INFO - Initialized 24 plugin implementation(s)
2026-05-11 14:40:15,308 - octoprint - INFO - Installing webcam compat overlay for configured default webcam <octoprint.webcams.ProvidedWebcam object at 0x7f842f4c20>
2026-05-11 14:40:15,309 - octoprint.plugin.core - INFO - 24 plugin(s) registered with the system (23 bundled & 1 third party):
| Bundled Plugins (23)
|   Achievements Plugin (bundled) = /home/pi/oprint/lib/python3.13/site-packages/octoprint/plugins/achievements
|   Action Command Notification Support (bundled) = /home/pi/oprint/lib/python3.13/site-packages/octoprint/plugins/action_command_notification
|   Action Command Prompt Support (bundled) = /home/pi/oprint/lib/python3.13/site-packages/octoprint/plugins/action_command_prompt
|   Announcement Plugin (bundled) = /home/pi/oprint/lib/python3.13/site-packages/octoprint/plugins/announcements
|   Anonymous Usage Tracking (bundled) = /home/pi/oprint/lib/python3.13/site-packages/octoprint/plugins/tracking
|   Application Keys Plugin (bundled) = /home/pi/oprint/lib/python3.13/site-packages/octoprint/plugins/appkeys
|   Backup & Restore (bundled) = /home/pi/oprint/lib/python3.13/site-packages/octoprint/plugins/backup
|   Classic Webcam (bundled) = /home/pi/oprint/lib/python3.13/site-packages/octoprint/plugins/classicwebcam
|   Core Wizard (bundled) = /home/pi/oprint/lib/python3.13/site-packages/octoprint/plugins/corewizard
|   Custom Control Manager (bundled) = /home/pi/oprint/lib/python3.13/site-packages/octoprint/plugins/customcontrolmanager
|   Discovery (bundled) = /home/pi/oprint/lib/python3.13/site-packages/octoprint/plugins/discovery
|   Error Tracking (bundled) = /home/pi/oprint/lib/python3.13/site-packages/octoprint/plugins/errortracking
|   Event Manager (bundled) = /home/pi/oprint/lib/python3.13/site-packages/octoprint/plugins/eventmanager
|   File Check (2025.7.23) (bundled) = /home/pi/oprint/lib/python3.13/site-packages/octoprint_file_check
|   Firmware Check (2025.7.23) (bundled) = /home/pi/oprint/lib/python3.13/site-packages/octoprint_firmware_check
|   GCode Viewer (bundled) = /home/pi/oprint/lib/python3.13/site-packages/octoprint/plugins/gcodeviewer
|   Healthcheck Plugin (bundled) = /home/pi/oprint/lib/python3.13/site-packages/octoprint/plugins/health_check
|   Logging (bundled) = /home/pi/oprint/lib/python3.13/site-packages/octoprint/plugins/logging
|   Pi Support Plugin (2025.7.23) (bundled) = /home/pi/oprint/lib/python3.13/site-packages/octoprint_pi_support
|   Plugin Manager (bundled) = /home/pi/oprint/lib/python3.13/site-packages/octoprint/plugins/pluginmanager
|   Software Update (bundled) = /home/pi/oprint/lib/python3.13/site-packages/octoprint/plugins/softwareupdate
|   Upload Manager (bundled) = /home/pi/oprint/lib/python3.13/site-packages/octoprint/plugins/uploadmanager
|   Virtual Printer (bundled) = /home/pi/oprint/lib/python3.13/site-packages/octoprint/plugins/virtual_printer
| Third Party Plugins (1)
|   ControlCenter (1.0.0) = /home/pi/oprint/lib/python3.13/site-packages/octoprint_ControlCenter
Prefix legend: ! = disabled, # = blacklisted, * = incompatible
2026-05-11 14:40:15,333 - octoprint.environment - INFO - Detected environment is Python 3.13.5 under Linux (Linux-6.12.75+rpt-rpi-v8-aarch64-with-glibc2.41). Details:
|  hardware:
|    cores: 4
|    freq: 1500.0
|    ram: 1935220736
|  os:
|    bits: 64
|    id: linux
|    platform: Linux-6.12.75+rpt-rpi-v8-aarch64-with-glibc2.41
|  plugins:
|    pi_support:
|      model: Raspberry Pi Compute Module 4 Rev 1.1
|      throttle_check_enabled: true
|      throttle_check_functional: true
|      throttle_state: '0x0'
|  python:
|    pip: 25.1.1
|    version: 3.13.5
|    virtualenv: /home/pi/oprint
2026-05-11 14:40:15,357 - octoprint.server - INFO - Reset webasset folder /home/pi/.octoprint/generated/webassets...
2026-05-11 14:40:15,358 - octoprint.server - INFO - Reset webasset folder /home/pi/.octoprint/generated/.webassets-cache...
2026-05-11 14:40:15,359 - octoprint.server - INFO - Reset webasset folder /home/pi/.octoprint/generated/.webassets-manifest.json...
2026-05-11 14:40:15,617 - octoprint.timelapse - INFO - Enabled rendering queue processing
2026-05-11 14:40:15,967 - octoprint.server - INFO - Shutting down intermediary server...
2026-05-11 14:40:16,038 - octoprint.server - INFO - Intermediary server shut down
2026-05-11 14:40:16,040 - octoprint.events - INFO - Processing startup event, this is our first event
2026-05-11 14:40:16,041 - octoprint.events - INFO - Adding 3 events to queue that were held back before startup event
2026-05-11 14:40:16,041 - octoprint.filemanager - INFO - Adding backlog items from all storage types to analysis queue...
2026-05-11 14:40:16,043 - octoprint.server - INFO - Autoconnect on startup is configured, trying to connect to the printer...
2026-05-11 14:40:16,044 - octoprint.filemanager - INFO - Added 0 items from storage type "local" to analysis queue
2026-05-11 14:40:16,073 - octoprint.plugins.softwareupdate - INFO - Fetching check overlays from https://plugins.octoprint.org/update_check_overlay.json
2026-05-11 14:40:16,110 - octoprint.server - INFO - Could not find configured serial port {} in the system, cannot automatically connect to a non existing printer. Is it plugged in and booted up yet?
2026-05-11 14:40:16,111 - octoprint.server - INFO - Starting autorefresh of serial port list
2026-05-11 14:40:16,126 - octoprint.plugins.pluginmanager - INFO - Loaded plugin repository data from disk, was still valid
2026-05-11 14:40:16,139 - octoprint.server.util.watchdog - INFO - Running initial scan on watched folder...
2026-05-11 14:40:16,174 - octoprint.server.util.watchdog - INFO - ... initial scan done.
2026-05-11 14:40:16,375 - octoprint.server - INFO - Serial port list was updated, refreshing the port list in the frontend
2026-05-11 14:40:16,472 - octoprint.plugins.pluginmanager - INFO - Loaded notice data from disk, was still valid
2026-05-11 14:40:16,868 - octoprint.plugins.tracking - INFO - Sent tracking event system_unthrottled, payload: {'throttled_now': False, 'throttled_past': False, 'throttled_mask': 0, 'throttled_voltage_now': False, 'throttled_voltage_past': False, 'throttled_overheat_now': False, 'throttled_overheat_past': False}
2026-05-11 14:40:17,198 - octoprint.plugins.discovery - INFO - Registered 'OctoPrint instance on pi._http._tcp.local.' for _http._tcp.local.
2026-05-11 14:40:18,010 - octoprint.plugins.discovery - INFO - Registered 'OctoPrint instance on pi._octoprint._tcp.local.' for _octoprint._tcp.local.
2026-05-11 14:40:18,019 - octoprint.plugins.discovery - INFO - Registered OctoPrint instance on pi for SSDP
2026-05-11 14:40:18,031 - octoprint.server - INFO - Listening on http://0.0.0.0:5000 and http://[::]:5000
2026-05-11 14:40:18,060 - octoprint.plugins.pluginmanager - INFO - Loaded plugin repository data from disk, was still valid
2026-05-11 14:40:18,243 - octoprint.server.util - WARNING - The global API key was just used. The global API key is deprecated and will cease to function with OctoPrint 1.13.0.
2026-05-11 14:40:18,456 - octoprint.plugins.pluginmanager - INFO - Loaded notice data from disk, was still valid
2026-05-11 14:40:18,461 - octoprint.plugins.pluginmanager - INFO - Saved a current plugin export to /home/pi/.octoprint/backup_plugin_export.json
2026-05-11 14:42:59,124 - octoprint.util.pip - INFO - Using "/home/pi/oprint/bin/python3 -m pip" as command to invoke pip
2026-05-11 14:42:59,125 - octoprint.util.pip - INFO - pip installs to /home/pi/oprint/lib/python3.13/site-packages (writable -> yes), --user flag needed -> no, virtual env -> yes
2026-05-11 14:42:59,125 - octoprint.util.pip - INFO - ==> pip ok -> yes
2026-05-11 14:42:59,131 - octoprint.plugins.softwareupdate - INFO - Minimum free storage across all update relevant locations is 922.8MB. That is considered sufficient for updating.
2026-05-11 14:42:59,154 - octoprint.plugins.ControlCenter - INFO - TouchUI Plugin Started
2026-05-11 14:42:59,159 - octoprint.plugins.ControlCenter - INFO - xinit file already contains correct ControlCenter path
2026-05-11 14:42:59,166 - octoprint.server.preemptive_cache - INFO - Preemptively caching / (ui _default) for {'base_url': 'http://192.168.0.47:5000/', 'path': '/', 'query_string': 'l10n=en'}
2026-05-11 14:42:59,732 - octoprint.plugins.tracking - INFO - Sent tracking event ping, payload: {'octoprint_uptime': 7, 'printer_state': 'OFFLINE'}
2026-05-11 14:43:00,328 - octoprint.plugins.tracking - INFO - Sent tracking event pong, payload: {'version': '1.11.7', 'os': 'linux', 'platform': 'Linux-6.12.75+rpt-rpi-v8-aarch64-with-glibc2.41', 'bits': 64, 'python': '3.13.5', 'pip': '25.1.1', 'cores': 4, 'freq': 1500.0, 'ram': 1935220736, 'pi_model': 'Raspberry Pi Compute Module 4 Rev 1.1', 'plugins': 'controlcenter:1.0.0', 'achievements': 'the_wizard'}
2026-05-11 14:43:00,935 - octoprint.plugins.tracking - INFO - Sent tracking event startup, payload: {'version': '1.11.7', 'os': 'linux', 'platform': 'Linux-6.12.75+rpt-rpi-v8-aarch64-with-glibc2.41', 'bits': 64, 'python': '3.13.5', 'pip': '25.1.1', 'cores': 4, 'freq': 1500.0, 'ram': 1935220736, 'pi_model': 'Raspberry Pi Compute Module 4 Rev 1.1'}
2026-05-11 14:43:05,255 - octoprint.server.preemptive_cache - INFO - ... done in 6.09s
2026-05-11 14:43:28,657 - octoprint.server.util - WARNING - The global API key was just used. The global API key is deprecated and will cease to function with OctoPrint 1.13.0.
2026-05-11 14:43:28,846 - octoprint.server.util - WARNING - The global API key was just used. The global API key is deprecated and will cease to function with OctoPrint 1.13.0.
2026-05-11 14:43:28,870 - octoprint.server.util - WARNING - The global API key was just used. The global API key is deprecated and will cease to function with OctoPrint 1.13.0.
2026-05-11 14:43:28,879 - tornado.access - WARNING - 400 POST /api/connection (127.0.0.1) 12.41ms
2026-05-11 14:43:28,893 - octoprint.server.util - WARNING - The global API key was just used. The global API key is deprecated and will cease to function with OctoPrint 1.13.0.
2026-05-11 14:43:28,902 - tornado.access - WARNING - 400 POST /api/connection (127.0.0.1) 12.12ms
2026-05-11 14:43:30,647 - octoprint.server.util.sockjs - INFO - New connection from client: 127.0.0.1
2026-05-11 14:43:30,660 - octoprint.server.util - WARNING - The global API key was just used. The global API key is deprecated and will cease to function with OctoPrint 1.13.0.
2026-05-11 14:43:30,664 - octoprint.server.util.flask - INFO - Passively logging in user _api from 127.0.0.1
2026-05-11 14:43:30,665 - octoprint.access.users - INFO - Logged in user: _api
2026-05-11 14:43:30,680 - octoprint.server.util.sockjs - INFO - User _api logged in on the socket from client 127.0.0.1
2026-05-11 14:54:46,814 - octoprint.startup - INFO - ******************************************************************************
2026-05-11 14:54:46,817 - octoprint.startup - INFO - Starting OctoPrint 1.11.7
2026-05-11 14:54:46,820 - octoprint.startup - INFO - ******************************************************************************
2026-05-11 14:54:46,983 - octoprint.util.connectivity.connectivity_checker - INFO - Connectivity changed from offline to online
2026-05-11 14:54:46,991 - octoprint.util.connectivity.connectivity_checker - INFO - Connectivity state is currently: online
2026-05-11 14:54:46,992 - octoprint.util.connectivity.connectivity_checker - INFO - Connecting to 1.1.1.1:53 is working
2026-05-11 14:54:46,992 - octoprint.util.connectivity.connectivity_checker - INFO - Resolving octoprint.org is working
2026-05-11 14:54:47,017 - octoprint.plugin.core - INFO - Loading plugins from /home/pi/oprint/lib/python3.13/site-packages/octoprint/plugins, /home/pi/.octoprint/plugins and installed plugin packages...
2026-05-11 14:54:50,725 - octoprint.plugin.core - INFO - Found 24 plugin(s) providing 24 mixin implementations, 49 hook handlers
2026-05-11 14:54:50,807 - octoprint.server.heartbeat - INFO - Starting server heartbeat, 900.0s interval
2026-05-11 14:54:51,054 - octoprint.server - INFO - Intermediary server started
2026-05-11 14:54:51,064 - octoprint.filemanager.storage - INFO - Initializing the file metadata for /home/pi/.octoprint/uploads...
2026-05-11 14:54:51,065 - octoprint.filemanager.storage - INFO - ... file metadata for /home/pi/.octoprint/uploads initialized successfully.
2026-05-11 14:54:51,069 - octoprint.server - INFO - Added new permission from plugin achievements: PLUGIN_ACHIEVEMENTS_VIEW (needs: "Need(method='role', value='plugin_achievements_view')")
2026-05-11 14:54:51,069 - octoprint.server - INFO - Added new permission from plugin achievements: PLUGIN_ACHIEVEMENTS_RESET (needs: "Need(method='role', value='plugin_achievements_reset')")
2026-05-11 14:54:51,070 - octoprint.server - INFO - Added new permission from plugin action_command_notification: PLUGIN_ACTION_COMMAND_NOTIFICATION_SHOW (needs: "Need(method='role', value='plugin_action_command_notification_show')")
2026-05-11 14:54:51,070 - octoprint.server - INFO - Added new permission from plugin action_command_notification: PLUGIN_ACTION_COMMAND_NOTIFICATION_CLEAR (needs: "Need(method='role', value='plugin_action_command_notification_clear')")
2026-05-11 14:54:51,070 - octoprint.server - INFO - Added new permission from plugin action_command_prompt: PLUGIN_ACTION_COMMAND_PROMPT_INTERACT (needs: "Need(method='role', value='plugin_action_command_prompt_interact')")
2026-05-11 14:54:51,070 - octoprint.server - INFO - Added new permission from plugin announcements: PLUGIN_ANNOUNCEMENTS_READ (needs: "Need(method='role', value='plugin_announcements_read')")
2026-05-11 14:54:51,071 - octoprint.server - INFO - Added new permission from plugin announcements: PLUGIN_ANNOUNCEMENTS_MANAGE (needs: "Need(method='role', value='plugin_announcements_manage'), Need(method='role', value='plugin_announcements_read')")
2026-05-11 14:54:51,071 - octoprint.server - INFO - Added new permission from plugin appkeys: PLUGIN_APPKEYS_ADMIN (needs: "Need(method='role', value='plugin_appkeys_admin')")
2026-05-11 14:54:51,071 - octoprint.server - INFO - Added new permission from plugin appkeys: PLUGIN_APPKEYS_GRANT (needs: "Need(method='role', value='plugin_appkeys_user')")
2026-05-11 14:54:51,071 - octoprint.server - INFO - Added new permission from plugin backup: PLUGIN_BACKUP_CREATE (needs: "Need(method='role', value='plugin_backup_create')")
2026-05-11 14:54:51,072 - octoprint.server - INFO - Added new permission from plugin file_check: PLUGIN_FILE_CHECK_RUN (needs: "Need(method='role', value='plugin_file_check_run')")
2026-05-11 14:54:51,072 - octoprint.server - INFO - Added new permission from plugin firmware_check: PLUGIN_FIRMWARE_CHECK_DISPLAY (needs: "Need(method='role', value='plugin_firmware_check_display')")
2026-05-11 14:54:51,072 - octoprint.server - INFO - Added new permission from plugin health_check: PLUGIN_HEALTH_CHECK_CHECK (needs: "Need(method='role', value='plugin_health_check_check')")
2026-05-11 14:54:51,072 - octoprint.server - INFO - Added new permission from plugin logging: PLUGIN_LOGGING_MANAGE (needs: "Need(method='role', value='plugin_logging_manage')")
2026-05-11 14:54:51,072 - octoprint.server - INFO - Added new permission from plugin pi_support: PLUGIN_PI_SUPPORT_STATUS (needs: "Need(method='role', value='plugin_pi_support_check')")
2026-05-11 14:54:51,073 - octoprint.server - INFO - Added new permission from plugin pluginmanager: PLUGIN_PLUGINMANAGER_LIST (needs: "Need(method='role', value='plugin_pluginmanager_list')")
2026-05-11 14:54:51,073 - octoprint.server - INFO - Added new permission from plugin pluginmanager: PLUGIN_PLUGINMANAGER_MANAGE (needs: "Need(method='role', value='plugin_pluginmanager_manage')")
2026-05-11 14:54:51,073 - octoprint.server - INFO - Added new permission from plugin pluginmanager: PLUGIN_PLUGINMANAGER_INSTALL (needs: "Need(method='role', value='plugin_pluginmanager_manage'), Need(method='role', value='plugin_pluginmanager_install')")
2026-05-11 14:54:51,073 - octoprint.server - INFO - Added new permission from plugin softwareupdate: PLUGIN_SOFTWAREUPDATE_CHECK (needs: "Need(method='role', value='plugin_softwareupdate_check')")
2026-05-11 14:54:51,074 - octoprint.server - INFO - Added new permission from plugin softwareupdate: PLUGIN_SOFTWAREUPDATE_UPDATE (needs: "Need(method='role', value='plugin_softwareupdate_update')")
2026-05-11 14:54:51,074 - octoprint.server - INFO - Added new permission from plugin softwareupdate: PLUGIN_SOFTWAREUPDATE_CONFIGURE (needs: "Need(method='role', value='plugin_softwareupdate_configure')")
2026-05-11 14:54:51,102 - octoprint.plugins.achievements - INFO - Loading data from /home/pi/.octoprint/data/achievements/data.json
2026-05-11 14:54:51,106 - octoprint.plugins.achievements - INFO - Loading data for 2026 from /home/pi/.octoprint/data/achievements/2026.json
2026-05-11 14:54:51,159 - octoprint.plugins.softwareupdate - INFO - Loaded version cache from disk
2026-05-11 14:54:52,531 - octoprint.util.pip - INFO - Using "/home/pi/oprint/bin/python3 -m pip" as command to invoke pip
2026-05-11 14:54:52,868 - octoprint.plugins.healthcheck.python_eol - INFO - Fetched Python EOL data from https://get.octoprint.org/python-eol
2026-05-11 14:54:53,441 - octoprint.util.pip - INFO - Version of pip is 25.1.1
2026-05-11 14:54:53,780 - octoprint.util.pip - INFO - pip installs to /home/pi/oprint/lib/python3.13/site-packages (writable -> yes), --user flag needed -> no, virtual env -> yes
2026-05-11 14:54:53,780 - octoprint.util.pip - INFO - ==> pip ok -> yes
2026-05-11 14:54:53,806 - octoprint.plugins.file_check - INFO - Native grep available: True
2026-05-11 14:54:53,809 - octoprint.plugin.core - INFO - Initialized 24 plugin implementation(s)
2026-05-11 14:54:53,829 - octoprint - INFO - Installing webcam compat overlay for configured default webcam <octoprint.webcams.ProvidedWebcam object at 0x7f7d9a4c20>
2026-05-11 14:54:53,831 - octoprint.plugin.core - INFO - 24 plugin(s) registered with the system (23 bundled & 1 third party):
| Bundled Plugins (23)
|   Achievements Plugin (bundled) = /home/pi/oprint/lib/python3.13/site-packages/octoprint/plugins/achievements
|   Action Command Notification Support (bundled) = /home/pi/oprint/lib/python3.13/site-packages/octoprint/plugins/action_command_notification
|   Action Command Prompt Support (bundled) = /home/pi/oprint/lib/python3.13/site-packages/octoprint/plugins/action_command_prompt
|   Announcement Plugin (bundled) = /home/pi/oprint/lib/python3.13/site-packages/octoprint/plugins/announcements
|   Anonymous Usage Tracking (bundled) = /home/pi/oprint/lib/python3.13/site-packages/octoprint/plugins/tracking
|   Application Keys Plugin (bundled) = /home/pi/oprint/lib/python3.13/site-packages/octoprint/plugins/appkeys
|   Backup & Restore (bundled) = /home/pi/oprint/lib/python3.13/site-packages/octoprint/plugins/backup
|   Classic Webcam (bundled) = /home/pi/oprint/lib/python3.13/site-packages/octoprint/plugins/classicwebcam
|   Core Wizard (bundled) = /home/pi/oprint/lib/python3.13/site-packages/octoprint/plugins/corewizard
|   Custom Control Manager (bundled) = /home/pi/oprint/lib/python3.13/site-packages/octoprint/plugins/customcontrolmanager
|   Discovery (bundled) = /home/pi/oprint/lib/python3.13/site-packages/octoprint/plugins/discovery
|   Error Tracking (bundled) = /home/pi/oprint/lib/python3.13/site-packages/octoprint/plugins/errortracking
|   Event Manager (bundled) = /home/pi/oprint/lib/python3.13/site-packages/octoprint/plugins/eventmanager
|   File Check (2025.7.23) (bundled) = /home/pi/oprint/lib/python3.13/site-packages/octoprint_file_check
|   Firmware Check (2025.7.23) (bundled) = /home/pi/oprint/lib/python3.13/site-packages/octoprint_firmware_check
|   GCode Viewer (bundled) = /home/pi/oprint/lib/python3.13/site-packages/octoprint/plugins/gcodeviewer
|   Healthcheck Plugin (bundled) = /home/pi/oprint/lib/python3.13/site-packages/octoprint/plugins/health_check
|   Logging (bundled) = /home/pi/oprint/lib/python3.13/site-packages/octoprint/plugins/logging
|   Pi Support Plugin (2025.7.23) (bundled) = /home/pi/oprint/lib/python3.13/site-packages/octoprint_pi_support
|   Plugin Manager (bundled) = /home/pi/oprint/lib/python3.13/site-packages/octoprint/plugins/pluginmanager
|   Software Update (bundled) = /home/pi/oprint/lib/python3.13/site-packages/octoprint/plugins/softwareupdate
|   Upload Manager (bundled) = /home/pi/oprint/lib/python3.13/site-packages/octoprint/plugins/uploadmanager
|   Virtual Printer (bundled) = /home/pi/oprint/lib/python3.13/site-packages/octoprint/plugins/virtual_printer
| Third Party Plugins (1)
|   ControlCenter (1.0.0) = /home/pi/oprint/lib/python3.13/site-packages/octoprint_ControlCenter
Prefix legend: ! = disabled, # = blacklisted, * = incompatible
2026-05-11 14:54:53,850 - octoprint.environment - INFO - Detected environment is Python 3.13.5 under Linux (Linux-6.12.75+rpt-rpi-v8-aarch64-with-glibc2.41). Details:
|  hardware:
|    cores: 4
|    freq: 1500.0
|    ram: 1935220736
|  os:
|    bits: 64
|    id: linux
|    platform: Linux-6.12.75+rpt-rpi-v8-aarch64-with-glibc2.41
|  plugins:
|    pi_support:
|      model: Raspberry Pi Compute Module 4 Rev 1.1
|      throttle_check_enabled: true
|      throttle_check_functional: true
|      throttle_state: '0x0'
|  python:
|    pip: 25.1.1
|    version: 3.13.5
|    virtualenv: /home/pi/oprint
2026-05-11 14:54:53,862 - octoprint.server - INFO - Reset webasset folder /home/pi/.octoprint/generated/webassets...
2026-05-11 14:54:53,863 - octoprint.server - INFO - Reset webasset folder /home/pi/.octoprint/generated/.webassets-cache...
2026-05-11 14:54:53,868 - octoprint.server - INFO - Reset webasset folder /home/pi/.octoprint/generated/.webassets-manifest.json...
2026-05-11 14:54:54,029 - octoprint.timelapse - INFO - Enabled rendering queue processing
2026-05-11 14:54:54,458 - octoprint.server - INFO - Shutting down intermediary server...
2026-05-11 14:54:54,567 - octoprint.server - INFO - Intermediary server shut down
2026-05-11 14:54:54,570 - octoprint.events - INFO - Processing startup event, this is our first event
2026-05-11 14:54:54,570 - octoprint.events - INFO - Adding 3 events to queue that were held back before startup event
2026-05-11 14:54:54,571 - octoprint.filemanager - INFO - Adding backlog items from all storage types to analysis queue...
2026-05-11 14:54:54,572 - octoprint.server - INFO - Autoconnect on startup is configured, trying to connect to the printer...
2026-05-11 14:54:54,613 - octoprint.plugins.softwareupdate - INFO - Fetching check overlays from https://plugins.octoprint.org/update_check_overlay.json
2026-05-11 14:54:54,614 - octoprint.filemanager - INFO - Added 0 items from storage type "local" to analysis queue
2026-05-11 14:54:54,631 - octoprint.server - INFO - Could not find configured serial port {} in the system, cannot automatically connect to a non existing printer. Is it plugged in and booted up yet?
2026-05-11 14:54:54,633 - octoprint.server - INFO - Starting autorefresh of serial port list
2026-05-11 14:54:54,647 - octoprint.plugins.pluginmanager - INFO - Loaded plugin repository data from disk, was still valid
2026-05-11 14:54:54,675 - octoprint.server.util.watchdog - INFO - Running initial scan on watched folder...
2026-05-11 14:54:54,704 - octoprint.server.util.watchdog - INFO - ... initial scan done.
2026-05-11 14:54:54,755 - octoprint.server - INFO - Serial port list was updated, refreshing the port list in the frontend
2026-05-11 14:54:54,978 - octoprint.plugins.pluginmanager - INFO - Loaded notice data from disk, was still valid
2026-05-11 14:54:55,364 - octoprint.plugins.tracking - INFO - Sent tracking event system_unthrottled, payload: {'throttled_now': False, 'throttled_past': False, 'throttled_mask': 0, 'throttled_voltage_now': False, 'throttled_voltage_past': False, 'throttled_overheat_now': False, 'throttled_overheat_past': False}
2026-05-11 14:54:55,747 - octoprint.plugins.discovery - INFO - Registered 'OctoPrint instance on pi._http._tcp.local.' for _http._tcp.local.
2026-05-11 14:54:56,558 - octoprint.plugins.discovery - INFO - Registered 'OctoPrint instance on pi._octoprint._tcp.local.' for _octoprint._tcp.local.
2026-05-11 14:54:56,565 - octoprint.plugins.discovery - INFO - Registered OctoPrint instance on pi for SSDP
2026-05-11 14:54:56,575 - octoprint.server - INFO - Listening on http://0.0.0.0:5000 and http://[::]:5000
2026-05-11 14:54:56,604 - octoprint.plugins.pluginmanager - INFO - Loaded plugin repository data from disk, was still valid
2026-05-11 14:54:57,001 - octoprint.plugins.pluginmanager - INFO - Loaded notice data from disk, was still valid
2026-05-11 14:54:57,007 - octoprint.plugins.pluginmanager - INFO - Saved a current plugin export to /home/pi/.octoprint/backup_plugin_export.json
2026-05-11 14:54:57,236 - octoprint.server.util - WARNING - The global API key was just used. The global API key is deprecated and will cease to function with OctoPrint 1.13.0.
2026-05-11 14:54:57,419 - octoprint.util.pip - INFO - Using "/home/pi/oprint/bin/python3 -m pip" as command to invoke pip
2026-05-11 14:54:57,420 - octoprint.util.pip - INFO - pip installs to /home/pi/oprint/lib/python3.13/site-packages (writable -> yes), --user flag needed -> no, virtual env -> yes
2026-05-11 14:54:57,420 - octoprint.util.pip - INFO - ==> pip ok -> yes
2026-05-11 14:54:57,425 - octoprint.plugins.softwareupdate - INFO - Minimum free storage across all update relevant locations is 922.8MB. That is considered sufficient for updating.
2026-05-11 14:54:57,450 - octoprint.plugins.ControlCenter - INFO - TouchUI Plugin Started
2026-05-11 14:54:57,452 - octoprint.plugins.ControlCenter - INFO - xinit file already contains correct ControlCenter path
2026-05-11 14:54:57,458 - octoprint.server.preemptive_cache - INFO - Preemptively caching / (ui _default) for {'base_url': 'http://192.168.0.47:5000/', 'path': '/', 'query_string': 'l10n=en'}
2026-05-11 14:55:13,063 - octoprint.plugins.tracking - INFO - Sent tracking event ping, payload: {'octoprint_uptime': 7, 'printer_state': 'OFFLINE'}
2026-05-11 14:55:13,731 - octoprint.plugins.tracking - INFO - Sent tracking event pong, payload: {'version': '1.11.7', 'os': 'linux', 'platform': 'Linux-6.12.75+rpt-rpi-v8-aarch64-with-glibc2.41', 'bits': 64, 'python': '3.13.5', 'pip': '25.1.1', 'cores': 4, 'freq': 1500.0, 'ram': 1935220736, 'pi_model': 'Raspberry Pi Compute Module 4 Rev 1.1', 'plugins': 'controlcenter:1.0.0', 'achievements': 'the_wizard'}
2026-05-11 14:55:14,367 - octoprint.plugins.tracking - INFO - Sent tracking event startup, payload: {'version': '1.11.7', 'os': 'linux', 'platform': 'Linux-6.12.75+rpt-rpi-v8-aarch64-with-glibc2.41', 'bits': 64, 'python': '3.13.5', 'pip': '25.1.1', 'cores': 4, 'freq': 1500.0, 'ram': 1935220736, 'pi_model': 'Raspberry Pi Compute Module 4 Rev 1.1'}
2026-05-11 14:55:18,468 - octoprint.server.preemptive_cache - INFO - ... done in 5.98s
2026-05-11 14:55:42,315 - octoprint.server.util - WARNING - The global API key was just used. The global API key is deprecated and will cease to function with OctoPrint 1.13.0.
2026-05-11 14:55:42,474 - octoprint.server.util - WARNING - The global API key was just used. The global API key is deprecated and will cease to function with OctoPrint 1.13.0.
2026-05-11 14:55:42,498 - octoprint.server.util - WARNING - The global API key was just used. The global API key is deprecated and will cease to function with OctoPrint 1.13.0.
2026-05-11 14:55:42,507 - tornado.access - WARNING - 400 POST /api/connection (127.0.0.1) 12.79ms
2026-05-11 14:55:42,520 - octoprint.server.util - WARNING - The global API key was just used. The global API key is deprecated and will cease to function with OctoPrint 1.13.0.
2026-05-11 14:55:42,529 - tornado.access - WARNING - 400 POST /api/connection (127.0.0.1) 11.96ms
2026-05-11 14:55:44,245 - octoprint.server.util.sockjs - INFO - New connection from client: 127.0.0.1
2026-05-11 14:55:44,260 - octoprint.server.util - WARNING - The global API key was just used. The global API key is deprecated and will cease to function with OctoPrint 1.13.0.
2026-05-11 14:55:44,264 - octoprint.server.util.flask - INFO - Passively logging in user _api from 127.0.0.1
2026-05-11 14:55:44,264 - octoprint.access.users - INFO - Logged in user: _api
2026-05-11 14:55:44,284 - octoprint.server.util.sockjs - INFO - User _api logged in on the socket from client 127.0.0.1
2026-05-11 15:03:37,512 - octoprint.startup - INFO - ******************************************************************************
2026-05-11 15:03:37,514 - octoprint.startup - INFO - Starting OctoPrint 1.11.7
2026-05-11 15:03:37,516 - octoprint.startup - INFO - ******************************************************************************
2026-05-11 15:03:37,692 - octoprint.util.connectivity.connectivity_checker - INFO - Connectivity changed from offline to online
2026-05-11 15:03:37,699 - octoprint.util.connectivity.connectivity_checker - INFO - Connectivity state is currently: online
2026-05-11 15:03:37,699 - octoprint.util.connectivity.connectivity_checker - INFO - Connecting to 1.1.1.1:53 is working
2026-05-11 15:03:37,699 - octoprint.util.connectivity.connectivity_checker - INFO - Resolving octoprint.org is working
2026-05-11 15:03:37,717 - octoprint.plugin.core - INFO - Loading plugins from /home/pi/oprint/lib/python3.13/site-packages/octoprint/plugins, /home/pi/.octoprint/plugins and installed plugin packages...
2026-05-11 15:03:41,929 - octoprint.plugin.core - INFO - Found 24 plugin(s) providing 24 mixin implementations, 49 hook handlers
2026-05-11 15:03:42,001 - octoprint.server.heartbeat - INFO - Starting server heartbeat, 900.0s interval
2026-05-11 15:03:42,208 - octoprint.server - INFO - Intermediary server started
2026-05-11 15:03:42,217 - octoprint.filemanager.storage - INFO - Initializing the file metadata for /home/pi/.octoprint/uploads...
2026-05-11 15:03:42,219 - octoprint.filemanager.storage - INFO - ... file metadata for /home/pi/.octoprint/uploads initialized successfully.
2026-05-11 15:03:42,222 - octoprint.server - INFO - Added new permission from plugin achievements: PLUGIN_ACHIEVEMENTS_VIEW (needs: "Need(method='role', value='plugin_achievements_view')")
2026-05-11 15:03:42,223 - octoprint.server - INFO - Added new permission from plugin achievements: PLUGIN_ACHIEVEMENTS_RESET (needs: "Need(method='role', value='plugin_achievements_reset')")
2026-05-11 15:03:42,223 - octoprint.server - INFO - Added new permission from plugin action_command_notification: PLUGIN_ACTION_COMMAND_NOTIFICATION_SHOW (needs: "Need(method='role', value='plugin_action_command_notification_show')")
2026-05-11 15:03:42,224 - octoprint.server - INFO - Added new permission from plugin action_command_notification: PLUGIN_ACTION_COMMAND_NOTIFICATION_CLEAR (needs: "Need(method='role', value='plugin_action_command_notification_clear')")
2026-05-11 15:03:42,224 - octoprint.server - INFO - Added new permission from plugin action_command_prompt: PLUGIN_ACTION_COMMAND_PROMPT_INTERACT (needs: "Need(method='role', value='plugin_action_command_prompt_interact')")
2026-05-11 15:03:42,224 - octoprint.server - INFO - Added new permission from plugin announcements: PLUGIN_ANNOUNCEMENTS_READ (needs: "Need(method='role', value='plugin_announcements_read')")
2026-05-11 15:03:42,225 - octoprint.server - INFO - Added new permission from plugin announcements: PLUGIN_ANNOUNCEMENTS_MANAGE (needs: "Need(method='role', value='plugin_announcements_manage'), Need(method='role', value='plugin_announcements_read')")
2026-05-11 15:03:42,225 - octoprint.server - INFO - Added new permission from plugin appkeys: PLUGIN_APPKEYS_ADMIN (needs: "Need(method='role', value='plugin_appkeys_admin')")
2026-05-11 15:03:42,226 - octoprint.server - INFO - Added new permission from plugin appkeys: PLUGIN_APPKEYS_GRANT (needs: "Need(method='role', value='plugin_appkeys_user')")
2026-05-11 15:03:42,226 - octoprint.server - INFO - Added new permission from plugin backup: PLUGIN_BACKUP_CREATE (needs: "Need(method='role', value='plugin_backup_create')")
2026-05-11 15:03:42,226 - octoprint.server - INFO - Added new permission from plugin file_check: PLUGIN_FILE_CHECK_RUN (needs: "Need(method='role', value='plugin_file_check_run')")
2026-05-11 15:03:42,227 - octoprint.server - INFO - Added new permission from plugin firmware_check: PLUGIN_FIRMWARE_CHECK_DISPLAY (needs: "Need(method='role', value='plugin_firmware_check_display')")
2026-05-11 15:03:42,227 - octoprint.server - INFO - Added new permission from plugin health_check: PLUGIN_HEALTH_CHECK_CHECK (needs: "Need(method='role', value='plugin_health_check_check')")
2026-05-11 15:03:42,227 - octoprint.server - INFO - Added new permission from plugin logging: PLUGIN_LOGGING_MANAGE (needs: "Need(method='role', value='plugin_logging_manage')")
2026-05-11 15:03:42,228 - octoprint.server - INFO - Added new permission from plugin pi_support: PLUGIN_PI_SUPPORT_STATUS (needs: "Need(method='role', value='plugin_pi_support_check')")
2026-05-11 15:03:42,230 - octoprint.server - INFO - Added new permission from plugin pluginmanager: PLUGIN_PLUGINMANAGER_LIST (needs: "Need(method='role', value='plugin_pluginmanager_list')")
2026-05-11 15:03:42,231 - octoprint.server - INFO - Added new permission from plugin pluginmanager: PLUGIN_PLUGINMANAGER_MANAGE (needs: "Need(method='role', value='plugin_pluginmanager_manage')")
2026-05-11 15:03:42,232 - octoprint.server - INFO - Added new permission from plugin pluginmanager: PLUGIN_PLUGINMANAGER_INSTALL (needs: "Need(method='role', value='plugin_pluginmanager_manage'), Need(method='role', value='plugin_pluginmanager_install')")
2026-05-11 15:03:42,233 - octoprint.server - INFO - Added new permission from plugin softwareupdate: PLUGIN_SOFTWAREUPDATE_CHECK (needs: "Need(method='role', value='plugin_softwareupdate_check')")
2026-05-11 15:03:42,235 - octoprint.server - INFO - Added new permission from plugin softwareupdate: PLUGIN_SOFTWAREUPDATE_UPDATE (needs: "Need(method='role', value='plugin_softwareupdate_update')")
2026-05-11 15:03:42,236 - octoprint.server - INFO - Added new permission from plugin softwareupdate: PLUGIN_SOFTWAREUPDATE_CONFIGURE (needs: "Need(method='role', value='plugin_softwareupdate_configure')")
2026-05-11 15:03:42,267 - octoprint.plugins.achievements - INFO - Loading data from /home/pi/.octoprint/data/achievements/data.json
2026-05-11 15:03:42,271 - octoprint.plugins.achievements - INFO - Loading data for 2026 from /home/pi/.octoprint/data/achievements/2026.json
2026-05-11 15:03:42,328 - octoprint.plugins.softwareupdate - INFO - Loaded version cache from disk
2026-05-11 15:03:43,610 - octoprint.util.pip - INFO - Using "/home/pi/oprint/bin/python3 -m pip" as command to invoke pip
2026-05-11 15:03:44,033 - octoprint.plugins.healthcheck.python_eol - INFO - Fetched Python EOL data from https://get.octoprint.org/python-eol
2026-05-11 15:03:44,550 - octoprint.util.pip - INFO - Version of pip is 25.1.1
2026-05-11 15:03:44,982 - octoprint.util.pip - INFO - pip installs to /home/pi/oprint/lib/python3.13/site-packages (writable -> yes), --user flag needed -> no, virtual env -> yes
2026-05-11 15:03:44,983 - octoprint.util.pip - INFO - ==> pip ok -> yes
2026-05-11 15:03:45,007 - octoprint.plugins.file_check - INFO - Native grep available: True
2026-05-11 15:03:45,009 - octoprint.plugin.core - INFO - Initialized 24 plugin implementation(s)
2026-05-11 15:03:45,027 - octoprint - INFO - Installing webcam compat overlay for configured default webcam <octoprint.webcams.ProvidedWebcam object at 0x7f88434c20>
2026-05-11 15:03:45,028 - octoprint.plugin.core - INFO - 24 plugin(s) registered with the system (23 bundled & 1 third party):
| Bundled Plugins (23)
|   Achievements Plugin (bundled) = /home/pi/oprint/lib/python3.13/site-packages/octoprint/plugins/achievements
|   Action Command Notification Support (bundled) = /home/pi/oprint/lib/python3.13/site-packages/octoprint/plugins/action_command_notification
|   Action Command Prompt Support (bundled) = /home/pi/oprint/lib/python3.13/site-packages/octoprint/plugins/action_command_prompt
|   Announcement Plugin (bundled) = /home/pi/oprint/lib/python3.13/site-packages/octoprint/plugins/announcements
|   Anonymous Usage Tracking (bundled) = /home/pi/oprint/lib/python3.13/site-packages/octoprint/plugins/tracking
|   Application Keys Plugin (bundled) = /home/pi/oprint/lib/python3.13/site-packages/octoprint/plugins/appkeys
|   Backup & Restore (bundled) = /home/pi/oprint/lib/python3.13/site-packages/octoprint/plugins/backup
|   Classic Webcam (bundled) = /home/pi/oprint/lib/python3.13/site-packages/octoprint/plugins/classicwebcam
|   Core Wizard (bundled) = /home/pi/oprint/lib/python3.13/site-packages/octoprint/plugins/corewizard
|   Custom Control Manager (bundled) = /home/pi/oprint/lib/python3.13/site-packages/octoprint/plugins/customcontrolmanager
|   Discovery (bundled) = /home/pi/oprint/lib/python3.13/site-packages/octoprint/plugins/discovery
|   Error Tracking (bundled) = /home/pi/oprint/lib/python3.13/site-packages/octoprint/plugins/errortracking
|   Event Manager (bundled) = /home/pi/oprint/lib/python3.13/site-packages/octoprint/plugins/eventmanager
|   File Check (2025.7.23) (bundled) = /home/pi/oprint/lib/python3.13/site-packages/octoprint_file_check
|   Firmware Check (2025.7.23) (bundled) = /home/pi/oprint/lib/python3.13/site-packages/octoprint_firmware_check
|   GCode Viewer (bundled) = /home/pi/oprint/lib/python3.13/site-packages/octoprint/plugins/gcodeviewer
|   Healthcheck Plugin (bundled) = /home/pi/oprint/lib/python3.13/site-packages/octoprint/plugins/health_check
|   Logging (bundled) = /home/pi/oprint/lib/python3.13/site-packages/octoprint/plugins/logging
|   Pi Support Plugin (2025.7.23) (bundled) = /home/pi/oprint/lib/python3.13/site-packages/octoprint_pi_support
|   Plugin Manager (bundled) = /home/pi/oprint/lib/python3.13/site-packages/octoprint/plugins/pluginmanager
|   Software Update (bundled) = /home/pi/oprint/lib/python3.13/site-packages/octoprint/plugins/softwareupdate
|   Upload Manager (bundled) = /home/pi/oprint/lib/python3.13/site-packages/octoprint/plugins/uploadmanager
|   Virtual Printer (bundled) = /home/pi/oprint/lib/python3.13/site-packages/octoprint/plugins/virtual_printer
| Third Party Plugins (1)
|   ControlCenter (1.0.0) = /home/pi/oprint/lib/python3.13/site-packages/octoprint_ControlCenter
Prefix legend: ! = disabled, # = blacklisted, * = incompatible
2026-05-11 15:03:45,049 - octoprint.environment - INFO - Detected environment is Python 3.13.5 under Linux (Linux-6.12.75+rpt-rpi-v8-aarch64-with-glibc2.41). Details:
|  hardware:
|    cores: 4
|    freq: 1500.0
|    ram: 1935220736
|  os:
|    bits: 64
|    id: linux
|    platform: Linux-6.12.75+rpt-rpi-v8-aarch64-with-glibc2.41
|  plugins:
|    pi_support:
|      model: Raspberry Pi Compute Module 4 Rev 1.1
|      throttle_check_enabled: true
|      throttle_check_functional: true
|      throttle_state: '0x0'
|  python:
|    pip: 25.1.1
|    version: 3.13.5
|    virtualenv: /home/pi/oprint
2026-05-11 15:03:45,065 - octoprint.server - INFO - Reset webasset folder /home/pi/.octoprint/generated/webassets...
2026-05-11 15:03:45,065 - octoprint.server - INFO - Reset webasset folder /home/pi/.octoprint/generated/.webassets-cache...
2026-05-11 15:03:45,066 - octoprint.server - INFO - Reset webasset folder /home/pi/.octoprint/generated/.webassets-manifest.json...
2026-05-11 15:03:45,320 - octoprint.timelapse - INFO - Enabled rendering queue processing
2026-05-11 15:03:45,731 - octoprint.server - INFO - Shutting down intermediary server...
2026-05-11 15:03:46,214 - octoprint.server - INFO - Intermediary server shut down
2026-05-11 15:03:46,218 - octoprint.events - INFO - Processing startup event, this is our first event
2026-05-11 15:03:46,219 - octoprint.events - INFO - Adding 3 events to queue that were held back before startup event
2026-05-11 15:03:46,223 - octoprint.filemanager - INFO - Adding backlog items from all storage types to analysis queue...
2026-05-11 15:03:46,225 - octoprint.server - INFO - Autoconnect on startup is configured, trying to connect to the printer...
2026-05-11 15:03:46,232 - octoprint.filemanager - INFO - Added 0 items from storage type "local" to analysis queue
2026-05-11 15:03:46,266 - octoprint.plugins.softwareupdate - INFO - Fetching check overlays from https://plugins.octoprint.org/update_check_overlay.json
2026-05-11 15:03:46,299 - octoprint.plugins.pluginmanager - INFO - Loaded plugin repository data from disk, was still valid
2026-05-11 15:03:46,373 - octoprint.server - INFO - Could not find configured serial port {} in the system, cannot automatically connect to a non existing printer. Is it plugged in and booted up yet?
2026-05-11 15:03:46,374 - octoprint.server - INFO - Starting autorefresh of serial port list
2026-05-11 15:03:46,383 - octoprint.server.util.watchdog - INFO - Running initial scan on watched folder...
2026-05-11 15:03:46,433 - octoprint.server.util.watchdog - INFO - ... initial scan done.
2026-05-11 15:03:46,457 - octoprint.server - INFO - Serial port list was updated, refreshing the port list in the frontend
2026-05-11 15:03:46,663 - octoprint.plugins.pluginmanager - INFO - Loaded notice data from disk, was still valid
2026-05-11 15:03:46,890 - octoprint.plugins.tracking - INFO - Sent tracking event system_unthrottled, payload: {'throttled_now': False, 'throttled_past': False, 'throttled_mask': 0, 'throttled_voltage_now': False, 'throttled_voltage_past': False, 'throttled_overheat_now': False, 'throttled_overheat_past': False}
2026-05-11 15:03:47,338 - octoprint.plugins.discovery - INFO - Registered 'OctoPrint instance on pi._http._tcp.local.' for _http._tcp.local.
2026-05-11 15:03:48,148 - octoprint.plugins.discovery - INFO - Registered 'OctoPrint instance on pi._octoprint._tcp.local.' for _octoprint._tcp.local.
2026-05-11 15:03:48,154 - octoprint.plugins.discovery - INFO - Registered OctoPrint instance on pi for SSDP
2026-05-11 15:03:48,164 - octoprint.server - INFO - Listening on http://0.0.0.0:5000 and http://[::]:5000
2026-05-11 15:03:48,193 - octoprint.plugins.pluginmanager - INFO - Loaded plugin repository data from disk, was still valid
2026-05-11 15:03:48,211 - octoprint.server.util - WARNING - The global API key was just used. The global API key is deprecated and will cease to function with OctoPrint 1.13.0.
2026-05-11 15:03:48,564 - octoprint.plugins.pluginmanager - INFO - Loaded notice data from disk, was still valid
2026-05-11 15:03:48,570 - octoprint.plugins.pluginmanager - INFO - Saved a current plugin export to /home/pi/.octoprint/backup_plugin_export.json
2026-05-11 15:03:48,953 - octoprint.util.pip - INFO - Using "/home/pi/oprint/bin/python3 -m pip" as command to invoke pip
2026-05-11 15:03:48,954 - octoprint.util.pip - INFO - pip installs to /home/pi/oprint/lib/python3.13/site-packages (writable -> yes), --user flag needed -> no, virtual env -> yes
2026-05-11 15:03:48,954 - octoprint.util.pip - INFO - ==> pip ok -> yes
2026-05-11 15:03:48,960 - octoprint.plugins.softwareupdate - INFO - Minimum free storage across all update relevant locations is 922.8MB. That is considered sufficient for updating.
2026-05-11 15:07:05,114 - octoprint.plugins.ControlCenter - INFO - TouchUI Plugin Started
2026-05-11 15:07:05,117 - octoprint.plugins.ControlCenter - INFO - xinit file already contains correct ControlCenter path
2026-05-11 15:07:05,123 - octoprint.server.preemptive_cache - INFO - Preemptively caching / (ui _default) for {'base_url': 'http://192.168.0.47:5000/', 'path': '/', 'query_string': 'l10n=en'}
2026-05-11 15:07:05,688 - octoprint.plugins.tracking - INFO - Sent tracking event ping, payload: {'octoprint_uptime': 8, 'printer_state': 'OFFLINE'}
2026-05-11 15:07:06,271 - octoprint.plugins.tracking - INFO - Sent tracking event pong, payload: {'version': '1.11.7', 'os': 'linux', 'platform': 'Linux-6.12.75+rpt-rpi-v8-aarch64-with-glibc2.41', 'bits': 64, 'python': '3.13.5', 'pip': '25.1.1', 'cores': 4, 'freq': 1500.0, 'ram': 1935220736, 'pi_model': 'Raspberry Pi Compute Module 4 Rev 1.1', 'plugins': 'controlcenter:1.0.0', 'achievements': 'the_wizard'}
2026-05-11 15:07:06,957 - octoprint.plugins.tracking - INFO - Sent tracking event startup, payload: {'version': '1.11.7', 'os': 'linux', 'platform': 'Linux-6.12.75+rpt-rpi-v8-aarch64-with-glibc2.41', 'bits': 64, 'python': '3.13.5', 'pip': '25.1.1', 'cores': 4, 'freq': 1500.0, 'ram': 1935220736, 'pi_model': 'Raspberry Pi Compute Module 4 Rev 1.1'}
2026-05-11 15:07:11,269 - octoprint.server.preemptive_cache - INFO - ... done in 6.15s
2026-05-11 15:07:33,826 - octoprint.server.util - WARNING - The global API key was just used. The global API key is deprecated and will cease to function with OctoPrint 1.13.0.
2026-05-11 15:07:34,008 - octoprint.server.util - WARNING - The global API key was just used. The global API key is deprecated and will cease to function with OctoPrint 1.13.0.
2026-05-11 15:07:34,032 - octoprint.server.util - WARNING - The global API key was just used. The global API key is deprecated and will cease to function with OctoPrint 1.13.0.
2026-05-11 15:07:34,041 - tornado.access - WARNING - 400 POST /api/connection (127.0.0.1) 12.37ms
2026-05-11 15:07:34,054 - octoprint.server.util - WARNING - The global API key was just used. The global API key is deprecated and will cease to function with OctoPrint 1.13.0.
2026-05-11 15:07:34,063 - tornado.access - WARNING - 400 POST /api/connection (127.0.0.1) 11.97ms
2026-05-11 15:07:35,807 - octoprint.server.util.sockjs - INFO - New connection from client: 127.0.0.1
2026-05-11 15:07:35,820 - octoprint.server.util - WARNING - The global API key was just used. The global API key is deprecated and will cease to function with OctoPrint 1.13.0.
2026-05-11 15:07:35,824 - octoprint.server.util.flask - INFO - Passively logging in user _api from 127.0.0.1
2026-05-11 15:07:35,825 - octoprint.access.users - INFO - Logged in user: _api
2026-05-11 15:07:35,840 - octoprint.server.util.sockjs - INFO - User _api logged in on the socket from client 127.0.0.1
2026-05-11 15:14:06,507 - octoprint.startup - INFO - ******************************************************************************
2026-05-11 15:14:06,509 - octoprint.startup - INFO - Starting OctoPrint 1.11.7
2026-05-11 15:14:06,520 - octoprint.startup - INFO - ******************************************************************************
2026-05-11 15:14:06,737 - octoprint.util.connectivity.connectivity_checker - INFO - Connectivity changed from offline to online
2026-05-11 15:14:06,746 - octoprint.util.connectivity.connectivity_checker - INFO - Connectivity state is currently: online
2026-05-11 15:14:06,746 - octoprint.util.connectivity.connectivity_checker - INFO - Connecting to 1.1.1.1:53 is working
2026-05-11 15:14:06,746 - octoprint.util.connectivity.connectivity_checker - INFO - Resolving octoprint.org is working
2026-05-11 15:14:06,753 - octoprint.plugin.core - INFO - Loading plugins from /home/pi/oprint/lib/python3.13/site-packages/octoprint/plugins, /home/pi/.octoprint/plugins and installed plugin packages...
2026-05-11 15:14:10,453 - octoprint.plugin.core - INFO - Found 24 plugin(s) providing 24 mixin implementations, 49 hook handlers
2026-05-11 15:14:10,568 - octoprint.server.heartbeat - INFO - Starting server heartbeat, 900.0s interval
2026-05-11 15:14:10,827 - octoprint.server - INFO - Intermediary server started
2026-05-11 15:14:10,836 - octoprint.filemanager.storage - INFO - Initializing the file metadata for /home/pi/.octoprint/uploads...
2026-05-11 15:14:10,838 - octoprint.filemanager.storage - INFO - ... file metadata for /home/pi/.octoprint/uploads initialized successfully.
2026-05-11 15:14:10,842 - octoprint.server - INFO - Added new permission from plugin achievements: PLUGIN_ACHIEVEMENTS_VIEW (needs: "Need(method='role', value='plugin_achievements_view')")
2026-05-11 15:14:10,842 - octoprint.server - INFO - Added new permission from plugin achievements: PLUGIN_ACHIEVEMENTS_RESET (needs: "Need(method='role', value='plugin_achievements_reset')")
2026-05-11 15:14:10,843 - octoprint.server - INFO - Added new permission from plugin action_command_notification: PLUGIN_ACTION_COMMAND_NOTIFICATION_SHOW (needs: "Need(method='role', value='plugin_action_command_notification_show')")
2026-05-11 15:14:10,843 - octoprint.server - INFO - Added new permission from plugin action_command_notification: PLUGIN_ACTION_COMMAND_NOTIFICATION_CLEAR (needs: "Need(method='role', value='plugin_action_command_notification_clear')")
2026-05-11 15:14:10,844 - octoprint.server - INFO - Added new permission from plugin action_command_prompt: PLUGIN_ACTION_COMMAND_PROMPT_INTERACT (needs: "Need(method='role', value='plugin_action_command_prompt_interact')")
2026-05-11 15:14:10,844 - octoprint.server - INFO - Added new permission from plugin announcements: PLUGIN_ANNOUNCEMENTS_READ (needs: "Need(method='role', value='plugin_announcements_read')")
2026-05-11 15:14:10,845 - octoprint.server - INFO - Added new permission from plugin announcements: PLUGIN_ANNOUNCEMENTS_MANAGE (needs: "Need(method='role', value='plugin_announcements_manage'), Need(method='role', value='plugin_announcements_read')")
2026-05-11 15:14:10,845 - octoprint.server - INFO - Added new permission from plugin appkeys: PLUGIN_APPKEYS_ADMIN (needs: "Need(method='role', value='plugin_appkeys_admin')")
2026-05-11 15:14:10,845 - octoprint.server - INFO - Added new permission from plugin appkeys: PLUGIN_APPKEYS_GRANT (needs: "Need(method='role', value='plugin_appkeys_user')")
2026-05-11 15:14:10,846 - octoprint.server - INFO - Added new permission from plugin backup: PLUGIN_BACKUP_CREATE (needs: "Need(method='role', value='plugin_backup_create')")
2026-05-11 15:14:10,846 - octoprint.server - INFO - Added new permission from plugin file_check: PLUGIN_FILE_CHECK_RUN (needs: "Need(method='role', value='plugin_file_check_run')")
2026-05-11 15:14:10,846 - octoprint.server - INFO - Added new permission from plugin firmware_check: PLUGIN_FIRMWARE_CHECK_DISPLAY (needs: "Need(method='role', value='plugin_firmware_check_display')")
2026-05-11 15:14:10,847 - octoprint.server - INFO - Added new permission from plugin health_check: PLUGIN_HEALTH_CHECK_CHECK (needs: "Need(method='role', value='plugin_health_check_check')")
2026-05-11 15:14:10,847 - octoprint.server - INFO - Added new permission from plugin logging: PLUGIN_LOGGING_MANAGE (needs: "Need(method='role', value='plugin_logging_manage')")
2026-05-11 15:14:10,849 - octoprint.server - INFO - Added new permission from plugin pi_support: PLUGIN_PI_SUPPORT_STATUS (needs: "Need(method='role', value='plugin_pi_support_check')")
2026-05-11 15:14:10,855 - octoprint.server - INFO - Added new permission from plugin pluginmanager: PLUGIN_PLUGINMANAGER_LIST (needs: "Need(method='role', value='plugin_pluginmanager_list')")
2026-05-11 15:14:10,855 - octoprint.server - INFO - Added new permission from plugin pluginmanager: PLUGIN_PLUGINMANAGER_MANAGE (needs: "Need(method='role', value='plugin_pluginmanager_manage')")
2026-05-11 15:14:10,856 - octoprint.server - INFO - Added new permission from plugin pluginmanager: PLUGIN_PLUGINMANAGER_INSTALL (needs: "Need(method='role', value='plugin_pluginmanager_install'), Need(method='role', value='plugin_pluginmanager_manage')")
2026-05-11 15:14:10,856 - octoprint.server - INFO - Added new permission from plugin softwareupdate: PLUGIN_SOFTWAREUPDATE_CHECK (needs: "Need(method='role', value='plugin_softwareupdate_check')")
2026-05-11 15:14:10,857 - octoprint.server - INFO - Added new permission from plugin softwareupdate: PLUGIN_SOFTWAREUPDATE_UPDATE (needs: "Need(method='role', value='plugin_softwareupdate_update')")
2026-05-11 15:14:10,857 - octoprint.server - INFO - Added new permission from plugin softwareupdate: PLUGIN_SOFTWAREUPDATE_CONFIGURE (needs: "Need(method='role', value='plugin_softwareupdate_configure')")
2026-05-11 15:14:10,886 - octoprint.plugins.achievements - INFO - Loading data from /home/pi/.octoprint/data/achievements/data.json
2026-05-11 15:14:10,890 - octoprint.plugins.achievements - INFO - Loading data for 2026 from /home/pi/.octoprint/data/achievements/2026.json
2026-05-11 15:14:10,943 - octoprint.plugins.softwareupdate - INFO - Loaded version cache from disk
2026-05-11 15:14:12,266 - octoprint.util.pip - INFO - Using "/home/pi/oprint/bin/python3 -m pip" as command to invoke pip
2026-05-11 15:14:12,720 - octoprint.plugins.healthcheck.python_eol - INFO - Fetched Python EOL data from https://get.octoprint.org/python-eol
2026-05-11 15:14:13,140 - octoprint.util.pip - INFO - Version of pip is 25.1.1
2026-05-11 15:14:13,435 - octoprint.util.pip - INFO - pip installs to /home/pi/oprint/lib/python3.13/site-packages (writable -> yes), --user flag needed -> no, virtual env -> yes
2026-05-11 15:14:13,436 - octoprint.util.pip - INFO - ==> pip ok -> yes
2026-05-11 15:14:13,465 - octoprint.plugins.file_check - INFO - Native grep available: True
2026-05-11 15:14:13,468 - octoprint.plugin.core - INFO - Initialized 24 plugin implementation(s)
2026-05-11 15:14:13,491 - octoprint - INFO - Installing webcam compat overlay for configured default webcam <octoprint.webcams.ProvidedWebcam object at 0x7f8f758c20>
2026-05-11 15:14:13,492 - octoprint.plugin.core - INFO - 24 plugin(s) registered with the system (23 bundled & 1 third party):
| Bundled Plugins (23)
|   Achievements Plugin (bundled) = /home/pi/oprint/lib/python3.13/site-packages/octoprint/plugins/achievements
|   Action Command Notification Support (bundled) = /home/pi/oprint/lib/python3.13/site-packages/octoprint/plugins/action_command_notification
|   Action Command Prompt Support (bundled) = /home/pi/oprint/lib/python3.13/site-packages/octoprint/plugins/action_command_prompt
|   Announcement Plugin (bundled) = /home/pi/oprint/lib/python3.13/site-packages/octoprint/plugins/announcements
|   Anonymous Usage Tracking (bundled) = /home/pi/oprint/lib/python3.13/site-packages/octoprint/plugins/tracking
|   Application Keys Plugin (bundled) = /home/pi/oprint/lib/python3.13/site-packages/octoprint/plugins/appkeys
|   Backup & Restore (bundled) = /home/pi/oprint/lib/python3.13/site-packages/octoprint/plugins/backup
|   Classic Webcam (bundled) = /home/pi/oprint/lib/python3.13/site-packages/octoprint/plugins/classicwebcam
|   Core Wizard (bundled) = /home/pi/oprint/lib/python3.13/site-packages/octoprint/plugins/corewizard
|   Custom Control Manager (bundled) = /home/pi/oprint/lib/python3.13/site-packages/octoprint/plugins/customcontrolmanager
|   Discovery (bundled) = /home/pi/oprint/lib/python3.13/site-packages/octoprint/plugins/discovery
|   Error Tracking (bundled) = /home/pi/oprint/lib/python3.13/site-packages/octoprint/plugins/errortracking
|   Event Manager (bundled) = /home/pi/oprint/lib/python3.13/site-packages/octoprint/plugins/eventmanager
|   File Check (2025.7.23) (bundled) = /home/pi/oprint/lib/python3.13/site-packages/octoprint_file_check
|   Firmware Check (2025.7.23) (bundled) = /home/pi/oprint/lib/python3.13/site-packages/octoprint_firmware_check
|   GCode Viewer (bundled) = /home/pi/oprint/lib/python3.13/site-packages/octoprint/plugins/gcodeviewer
|   Healthcheck Plugin (bundled) = /home/pi/oprint/lib/python3.13/site-packages/octoprint/plugins/health_check
|   Logging (bundled) = /home/pi/oprint/lib/python3.13/site-packages/octoprint/plugins/logging
|   Pi Support Plugin (2025.7.23) (bundled) = /home/pi/oprint/lib/python3.13/site-packages/octoprint_pi_support
|   Plugin Manager (bundled) = /home/pi/oprint/lib/python3.13/site-packages/octoprint/plugins/pluginmanager
|   Software Update (bundled) = /home/pi/oprint/lib/python3.13/site-packages/octoprint/plugins/softwareupdate
|   Upload Manager (bundled) = /home/pi/oprint/lib/python3.13/site-packages/octoprint/plugins/uploadmanager
|   Virtual Printer (bundled) = /home/pi/oprint/lib/python3.13/site-packages/octoprint/plugins/virtual_printer
| Third Party Plugins (1)
|   ControlCenter (1.0.0) = /home/pi/oprint/lib/python3.13/site-packages/octoprint_ControlCenter
Prefix legend: ! = disabled, # = blacklisted, * = incompatible
2026-05-11 15:14:13,525 - octoprint.environment - INFO - Detected environment is Python 3.13.5 under Linux (Linux-6.12.75+rpt-rpi-v8-aarch64-with-glibc2.41). Details:
|  hardware:
|    cores: 4
|    freq: 1500.0
|    ram: 1935220736
|  os:
|    bits: 64
|    id: linux
|    platform: Linux-6.12.75+rpt-rpi-v8-aarch64-with-glibc2.41
|  plugins:
|    pi_support:
|      model: Raspberry Pi Compute Module 4 Rev 1.1
|      throttle_check_enabled: true
|      throttle_check_functional: true
|      throttle_state: '0x0'
|  python:
|    pip: 25.1.1
|    version: 3.13.5
|    virtualenv: /home/pi/oprint
2026-05-11 15:14:13,540 - octoprint.server - INFO - Reset webasset folder /home/pi/.octoprint/generated/webassets...
2026-05-11 15:14:13,541 - octoprint.server - INFO - Reset webasset folder /home/pi/.octoprint/generated/.webassets-cache...
2026-05-11 15:14:13,542 - octoprint.server - INFO - Reset webasset folder /home/pi/.octoprint/generated/.webassets-manifest.json...
2026-05-11 15:14:13,634 - octoprint.timelapse - INFO - Enabled rendering queue processing
2026-05-11 15:14:14,036 - octoprint.server - INFO - Shutting down intermediary server...
2026-05-11 15:14:14,351 - octoprint.server - INFO - Intermediary server shut down
2026-05-11 15:14:14,354 - octoprint.events - INFO - Processing startup event, this is our first event
2026-05-11 15:14:14,354 - octoprint.events - INFO - Adding 3 events to queue that were held back before startup event
2026-05-11 15:14:14,357 - octoprint.filemanager - INFO - Adding backlog items from all storage types to analysis queue...
2026-05-11 15:14:14,365 - octoprint.server - INFO - Autoconnect on startup is configured, trying to connect to the printer...
2026-05-11 15:14:14,377 - octoprint.plugins.softwareupdate - INFO - Fetching check overlays from https://plugins.octoprint.org/update_check_overlay.json
2026-05-11 15:14:14,410 - octoprint.filemanager - INFO - Added 0 items from storage type "local" to analysis queue
2026-05-11 15:14:14,428 - octoprint.plugins.pluginmanager - INFO - Loaded plugin repository data from disk, was still valid
2026-05-11 15:14:14,522 - octoprint.server - INFO - Could not find configured serial port {} in the system, cannot automatically connect to a non existing printer. Is it plugged in and booted up yet?
2026-05-11 15:14:14,523 - octoprint.server - INFO - Starting autorefresh of serial port list
2026-05-11 15:14:14,550 - octoprint.server.util.watchdog - INFO - Running initial scan on watched folder...
2026-05-11 15:14:14,568 - octoprint.server.util.watchdog - INFO - ... initial scan done.
2026-05-11 15:14:14,774 - octoprint.server - INFO - Serial port list was updated, refreshing the port list in the frontend
2026-05-11 15:14:14,775 - octoprint.plugins.pluginmanager - INFO - Loaded notice data from disk, was still valid
2026-05-11 15:14:15,426 - octoprint.plugins.tracking - INFO - Sent tracking event system_unthrottled, payload: {'throttled_now': False, 'throttled_past': False, 'throttled_mask': 0, 'throttled_voltage_now': False, 'throttled_voltage_past': False, 'throttled_overheat_now': False, 'throttled_overheat_past': False}
2026-05-11 15:14:15,596 - octoprint.plugins.discovery - INFO - Registered 'OctoPrint instance on pi._http._tcp.local.' for _http._tcp.local.
2026-05-11 15:14:16,413 - octoprint.plugins.discovery - INFO - Registered 'OctoPrint instance on pi._octoprint._tcp.local.' for _octoprint._tcp.local.
2026-05-11 15:14:16,417 - octoprint.plugins.discovery - INFO - Registered OctoPrint instance on pi for SSDP
2026-05-11 15:14:16,429 - octoprint.server - INFO - Listening on http://0.0.0.0:5000 and http://[::]:5000
2026-05-11 15:14:16,448 - octoprint.server.util - WARNING - The global API key was just used. The global API key is deprecated and will cease to function with OctoPrint 1.13.0.
2026-05-11 15:14:16,470 - octoprint.plugins.pluginmanager - INFO - Loaded plugin repository data from disk, was still valid
2026-05-11 15:14:16,818 - octoprint.plugins.pluginmanager - INFO - Loaded notice data from disk, was still valid
2026-05-11 15:14:16,823 - octoprint.plugins.pluginmanager - INFO - Saved a current plugin export to /home/pi/.octoprint/backup_plugin_export.json
2026-05-11 15:14:17,227 - octoprint.util.pip - INFO - Using "/home/pi/oprint/bin/python3 -m pip" as command to invoke pip
2026-05-11 15:14:17,228 - octoprint.util.pip - INFO - pip installs to /home/pi/oprint/lib/python3.13/site-packages (writable -> yes), --user flag needed -> no, virtual env -> yes
2026-05-11 15:14:17,228 - octoprint.util.pip - INFO - ==> pip ok -> yes
2026-05-11 15:14:17,234 - octoprint.plugins.softwareupdate - INFO - Minimum free storage across all update relevant locations is 922.8MB. That is considered sufficient for updating.
2026-05-11 15:17:51,655 - octoprint.plugins.ControlCenter - INFO - TouchUI Plugin Started
2026-05-11 15:17:51,723 - octoprint.plugins.ControlCenter - INFO - xinit file already contains correct ControlCenter path
2026-05-11 15:17:51,732 - octoprint.server.preemptive_cache - INFO - Preemptively caching / (ui _default) for {'base_url': 'http://192.168.0.47:5000/', 'path': '/', 'query_string': 'l10n=en'}
2026-05-11 15:17:52,205 - octoprint.plugins.tracking - INFO - Sent tracking event ping, payload: {'octoprint_uptime': 7, 'printer_state': 'OFFLINE'}
2026-05-11 15:17:52,809 - octoprint.plugins.tracking - INFO - Sent tracking event pong, payload: {'version': '1.11.7', 'os': 'linux', 'platform': 'Linux-6.12.75+rpt-rpi-v8-aarch64-with-glibc2.41', 'bits': 64, 'python': '3.13.5', 'pip': '25.1.1', 'cores': 4, 'freq': 1500.0, 'ram': 1935220736, 'pi_model': 'Raspberry Pi Compute Module 4 Rev 1.1', 'plugins': 'controlcenter:1.0.0', 'achievements': 'the_wizard'}
2026-05-11 15:17:53,420 - octoprint.plugins.tracking - INFO - Sent tracking event startup, payload: {'version': '1.11.7', 'os': 'linux', 'platform': 'Linux-6.12.75+rpt-rpi-v8-aarch64-with-glibc2.41', 'bits': 64, 'python': '3.13.5', 'pip': '25.1.1', 'cores': 4, 'freq': 1500.0, 'ram': 1935220736, 'pi_model': 'Raspberry Pi Compute Module 4 Rev 1.1'}
2026-05-11 15:17:57,742 - octoprint.server.preemptive_cache - INFO - ... done in 6.01s
2026-05-11 15:18:20,898 - octoprint.server.util - WARNING - The global API key was just used. The global API key is deprecated and will cease to function with OctoPrint 1.13.0.
2026-05-11 15:18:21,031 - octoprint.server.util - WARNING - The global API key was just used. The global API key is deprecated and will cease to function with OctoPrint 1.13.0.
2026-05-11 15:18:21,055 - octoprint.server.util - WARNING - The global API key was just used. The global API key is deprecated and will cease to function with OctoPrint 1.13.0.
2026-05-11 15:18:21,063 - tornado.access - WARNING - 400 POST /api/connection (127.0.0.1) 12.26ms
2026-05-11 15:18:21,077 - octoprint.server.util - WARNING - The global API key was just used. The global API key is deprecated and will cease to function with OctoPrint 1.13.0.
2026-05-11 15:18:21,086 - tornado.access - WARNING - 400 POST /api/connection (127.0.0.1) 11.98ms
2026-05-11 15:18:22,873 - octoprint.server.util.sockjs - INFO - New connection from client: 127.0.0.1
2026-05-11 15:18:22,888 - octoprint.server.util - WARNING - The global API key was just used. The global API key is deprecated and will cease to function with OctoPrint 1.13.0.
2026-05-11 15:18:22,892 - octoprint.server.util.flask - INFO - Passively logging in user _api from 127.0.0.1
2026-05-11 15:18:22,892 - octoprint.access.users - INFO - Logged in user: _api
2026-05-11 15:18:22,908 - octoprint.server.util.sockjs - INFO - User _api logged in on the socket from client 127.0.0.1
2026-05-11 15:25:07,900 - octoprint.server.util.sockjs - INFO - Client connection closed: 127.0.0.1
2026-05-11 15:25:33,736 - octoprint.startup - INFO - ******************************************************************************
2026-05-11 15:25:33,737 - octoprint.startup - INFO - Starting OctoPrint 1.11.7
2026-05-11 15:25:33,752 - octoprint.startup - INFO - ******************************************************************************
2026-05-11 15:25:34,271 - octoprint.util.connectivity.connectivity_checker - INFO - Connectivity changed from offline to online
2026-05-11 15:25:34,292 - octoprint.util.connectivity.connectivity_checker - INFO - Connectivity state is currently: online
2026-05-11 15:25:34,293 - octoprint.util.connectivity.connectivity_checker - INFO - Connecting to 1.1.1.1:53 is working
2026-05-11 15:25:34,293 - octoprint.util.connectivity.connectivity_checker - INFO - Resolving octoprint.org is working
2026-05-11 15:25:34,366 - octoprint.plugin.core - INFO - Loading plugins from /home/pi/oprint/lib/python3.13/site-packages/octoprint/plugins, /home/pi/.octoprint/plugins and installed plugin packages...
2026-05-11 15:25:38,193 - octoprint.plugin.core - INFO - Found 24 plugin(s) providing 24 mixin implementations, 49 hook handlers
2026-05-11 15:25:38,260 - octoprint.server.heartbeat - INFO - Starting server heartbeat, 900.0s interval
2026-05-11 15:25:38,471 - octoprint.server - INFO - Intermediary server started
2026-05-11 15:25:38,481 - octoprint.filemanager.storage - INFO - Initializing the file metadata for /home/pi/.octoprint/uploads...
2026-05-11 15:25:38,483 - octoprint.filemanager.storage - INFO - ... file metadata for /home/pi/.octoprint/uploads initialized successfully.
2026-05-11 15:25:38,486 - octoprint.server - INFO - Added new permission from plugin achievements: PLUGIN_ACHIEVEMENTS_VIEW (needs: "Need(method='role', value='plugin_achievements_view')")
2026-05-11 15:25:38,486 - octoprint.server - INFO - Added new permission from plugin achievements: PLUGIN_ACHIEVEMENTS_RESET (needs: "Need(method='role', value='plugin_achievements_reset')")
2026-05-11 15:25:38,486 - octoprint.server - INFO - Added new permission from plugin action_command_notification: PLUGIN_ACTION_COMMAND_NOTIFICATION_SHOW (needs: "Need(method='role', value='plugin_action_command_notification_show')")
2026-05-11 15:25:38,486 - octoprint.server - INFO - Added new permission from plugin action_command_notification: PLUGIN_ACTION_COMMAND_NOTIFICATION_CLEAR (needs: "Need(method='role', value='plugin_action_command_notification_clear')")
2026-05-11 15:25:38,487 - octoprint.server - INFO - Added new permission from plugin action_command_prompt: PLUGIN_ACTION_COMMAND_PROMPT_INTERACT (needs: "Need(method='role', value='plugin_action_command_prompt_interact')")
2026-05-11 15:25:38,487 - octoprint.server - INFO - Added new permission from plugin announcements: PLUGIN_ANNOUNCEMENTS_READ (needs: "Need(method='role', value='plugin_announcements_read')")
2026-05-11 15:25:38,487 - octoprint.server - INFO - Added new permission from plugin announcements: PLUGIN_ANNOUNCEMENTS_MANAGE (needs: "Need(method='role', value='plugin_announcements_read'), Need(method='role', value='plugin_announcements_manage')")
2026-05-11 15:25:38,488 - octoprint.server - INFO - Added new permission from plugin appkeys: PLUGIN_APPKEYS_ADMIN (needs: "Need(method='role', value='plugin_appkeys_admin')")
2026-05-11 15:25:38,488 - octoprint.server - INFO - Added new permission from plugin appkeys: PLUGIN_APPKEYS_GRANT (needs: "Need(method='role', value='plugin_appkeys_user')")
2026-05-11 15:25:38,488 - octoprint.server - INFO - Added new permission from plugin backup: PLUGIN_BACKUP_CREATE (needs: "Need(method='role', value='plugin_backup_create')")
2026-05-11 15:25:38,488 - octoprint.server - INFO - Added new permission from plugin file_check: PLUGIN_FILE_CHECK_RUN (needs: "Need(method='role', value='plugin_file_check_run')")
2026-05-11 15:25:38,488 - octoprint.server - INFO - Added new permission from plugin firmware_check: PLUGIN_FIRMWARE_CHECK_DISPLAY (needs: "Need(method='role', value='plugin_firmware_check_display')")
2026-05-11 15:25:38,489 - octoprint.server - INFO - Added new permission from plugin health_check: PLUGIN_HEALTH_CHECK_CHECK (needs: "Need(method='role', value='plugin_health_check_check')")
2026-05-11 15:25:38,489 - octoprint.server - INFO - Added new permission from plugin logging: PLUGIN_LOGGING_MANAGE (needs: "Need(method='role', value='plugin_logging_manage')")
2026-05-11 15:25:38,489 - octoprint.server - INFO - Added new permission from plugin pi_support: PLUGIN_PI_SUPPORT_STATUS (needs: "Need(method='role', value='plugin_pi_support_check')")
2026-05-11 15:25:38,489 - octoprint.server - INFO - Added new permission from plugin pluginmanager: PLUGIN_PLUGINMANAGER_LIST (needs: "Need(method='role', value='plugin_pluginmanager_list')")
2026-05-11 15:25:38,489 - octoprint.server - INFO - Added new permission from plugin pluginmanager: PLUGIN_PLUGINMANAGER_MANAGE (needs: "Need(method='role', value='plugin_pluginmanager_manage')")
2026-05-11 15:25:38,490 - octoprint.server - INFO - Added new permission from plugin pluginmanager: PLUGIN_PLUGINMANAGER_INSTALL (needs: "Need(method='role', value='plugin_pluginmanager_install'), Need(method='role', value='plugin_pluginmanager_manage')")
2026-05-11 15:25:38,490 - octoprint.server - INFO - Added new permission from plugin softwareupdate: PLUGIN_SOFTWAREUPDATE_CHECK (needs: "Need(method='role', value='plugin_softwareupdate_check')")
2026-05-11 15:25:38,490 - octoprint.server - INFO - Added new permission from plugin softwareupdate: PLUGIN_SOFTWAREUPDATE_UPDATE (needs: "Need(method='role', value='plugin_softwareupdate_update')")
2026-05-11 15:25:38,491 - octoprint.server - INFO - Added new permission from plugin softwareupdate: PLUGIN_SOFTWAREUPDATE_CONFIGURE (needs: "Need(method='role', value='plugin_softwareupdate_configure')")
2026-05-11 15:25:38,524 - octoprint.plugins.achievements - INFO - Loading data from /home/pi/.octoprint/data/achievements/data.json
2026-05-11 15:25:38,530 - octoprint.plugins.achievements - INFO - Loading data for 2026 from /home/pi/.octoprint/data/achievements/2026.json
2026-05-11 15:25:38,581 - octoprint.plugins.softwareupdate - INFO - Loaded version cache from disk
2026-05-11 15:25:39,867 - octoprint.util.pip - INFO - Using "/home/pi/oprint/bin/python3 -m pip" as command to invoke pip
2026-05-11 15:25:40,340 - octoprint.plugins.healthcheck.python_eol - INFO - Fetched Python EOL data from https://get.octoprint.org/python-eol
2026-05-11 15:25:40,631 - octoprint.util.pip - INFO - Version of pip is 25.1.1
2026-05-11 15:25:40,856 - octoprint.util.pip - INFO - pip installs to /home/pi/oprint/lib/python3.13/site-packages (writable -> yes), --user flag needed -> no, virtual env -> yes
2026-05-11 15:25:40,857 - octoprint.util.pip - INFO - ==> pip ok -> yes
2026-05-11 15:25:40,882 - octoprint.plugins.file_check - INFO - Native grep available: True
2026-05-11 15:25:40,884 - octoprint.plugin.core - INFO - Initialized 24 plugin implementation(s)
2026-05-11 15:25:40,905 - octoprint - INFO - Installing webcam compat overlay for configured default webcam <octoprint.webcams.ProvidedWebcam object at 0x7f94280c20>
2026-05-11 15:25:40,906 - octoprint.plugin.core - INFO - 24 plugin(s) registered with the system (23 bundled & 1 third party):
| Bundled Plugins (23)
|   Achievements Plugin (bundled) = /home/pi/oprint/lib/python3.13/site-packages/octoprint/plugins/achievements
|   Action Command Notification Support (bundled) = /home/pi/oprint/lib/python3.13/site-packages/octoprint/plugins/action_command_notification
|   Action Command Prompt Support (bundled) = /home/pi/oprint/lib/python3.13/site-packages/octoprint/plugins/action_command_prompt
|   Announcement Plugin (bundled) = /home/pi/oprint/lib/python3.13/site-packages/octoprint/plugins/announcements
|   Anonymous Usage Tracking (bundled) = /home/pi/oprint/lib/python3.13/site-packages/octoprint/plugins/tracking
|   Application Keys Plugin (bundled) = /home/pi/oprint/lib/python3.13/site-packages/octoprint/plugins/appkeys
|   Backup & Restore (bundled) = /home/pi/oprint/lib/python3.13/site-packages/octoprint/plugins/backup
|   Classic Webcam (bundled) = /home/pi/oprint/lib/python3.13/site-packages/octoprint/plugins/classicwebcam
|   Core Wizard (bundled) = /home/pi/oprint/lib/python3.13/site-packages/octoprint/plugins/corewizard
|   Custom Control Manager (bundled) = /home/pi/oprint/lib/python3.13/site-packages/octoprint/plugins/customcontrolmanager
|   Discovery (bundled) = /home/pi/oprint/lib/python3.13/site-packages/octoprint/plugins/discovery
|   Error Tracking (bundled) = /home/pi/oprint/lib/python3.13/site-packages/octoprint/plugins/errortracking
|   Event Manager (bundled) = /home/pi/oprint/lib/python3.13/site-packages/octoprint/plugins/eventmanager
|   File Check (2025.7.23) (bundled) = /home/pi/oprint/lib/python3.13/site-packages/octoprint_file_check
|   Firmware Check (2025.7.23) (bundled) = /home/pi/oprint/lib/python3.13/site-packages/octoprint_firmware_check
|   GCode Viewer (bundled) = /home/pi/oprint/lib/python3.13/site-packages/octoprint/plugins/gcodeviewer
|   Healthcheck Plugin (bundled) = /home/pi/oprint/lib/python3.13/site-packages/octoprint/plugins/health_check
|   Logging (bundled) = /home/pi/oprint/lib/python3.13/site-packages/octoprint/plugins/logging
|   Pi Support Plugin (2025.7.23) (bundled) = /home/pi/oprint/lib/python3.13/site-packages/octoprint_pi_support
|   Plugin Manager (bundled) = /home/pi/oprint/lib/python3.13/site-packages/octoprint/plugins/pluginmanager
|   Software Update (bundled) = /home/pi/oprint/lib/python3.13/site-packages/octoprint/plugins/softwareupdate
|   Upload Manager (bundled) = /home/pi/oprint/lib/python3.13/site-packages/octoprint/plugins/uploadmanager
|   Virtual Printer (bundled) = /home/pi/oprint/lib/python3.13/site-packages/octoprint/plugins/virtual_printer
| Third Party Plugins (1)
|   ControlCenter (1.0.0) = /home/pi/oprint/lib/python3.13/site-packages/octoprint_ControlCenter
Prefix legend: ! = disabled, # = blacklisted, * = incompatible
2026-05-11 15:25:40,920 - octoprint.environment - INFO - Detected environment is Python 3.13.5 under Linux (Linux-6.12.75+rpt-rpi-v8-aarch64-with-glibc2.41). Details:
|  hardware:
|    cores: 4
|    freq: 1500.0
|    ram: 1935220736
|  os:
|    bits: 64
|    id: linux
|    platform: Linux-6.12.75+rpt-rpi-v8-aarch64-with-glibc2.41
|  plugins:
|    pi_support:
|      model: Raspberry Pi Compute Module 4 Rev 1.1
|      throttle_check_enabled: true
|      throttle_check_functional: true
|      throttle_state: '0x0'
|  python:
|    pip: 25.1.1
|    version: 3.13.5
|    virtualenv: /home/pi/oprint
2026-05-11 15:25:40,936 - octoprint.server - INFO - Reset webasset folder /home/pi/.octoprint/generated/webassets...
2026-05-11 15:25:40,937 - octoprint.server - INFO - Reset webasset folder /home/pi/.octoprint/generated/.webassets-cache...
2026-05-11 15:25:40,937 - octoprint.server - INFO - Reset webasset folder /home/pi/.octoprint/generated/.webassets-manifest.json...
2026-05-11 15:25:41,062 - octoprint.timelapse - INFO - Enabled rendering queue processing
2026-05-11 15:25:41,449 - octoprint.server - INFO - Shutting down intermediary server...
2026-05-11 15:25:41,475 - octoprint.server - INFO - Intermediary server shut down
2026-05-11 15:25:41,482 - octoprint.events - INFO - Processing startup event, this is our first event
2026-05-11 15:25:41,482 - octoprint.events - INFO - Adding 3 events to queue that were held back before startup event
2026-05-11 15:25:41,483 - octoprint.filemanager - INFO - Adding backlog items from all storage types to analysis queue...
2026-05-11 15:25:41,484 - octoprint.server - INFO - Autoconnect on startup is configured, trying to connect to the printer...
2026-05-11 15:25:41,534 - octoprint.plugins.softwareupdate - INFO - Fetching check overlays from https://plugins.octoprint.org/update_check_overlay.json
2026-05-11 15:25:41,548 - octoprint.filemanager - INFO - Added 0 items from storage type "local" to analysis queue
2026-05-11 15:25:41,565 - octoprint.plugins.pluginmanager - INFO - Loaded plugin repository data from disk, was still valid
2026-05-11 15:25:41,660 - octoprint.server - INFO - Could not find configured serial port {} in the system, cannot automatically connect to a non existing printer. Is it plugged in and booted up yet?
2026-05-11 15:25:41,662 - octoprint.server - INFO - Starting autorefresh of serial port list
2026-05-11 15:25:41,691 - octoprint.server.util.watchdog - INFO - Running initial scan on watched folder...
2026-05-11 15:25:41,721 - octoprint.server.util.watchdog - INFO - ... initial scan done.
2026-05-11 15:25:41,890 - octoprint.server - INFO - Serial port list was updated, refreshing the port list in the frontend
2026-05-11 15:25:41,932 - octoprint.plugins.pluginmanager - INFO - Loaded notice data from disk, was still valid
2026-05-11 15:25:42,309 - octoprint.plugins.tracking - INFO - Sent tracking event system_unthrottled, payload: {'throttled_now': False, 'throttled_past': False, 'throttled_mask': 0, 'throttled_voltage_now': False, 'throttled_voltage_past': False, 'throttled_overheat_now': False, 'throttled_overheat_past': False}
2026-05-11 15:25:42,739 - octoprint.plugins.discovery - INFO - Registered 'OctoPrint instance on pi._http._tcp.local.' for _http._tcp.local.
2026-05-11 15:25:43,549 - octoprint.plugins.discovery - INFO - Registered 'OctoPrint instance on pi._octoprint._tcp.local.' for _octoprint._tcp.local.
2026-05-11 15:25:43,556 - octoprint.plugins.discovery - INFO - Registered OctoPrint instance on pi for SSDP
2026-05-11 15:25:43,564 - octoprint.server - INFO - Listening on http://0.0.0.0:5000 and http://[::]:5000
2026-05-11 15:25:43,595 - octoprint.plugins.pluginmanager - INFO - Loaded plugin repository data from disk, was still valid
2026-05-11 15:25:43,649 - octoprint.server.util - WARNING - The global API key was just used. The global API key is deprecated and will cease to function with OctoPrint 1.13.0.
2026-05-11 15:25:43,990 - octoprint.plugins.pluginmanager - INFO - Loaded notice data from disk, was still valid
2026-05-11 15:25:43,995 - octoprint.plugins.pluginmanager - INFO - Saved a current plugin export to /home/pi/.octoprint/backup_plugin_export.json
2026-05-11 15:25:44,349 - octoprint.util.pip - INFO - Using "/home/pi/oprint/bin/python3 -m pip" as command to invoke pip
2026-05-11 15:25:44,352 - octoprint.util.pip - INFO - pip installs to /home/pi/oprint/lib/python3.13/site-packages (writable -> yes), --user flag needed -> no, virtual env -> yes
2026-05-11 15:25:44,353 - octoprint.util.pip - INFO - ==> pip ok -> yes
2026-05-11 15:25:44,358 - octoprint.plugins.softwareupdate - INFO - Minimum free storage across all update relevant locations is 922.8MB. That is considered sufficient for updating.
2026-05-11 15:25:44,381 - octoprint.plugins.ControlCenter - INFO - TouchUI Plugin Started
2026-05-11 15:25:44,384 - octoprint.plugins.ControlCenter - INFO - xinit file already contains correct ControlCenter path
2026-05-11 15:25:44,390 - octoprint.server.preemptive_cache - INFO - Preemptively caching / (ui _default) for {'base_url': 'http://192.168.0.47:5000/', 'path': '/', 'query_string': 'l10n=en'}
2026-05-11 15:26:00,350 - octoprint.plugins.tracking - INFO - Sent tracking event ping, payload: {'octoprint_uptime': 7, 'printer_state': 'OFFLINE'}
2026-05-11 15:26:00,934 - octoprint.plugins.tracking - INFO - Sent tracking event pong, payload: {'version': '1.11.7', 'os': 'linux', 'platform': 'Linux-6.12.75+rpt-rpi-v8-aarch64-with-glibc2.41', 'bits': 64, 'python': '3.13.5', 'pip': '25.1.1', 'cores': 4, 'freq': 1500.0, 'ram': 1935220736, 'pi_model': 'Raspberry Pi Compute Module 4 Rev 1.1', 'plugins': 'controlcenter:1.0.0', 'achievements': 'the_wizard'}
2026-05-11 15:26:01,562 - octoprint.plugins.tracking - INFO - Sent tracking event startup, payload: {'version': '1.11.7', 'os': 'linux', 'platform': 'Linux-6.12.75+rpt-rpi-v8-aarch64-with-glibc2.41', 'bits': 64, 'python': '3.13.5', 'pip': '25.1.1', 'cores': 4, 'freq': 1500.0, 'ram': 1935220736, 'pi_model': 'Raspberry Pi Compute Module 4 Rev 1.1'}
2026-05-11 15:26:05,750 - octoprint.server.preemptive_cache - INFO - ... done in 5.96s
2026-05-11 15:26:29,161 - octoprint.server.util - WARNING - The global API key was just used. The global API key is deprecated and will cease to function with OctoPrint 1.13.0.
2026-05-11 15:26:29,289 - octoprint.server.util - WARNING - The global API key was just used. The global API key is deprecated and will cease to function with OctoPrint 1.13.0.
2026-05-11 15:26:29,313 - octoprint.server.util - WARNING - The global API key was just used. The global API key is deprecated and will cease to function with OctoPrint 1.13.0.
2026-05-11 15:26:29,322 - tornado.access - WARNING - 400 POST /api/connection (127.0.0.1) 12.19ms
2026-05-11 15:26:29,335 - octoprint.server.util - WARNING - The global API key was just used. The global API key is deprecated and will cease to function with OctoPrint 1.13.0.
2026-05-11 15:26:29,343 - tornado.access - WARNING - 400 POST /api/connection (127.0.0.1) 12.03ms
2026-05-11 15:26:31,089 - octoprint.server.util.sockjs - INFO - New connection from client: 127.0.0.1
2026-05-11 15:26:31,104 - octoprint.server.util - WARNING - The global API key was just used. The global API key is deprecated and will cease to function with OctoPrint 1.13.0.
2026-05-11 15:26:31,107 - octoprint.server.util.flask - INFO - Passively logging in user _api from 127.0.0.1
2026-05-11 15:26:31,108 - octoprint.access.users - INFO - Logged in user: _api
2026-05-11 15:26:31,124 - octoprint.server.util.sockjs - INFO - User _api logged in on the socket from client 127.0.0.1
2026-05-11 15:40:53,664 - octoprint.server.heartbeat - INFO - Server heartbeat <3
2026-05-11 15:41:00,541 - octoprint.plugins.tracking - INFO - Sent tracking event ping, payload: {'octoprint_uptime': 907, 'printer_state': 'OFFLINE'}
2026-05-11 15:55:53,665 - octoprint.server.heartbeat - INFO - Server heartbeat <3
2026-05-11 15:56:00,560 - octoprint.plugins.tracking - INFO - Sent tracking event ping, payload: {'octoprint_uptime': 1807, 'printer_state': 'OFFLINE'}
2026-05-11 15:59:17,129 - octoprint.server.util - WARNING - The global API key was just used. The global API key is deprecated and will cease to function with OctoPrint 1.13.0.
2026-05-11 15:59:17,138 - tornado.access - WARNING - 409 POST /api/printer/printhead (127.0.0.1) 14.91ms
2026-05-11 15:59:18,041 - octoprint.server.util - WARNING - The global API key was just used. The global API key is deprecated and will cease to function with OctoPrint 1.13.0.
2026-05-11 15:59:18,049 - tornado.access - WARNING - 409 POST /api/printer/printhead (127.0.0.1) 14.09ms
2026-05-11 15:59:26,061 - octoprint.server.util - WARNING - The global API key was just used. The global API key is deprecated and will cease to function with OctoPrint 1.13.0.
2026-05-11 16:10:53,665 - octoprint.server.heartbeat - INFO - Server heartbeat <3
2026-05-11 16:11:00,661 - octoprint.plugins.tracking - INFO - Sent tracking event ping, payload: {'octoprint_uptime': 2707, 'printer_state': 'OFFLINE'}
2026-05-11 16:25:53,666 - octoprint.server.heartbeat - INFO - Server heartbeat <3
2026-05-11 16:26:00,534 - octoprint.plugins.tracking - INFO - Sent tracking event ping, payload: {'octoprint_uptime': 3607, 'printer_state': 'OFFLINE'}
2026-05-11 16:40:53,666 - octoprint.server.heartbeat - INFO - Server heartbeat <3
2026-05-11 16:41:00,544 - octoprint.plugins.tracking - INFO - Sent tracking event ping, payload: {'octoprint_uptime': 4507, 'printer_state': 'OFFLINE'}
2026-05-11 16:55:53,667 - octoprint.server.heartbeat - INFO - Server heartbeat <3
2026-05-11 16:56:00,558 - octoprint.plugins.tracking - INFO - Sent tracking event ping, payload: {'octoprint_uptime': 5407, 'printer_state': 'OFFLINE'}
2026-05-11 17:10:53,667 - octoprint.server.heartbeat - INFO - Server heartbeat <3
2026-05-11 17:11:00,770 - octoprint.plugins.tracking - INFO - Sent tracking event ping, payload: {'octoprint_uptime': 6307, 'printer_state': 'OFFLINE'}
2026-05-11 17:25:53,668 - octoprint.server.heartbeat - INFO - Server heartbeat <3
2026-05-11 17:26:00,564 - octoprint.plugins.tracking - INFO - Sent tracking event ping, payload: {'octoprint_uptime': 7207, 'printer_state': 'OFFLINE'}
2026-05-11 17:40:53,669 - octoprint.server.heartbeat - INFO - Server heartbeat <3
2026-05-11 17:41:00,679 - octoprint.plugins.tracking - INFO - Sent tracking event ping, payload: {'octoprint_uptime': 8107, 'printer_state': 'OFFLINE'}
2026-05-11 17:55:53,669 - octoprint.server.heartbeat - INFO - Server heartbeat <3
2026-05-11 17:56:00,574 - octoprint.plugins.tracking - INFO - Sent tracking event ping, payload: {'octoprint_uptime': 9007, 'printer_state': 'OFFLINE'}
2026-05-11 18:08:16,763 - octoprint.startup - INFO - ******************************************************************************
2026-05-11 18:08:16,764 - octoprint.startup - INFO - Starting OctoPrint 1.11.7
2026-05-11 18:08:16,771 - octoprint.startup - INFO - ******************************************************************************
2026-05-11 18:08:17,201 - octoprint.util.connectivity.connectivity_checker - INFO - Connectivity changed from offline to online
2026-05-11 18:08:17,258 - octoprint.util.connectivity.connectivity_checker - INFO - Connectivity state is currently: online
2026-05-11 18:08:17,258 - octoprint.util.connectivity.connectivity_checker - INFO - Connecting to 1.1.1.1:53 is working
2026-05-11 18:08:17,258 - octoprint.util.connectivity.connectivity_checker - INFO - Resolving octoprint.org is working
2026-05-11 18:08:17,265 - octoprint.plugin.core - INFO - Loading plugins from /home/pi/oprint/lib/python3.13/site-packages/octoprint/plugins, /home/pi/.octoprint/plugins and installed plugin packages...
2026-05-11 18:08:21,274 - octoprint.plugin.core - INFO - Found 24 plugin(s) providing 24 mixin implementations, 49 hook handlers
2026-05-11 18:08:21,341 - octoprint.server.heartbeat - INFO - Starting server heartbeat, 900.0s interval
2026-05-11 18:08:21,677 - octoprint.server - INFO - Intermediary server started
2026-05-11 18:08:21,686 - octoprint.filemanager.storage - INFO - Initializing the file metadata for /home/pi/.octoprint/uploads...
2026-05-11 18:08:21,687 - octoprint.filemanager.storage - INFO - ... file metadata for /home/pi/.octoprint/uploads initialized successfully.
2026-05-11 18:08:21,690 - octoprint.server - INFO - Added new permission from plugin achievements: PLUGIN_ACHIEVEMENTS_VIEW (needs: "Need(method='role', value='plugin_achievements_view')")
2026-05-11 18:08:21,691 - octoprint.server - INFO - Added new permission from plugin achievements: PLUGIN_ACHIEVEMENTS_RESET (needs: "Need(method='role', value='plugin_achievements_reset')")
2026-05-11 18:08:21,691 - octoprint.server - INFO - Added new permission from plugin action_command_notification: PLUGIN_ACTION_COMMAND_NOTIFICATION_SHOW (needs: "Need(method='role', value='plugin_action_command_notification_show')")
2026-05-11 18:08:21,691 - octoprint.server - INFO - Added new permission from plugin action_command_notification: PLUGIN_ACTION_COMMAND_NOTIFICATION_CLEAR (needs: "Need(method='role', value='plugin_action_command_notification_clear')")
2026-05-11 18:08:21,692 - octoprint.server - INFO - Added new permission from plugin action_command_prompt: PLUGIN_ACTION_COMMAND_PROMPT_INTERACT (needs: "Need(method='role', value='plugin_action_command_prompt_interact')")
2026-05-11 18:08:21,692 - octoprint.server - INFO - Added new permission from plugin announcements: PLUGIN_ANNOUNCEMENTS_READ (needs: "Need(method='role', value='plugin_announcements_read')")
2026-05-11 18:08:21,692 - octoprint.server - INFO - Added new permission from plugin announcements: PLUGIN_ANNOUNCEMENTS_MANAGE (needs: "Need(method='role', value='plugin_announcements_manage'), Need(method='role', value='plugin_announcements_read')")
2026-05-11 18:08:21,692 - octoprint.server - INFO - Added new permission from plugin appkeys: PLUGIN_APPKEYS_ADMIN (needs: "Need(method='role', value='plugin_appkeys_admin')")
2026-05-11 18:08:21,693 - octoprint.server - INFO - Added new permission from plugin appkeys: PLUGIN_APPKEYS_GRANT (needs: "Need(method='role', value='plugin_appkeys_user')")
2026-05-11 18:08:21,693 - octoprint.server - INFO - Added new permission from plugin backup: PLUGIN_BACKUP_CREATE (needs: "Need(method='role', value='plugin_backup_create')")
2026-05-11 18:08:21,693 - octoprint.server - INFO - Added new permission from plugin file_check: PLUGIN_FILE_CHECK_RUN (needs: "Need(method='role', value='plugin_file_check_run')")
2026-05-11 18:08:21,693 - octoprint.server - INFO - Added new permission from plugin firmware_check: PLUGIN_FIRMWARE_CHECK_DISPLAY (needs: "Need(method='role', value='plugin_firmware_check_display')")
2026-05-11 18:08:21,693 - octoprint.server - INFO - Added new permission from plugin health_check: PLUGIN_HEALTH_CHECK_CHECK (needs: "Need(method='role', value='plugin_health_check_check')")
2026-05-11 18:08:21,694 - octoprint.server - INFO - Added new permission from plugin logging: PLUGIN_LOGGING_MANAGE (needs: "Need(method='role', value='plugin_logging_manage')")
2026-05-11 18:08:21,694 - octoprint.server - INFO - Added new permission from plugin pi_support: PLUGIN_PI_SUPPORT_STATUS (needs: "Need(method='role', value='plugin_pi_support_check')")
2026-05-11 18:08:21,694 - octoprint.server - INFO - Added new permission from plugin pluginmanager: PLUGIN_PLUGINMANAGER_LIST (needs: "Need(method='role', value='plugin_pluginmanager_list')")
2026-05-11 18:08:21,694 - octoprint.server - INFO - Added new permission from plugin pluginmanager: PLUGIN_PLUGINMANAGER_MANAGE (needs: "Need(method='role', value='plugin_pluginmanager_manage')")
2026-05-11 18:08:21,694 - octoprint.server - INFO - Added new permission from plugin pluginmanager: PLUGIN_PLUGINMANAGER_INSTALL (needs: "Need(method='role', value='plugin_pluginmanager_install'), Need(method='role', value='plugin_pluginmanager_manage')")
2026-05-11 18:08:21,695 - octoprint.server - INFO - Added new permission from plugin softwareupdate: PLUGIN_SOFTWAREUPDATE_CHECK (needs: "Need(method='role', value='plugin_softwareupdate_check')")
2026-05-11 18:08:21,695 - octoprint.server - INFO - Added new permission from plugin softwareupdate: PLUGIN_SOFTWAREUPDATE_UPDATE (needs: "Need(method='role', value='plugin_softwareupdate_update')")
2026-05-11 18:08:21,695 - octoprint.server - INFO - Added new permission from plugin softwareupdate: PLUGIN_SOFTWAREUPDATE_CONFIGURE (needs: "Need(method='role', value='plugin_softwareupdate_configure')")
2026-05-11 18:08:21,727 - octoprint.plugins.achievements - INFO - Loading data from /home/pi/.octoprint/data/achievements/data.json
2026-05-11 18:08:21,730 - octoprint.plugins.achievements - INFO - Loading data for 2026 from /home/pi/.octoprint/data/achievements/2026.json
2026-05-11 18:08:21,796 - octoprint.plugins.softwareupdate - INFO - Loaded version cache from disk
2026-05-11 18:08:23,054 - octoprint.util.pip - INFO - Using "/home/pi/oprint/bin/python3 -m pip" as command to invoke pip
2026-05-11 18:08:23,876 - octoprint.util.pip - INFO - Version of pip is 25.1.1
2026-05-11 18:08:24,243 - octoprint.plugins.healthcheck.python_eol - INFO - Fetched Python EOL data from https://get.octoprint.org/python-eol
2026-05-11 18:08:24,269 - octoprint.util.pip - INFO - pip installs to /home/pi/oprint/lib/python3.13/site-packages (writable -> yes), --user flag needed -> no, virtual env -> yes
2026-05-11 18:08:24,269 - octoprint.util.pip - INFO - ==> pip ok -> yes
2026-05-11 18:08:24,291 - octoprint.plugins.file_check - INFO - Native grep available: True
2026-05-11 18:08:24,293 - octoprint.plugin.core - INFO - Initialized 24 plugin implementation(s)
2026-05-11 18:08:24,311 - octoprint - INFO - Installing webcam compat overlay for configured default webcam <octoprint.webcams.ProvidedWebcam object at 0x7f98d74c20>
2026-05-11 18:08:24,313 - octoprint.plugin.core - INFO - 24 plugin(s) registered with the system (23 bundled & 1 third party):
| Bundled Plugins (23)
|   Achievements Plugin (bundled) = /home/pi/oprint/lib/python3.13/site-packages/octoprint/plugins/achievements
|   Action Command Notification Support (bundled) = /home/pi/oprint/lib/python3.13/site-packages/octoprint/plugins/action_command_notification
|   Action Command Prompt Support (bundled) = /home/pi/oprint/lib/python3.13/site-packages/octoprint/plugins/action_command_prompt
|   Announcement Plugin (bundled) = /home/pi/oprint/lib/python3.13/site-packages/octoprint/plugins/announcements
|   Anonymous Usage Tracking (bundled) = /home/pi/oprint/lib/python3.13/site-packages/octoprint/plugins/tracking
|   Application Keys Plugin (bundled) = /home/pi/oprint/lib/python3.13/site-packages/octoprint/plugins/appkeys
|   Backup & Restore (bundled) = /home/pi/oprint/lib/python3.13/site-packages/octoprint/plugins/backup
|   Classic Webcam (bundled) = /home/pi/oprint/lib/python3.13/site-packages/octoprint/plugins/classicwebcam
|   Core Wizard (bundled) = /home/pi/oprint/lib/python3.13/site-packages/octoprint/plugins/corewizard
|   Custom Control Manager (bundled) = /home/pi/oprint/lib/python3.13/site-packages/octoprint/plugins/customcontrolmanager
|   Discovery (bundled) = /home/pi/oprint/lib/python3.13/site-packages/octoprint/plugins/discovery
|   Error Tracking (bundled) = /home/pi/oprint/lib/python3.13/site-packages/octoprint/plugins/errortracking
|   Event Manager (bundled) = /home/pi/oprint/lib/python3.13/site-packages/octoprint/plugins/eventmanager
|   File Check (2025.7.23) (bundled) = /home/pi/oprint/lib/python3.13/site-packages/octoprint_file_check
|   Firmware Check (2025.7.23) (bundled) = /home/pi/oprint/lib/python3.13/site-packages/octoprint_firmware_check
|   GCode Viewer (bundled) = /home/pi/oprint/lib/python3.13/site-packages/octoprint/plugins/gcodeviewer
|   Healthcheck Plugin (bundled) = /home/pi/oprint/lib/python3.13/site-packages/octoprint/plugins/health_check
|   Logging (bundled) = /home/pi/oprint/lib/python3.13/site-packages/octoprint/plugins/logging
|   Pi Support Plugin (2025.7.23) (bundled) = /home/pi/oprint/lib/python3.13/site-packages/octoprint_pi_support
|   Plugin Manager (bundled) = /home/pi/oprint/lib/python3.13/site-packages/octoprint/plugins/pluginmanager
|   Software Update (bundled) = /home/pi/oprint/lib/python3.13/site-packages/octoprint/plugins/softwareupdate
|   Upload Manager (bundled) = /home/pi/oprint/lib/python3.13/site-packages/octoprint/plugins/uploadmanager
|   Virtual Printer (bundled) = /home/pi/oprint/lib/python3.13/site-packages/octoprint/plugins/virtual_printer
| Third Party Plugins (1)
|   ControlCenter (1.0.0) = /home/pi/oprint/lib/python3.13/site-packages/octoprint_ControlCenter
Prefix legend: ! = disabled, # = blacklisted, * = incompatible
2026-05-11 18:08:24,337 - octoprint.environment - INFO - Detected environment is Python 3.13.5 under Linux (Linux-6.12.75+rpt-rpi-v8-aarch64-with-glibc2.41). Details:
|  hardware:
|    cores: 4
|    freq: 1500.0
|    ram: 1935220736
|  os:
|    bits: 64
|    id: linux
|    platform: Linux-6.12.75+rpt-rpi-v8-aarch64-with-glibc2.41
|  plugins:
|    pi_support:
|      model: Raspberry Pi Compute Module 4 Rev 1.1
|      throttle_check_enabled: true
|      throttle_check_functional: true
|      throttle_state: '0x0'
|  python:
|    pip: 25.1.1
|    version: 3.13.5
|    virtualenv: /home/pi/oprint
2026-05-11 18:08:24,349 - octoprint.server - INFO - Reset webasset folder /home/pi/.octoprint/generated/webassets...
2026-05-11 18:08:24,350 - octoprint.server - INFO - Reset webasset folder /home/pi/.octoprint/generated/.webassets-cache...
2026-05-11 18:08:24,350 - octoprint.server - INFO - Reset webasset folder /home/pi/.octoprint/generated/.webassets-manifest.json...
2026-05-11 18:08:24,520 - octoprint.timelapse - INFO - Enabled rendering queue processing
2026-05-11 18:08:24,907 - octoprint.server - INFO - Shutting down intermediary server...
2026-05-11 18:08:25,188 - octoprint.server - INFO - Intermediary server shut down
2026-05-11 18:08:25,191 - octoprint.events - INFO - Processing startup event, this is our first event
2026-05-11 18:08:25,191 - octoprint.events - INFO - Adding 3 events to queue that were held back before startup event
2026-05-11 18:08:25,192 - octoprint.filemanager - INFO - Adding backlog items from all storage types to analysis queue...
2026-05-11 18:08:25,201 - octoprint.server - INFO - Autoconnect on startup is configured, trying to connect to the printer...
2026-05-11 18:08:25,216 - octoprint.filemanager - INFO - Added 0 items from storage type "local" to analysis queue
2026-05-11 18:08:25,223 - octoprint.plugins.softwareupdate - INFO - Fetching check overlays from https://plugins.octoprint.org/update_check_overlay.json
2026-05-11 18:08:25,265 - octoprint.plugins.pluginmanager - INFO - Loaded plugin repository data from disk, was still valid
2026-05-11 18:08:25,319 - octoprint.server - INFO - Could not find configured serial port {} in the system, cannot automatically connect to a non existing printer. Is it plugged in and booted up yet?
2026-05-11 18:08:25,320 - octoprint.server - INFO - Starting autorefresh of serial port list
2026-05-11 18:08:25,328 - octoprint.server.util.watchdog - INFO - Running initial scan on watched folder...
2026-05-11 18:08:25,380 - octoprint.server.util.watchdog - INFO - ... initial scan done.
2026-05-11 18:08:25,526 - octoprint.server - INFO - Serial port list was updated, refreshing the port list in the frontend
2026-05-11 18:08:26,317 - octoprint.plugins.discovery - INFO - Registered 'OctoPrint instance on pi._http._tcp.local.' for _http._tcp.local.
2026-05-11 18:08:26,873 - octoprint.plugins.tracking - INFO - Sent tracking event system_unthrottled, payload: {'throttled_now': False, 'throttled_past': False, 'throttled_mask': 0, 'throttled_voltage_now': False, 'throttled_voltage_past': False, 'throttled_overheat_now': False, 'throttled_overheat_past': False}
2026-05-11 18:08:27,127 - octoprint.plugins.discovery - INFO - Registered 'OctoPrint instance on pi._octoprint._tcp.local.' for _octoprint._tcp.local.
2026-05-11 18:08:27,133 - octoprint.plugins.discovery - INFO - Registered OctoPrint instance on pi for SSDP
2026-05-11 18:08:27,142 - octoprint.server - INFO - Listening on http://0.0.0.0:5000 and http://[::]:5000
2026-05-11 18:08:27,158 - octoprint.server.util - WARNING - The global API key was just used. The global API key is deprecated and will cease to function with OctoPrint 1.13.0.
2026-05-11 18:08:27,180 - octoprint.plugins.pluginmanager - INFO - Loaded plugin repository data from disk, was still valid
2026-05-12 11:45:41,695 - octoprint.plugins.announcements - INFO - Loaded channel _important from https://octoprint.org/feeds/important.xml in 2.3s
2026-05-12 11:45:41,735 - octoprint.util.pip - INFO - Using "/home/pi/oprint/bin/python3 -m pip" as command to invoke pip
2026-05-12 11:45:41,736 - octoprint.util.pip - INFO - pip installs to /home/pi/oprint/lib/python3.13/site-packages (writable -> yes), --user flag needed -> no, virtual env -> yes
2026-05-12 11:45:41,737 - octoprint.util.pip - INFO - ==> pip ok -> yes
2026-05-12 11:45:41,765 - octoprint.plugins.softwareupdate - INFO - Minimum free storage across all update relevant locations is 922.8MB. That is considered sufficient for updating.
2026-05-12 11:45:42,135 - octoprint.plugins.pluginmanager - INFO - Loaded plugin notices data from https://plugins.octoprint.org/notices.json
2026-05-12 11:45:42,156 - octoprint.plugins.pluginmanager - INFO - Saved a current plugin export to /home/pi/.octoprint/backup_plugin_export.json
2026-05-12 11:45:42,156 - octoprint.plugins.announcements - INFO - Loaded channel _important from https://octoprint.org/feeds/important.xml in 0.66s
2026-05-12 11:45:42,395 - octoprint.plugins.announcements - INFO - Loaded channel _releases from https://octoprint.org/feeds/releases.xml in 0.61s
2026-05-12 11:45:42,796 - octoprint.plugins.announcements - INFO - Loaded channel _releases from https://octoprint.org/feeds/releases.xml in 0.6s
2026-05-12 11:45:43,092 - octoprint.plugins.announcements - INFO - Loaded channel _blog from https://octoprint.org/feeds/octoblog.xml in 0.64s
2026-05-12 11:45:43,131 - octoprint.util.pip - INFO - Using "/home/pi/oprint/bin/python3 -m pip" as command to invoke pip
2026-05-12 11:45:43,132 - octoprint.util.pip - INFO - pip installs to /home/pi/oprint/lib/python3.13/site-packages (writable -> yes), --user flag needed -> no, virtual env -> yes
2026-05-12 11:45:43,133 - octoprint.util.pip - INFO - ==> pip ok -> yes
2026-05-12 11:45:43,146 - octoprint.plugins.softwareupdate - INFO - Saved version cache to disk
2026-05-12 11:45:43,153 - octoprint.plugins.ControlCenter - INFO - TouchUI Plugin Started
2026-05-12 11:45:43,154 - octoprint.plugins.ControlCenter - INFO - xinit file already contains correct ControlCenter path
2026-05-12 11:45:43,159 - octoprint.server.preemptive_cache - INFO - Preemptively caching / (ui _default) for {'base_url': 'http://192.168.0.47:5000/', 'path': '/', 'query_string': 'l10n=en'}
2026-05-12 11:45:44,581 - octoprint.plugins.announcements - INFO - Loaded channel _blog from https://octoprint.org/feeds/octoblog.xml in 1.7s
2026-05-12 11:45:44,767 - octoprint.plugins.tracking - INFO - Sent tracking event ping, payload: {'octoprint_uptime': 9, 'printer_state': 'OFFLINE'}
2026-05-12 11:45:44,813 - octoprint.plugins.announcements - INFO - Loaded channel _plugins from https://plugins.octoprint.org/feed.xml in 0.71s
2026-05-12 11:45:45,038 - octoprint.plugins.pluginmanager - INFO - Loaded plugin notices data from https://plugins.octoprint.org/notices.json
2026-05-12 11:45:46,087 - octoprint.plugins.announcements - INFO - Loaded channel _plugins from https://plugins.octoprint.org/feed.xml in 1.5s
2026-05-12 11:45:47,157 - octoprint.plugins.tracking - INFO - Sent tracking event pong, payload: {'version': '1.11.7', 'os': 'linux', 'platform': 'Linux-6.12.75+rpt-rpi-v8-aarch64-with-glibc2.41', 'bits': 64, 'python': '3.13.5', 'pip': '25.1.1', 'cores': 4, 'freq': 1500.0, 'ram': 1935220736, 'pi_model': 'Raspberry Pi Compute Module 4 Rev 1.1', 'plugins': 'controlcenter:1.0.0', 'achievements': 'the_wizard'}
2026-05-12 11:45:47,590 - octoprint.plugins.announcements - INFO - Loaded channel _octopi from https://octoprint.org/feeds/octopi.xml in 0.6s
2026-05-12 11:45:47,603 - octoprint.plugins.announcements - INFO - Loaded channel _octopi from https://octoprint.org/feeds/octopi.xml in 0.6s
2026-05-12 11:45:47,743 - octoprint.plugins.tracking - INFO - Sent tracking event startup, payload: {'version': '1.11.7', 'os': 'linux', 'platform': 'Linux-6.12.75+rpt-rpi-v8-aarch64-with-glibc2.41', 'bits': 64, 'python': '3.13.5', 'pip': '25.1.1', 'cores': 4, 'freq': 1500.0, 'ram': 1935220736, 'pi_model': 'Raspberry Pi Compute Module 4 Rev 1.1'}
2026-05-12 11:45:49,716 - octoprint.server.preemptive_cache - INFO - ... done in 6.56s
2026-05-12 11:46:11,017 - octoprint.server.util - WARNING - The global API key was just used. The global API key is deprecated and will cease to function with OctoPrint 1.13.0.
2026-05-12 11:46:11,196 - octoprint.server.util - WARNING - The global API key was just used. The global API key is deprecated and will cease to function with OctoPrint 1.13.0.
2026-05-12 11:46:11,220 - octoprint.server.util - WARNING - The global API key was just used. The global API key is deprecated and will cease to function with OctoPrint 1.13.0.
2026-05-12 11:46:11,229 - tornado.access - WARNING - 400 POST /api/connection (127.0.0.1) 12.61ms
2026-05-12 11:46:11,243 - octoprint.server.util - WARNING - The global API key was just used. The global API key is deprecated and will cease to function with OctoPrint 1.13.0.
2026-05-12 11:46:11,252 - tornado.access - WARNING - 400 POST /api/connection (127.0.0.1) 12.26ms
2026-05-12 11:46:12,994 - octoprint.server.util.sockjs - INFO - New connection from client: 127.0.0.1
2026-05-12 11:46:13,006 - octoprint.server.util - WARNING - The global API key was just used. The global API key is deprecated and will cease to function with OctoPrint 1.13.0.
2026-05-12 11:46:13,013 - octoprint.server.util.flask - INFO - Passively logging in user _api from 127.0.0.1
2026-05-12 11:46:13,014 - octoprint.access.users - INFO - Logged in user: _api
2026-05-12 11:46:13,029 - octoprint.server.util.sockjs - INFO - User _api logged in on the socket from client 127.0.0.1
2026-05-12 11:49:51,105 - octoprint.startup - INFO - ******************************************************************************
2026-05-12 11:49:51,108 - octoprint.startup - INFO - Starting OctoPrint 1.11.7
2026-05-12 11:49:51,112 - octoprint.startup - INFO - ******************************************************************************
2026-05-12 11:49:51,245 - octoprint.util.connectivity.connectivity_checker - INFO - Connectivity changed from offline to online
2026-05-12 11:49:51,255 - octoprint.util.connectivity.connectivity_checker - INFO - Connectivity state is currently: online
2026-05-12 11:49:51,255 - octoprint.util.connectivity.connectivity_checker - INFO - Connecting to 1.1.1.1:53 is working
2026-05-12 11:49:51,255 - octoprint.util.connectivity.connectivity_checker - INFO - Resolving octoprint.org is working
2026-05-12 11:49:51,263 - octoprint.plugin.core - INFO - Loading plugins from /home/pi/oprint/lib/python3.13/site-packages/octoprint/plugins, /home/pi/.octoprint/plugins and installed plugin packages...
2026-05-12 11:49:55,165 - octoprint.plugin.core - INFO - Found 24 plugin(s) providing 24 mixin implementations, 49 hook handlers
2026-05-12 11:49:55,284 - octoprint.server.heartbeat - INFO - Starting server heartbeat, 900.0s interval
2026-05-12 11:49:55,591 - octoprint.server - INFO - Intermediary server started
2026-05-12 11:49:55,600 - octoprint.filemanager.storage - INFO - Initializing the file metadata for /home/pi/.octoprint/uploads...
2026-05-12 11:49:55,602 - octoprint.filemanager.storage - INFO - ... file metadata for /home/pi/.octoprint/uploads initialized successfully.
2026-05-12 11:49:55,606 - octoprint.server - INFO - Added new permission from plugin achievements: PLUGIN_ACHIEVEMENTS_VIEW (needs: "Need(method='role', value='plugin_achievements_view')")
2026-05-12 11:49:55,607 - octoprint.server - INFO - Added new permission from plugin achievements: PLUGIN_ACHIEVEMENTS_RESET (needs: "Need(method='role', value='plugin_achievements_reset')")
2026-05-12 11:49:55,607 - octoprint.server - INFO - Added new permission from plugin action_command_notification: PLUGIN_ACTION_COMMAND_NOTIFICATION_SHOW (needs: "Need(method='role', value='plugin_action_command_notification_show')")
2026-05-12 11:49:55,608 - octoprint.server - INFO - Added new permission from plugin action_command_notification: PLUGIN_ACTION_COMMAND_NOTIFICATION_CLEAR (needs: "Need(method='role', value='plugin_action_command_notification_clear')")
2026-05-12 11:49:55,608 - octoprint.server - INFO - Added new permission from plugin action_command_prompt: PLUGIN_ACTION_COMMAND_PROMPT_INTERACT (needs: "Need(method='role', value='plugin_action_command_prompt_interact')")
2026-05-12 11:49:55,608 - octoprint.server - INFO - Added new permission from plugin announcements: PLUGIN_ANNOUNCEMENTS_READ (needs: "Need(method='role', value='plugin_announcements_read')")
2026-05-12 11:49:55,609 - octoprint.server - INFO - Added new permission from plugin announcements: PLUGIN_ANNOUNCEMENTS_MANAGE (needs: "Need(method='role', value='plugin_announcements_read'), Need(method='role', value='plugin_announcements_manage')")
2026-05-12 11:49:55,609 - octoprint.server - INFO - Added new permission from plugin appkeys: PLUGIN_APPKEYS_ADMIN (needs: "Need(method='role', value='plugin_appkeys_admin')")
2026-05-12 11:49:55,610 - octoprint.server - INFO - Added new permission from plugin appkeys: PLUGIN_APPKEYS_GRANT (needs: "Need(method='role', value='plugin_appkeys_user')")
2026-05-12 11:49:55,610 - octoprint.server - INFO - Added new permission from plugin backup: PLUGIN_BACKUP_CREATE (needs: "Need(method='role', value='plugin_backup_create')")
2026-05-12 11:49:55,611 - octoprint.server - INFO - Added new permission from plugin file_check: PLUGIN_FILE_CHECK_RUN (needs: "Need(method='role', value='plugin_file_check_run')")
2026-05-12 11:49:55,611 - octoprint.server - INFO - Added new permission from plugin firmware_check: PLUGIN_FIRMWARE_CHECK_DISPLAY (needs: "Need(method='role', value='plugin_firmware_check_display')")
2026-05-12 11:49:55,611 - octoprint.server - INFO - Added new permission from plugin health_check: PLUGIN_HEALTH_CHECK_CHECK (needs: "Need(method='role', value='plugin_health_check_check')")
2026-05-12 11:49:55,612 - octoprint.server - INFO - Added new permission from plugin logging: PLUGIN_LOGGING_MANAGE (needs: "Need(method='role', value='plugin_logging_manage')")
2026-05-12 11:49:55,613 - octoprint.server - INFO - Added new permission from plugin pi_support: PLUGIN_PI_SUPPORT_STATUS (needs: "Need(method='role', value='plugin_pi_support_check')")
2026-05-12 11:49:55,619 - octoprint.server - INFO - Added new permission from plugin pluginmanager: PLUGIN_PLUGINMANAGER_LIST (needs: "Need(method='role', value='plugin_pluginmanager_list')")
2026-05-12 11:49:55,620 - octoprint.server - INFO - Added new permission from plugin pluginmanager: PLUGIN_PLUGINMANAGER_MANAGE (needs: "Need(method='role', value='plugin_pluginmanager_manage')")
2026-05-12 11:49:55,621 - octoprint.server - INFO - Added new permission from plugin pluginmanager: PLUGIN_PLUGINMANAGER_INSTALL (needs: "Need(method='role', value='plugin_pluginmanager_install'), Need(method='role', value='plugin_pluginmanager_manage')")
2026-05-12 11:49:55,623 - octoprint.server - INFO - Added new permission from plugin softwareupdate: PLUGIN_SOFTWAREUPDATE_CHECK (needs: "Need(method='role', value='plugin_softwareupdate_check')")
2026-05-12 11:49:55,625 - octoprint.server - INFO - Added new permission from plugin softwareupdate: PLUGIN_SOFTWAREUPDATE_UPDATE (needs: "Need(method='role', value='plugin_softwareupdate_update')")
2026-05-12 11:49:55,626 - octoprint.server - INFO - Added new permission from plugin softwareupdate: PLUGIN_SOFTWAREUPDATE_CONFIGURE (needs: "Need(method='role', value='plugin_softwareupdate_configure')")
2026-05-12 11:49:55,654 - octoprint.plugins.achievements - INFO - Loading data from /home/pi/.octoprint/data/achievements/data.json
2026-05-12 11:49:55,658 - octoprint.plugins.achievements - INFO - Loading data for 2026 from /home/pi/.octoprint/data/achievements/2026.json
2026-05-12 11:49:55,712 - octoprint.plugins.softwareupdate - INFO - Loaded version cache from disk
2026-05-12 11:49:57,011 - octoprint.util.pip - INFO - Using "/home/pi/oprint/bin/python3 -m pip" as command to invoke pip
2026-05-12 11:49:57,427 - octoprint.plugins.healthcheck.python_eol - INFO - Fetched Python EOL data from https://get.octoprint.org/python-eol
2026-05-12 11:49:57,885 - octoprint.util.pip - INFO - Version of pip is 25.1.1
2026-05-12 11:49:58,214 - octoprint.util.pip - INFO - pip installs to /home/pi/oprint/lib/python3.13/site-packages (writable -> yes), --user flag needed -> no, virtual env -> yes
2026-05-12 11:49:58,214 - octoprint.util.pip - INFO - ==> pip ok -> yes
2026-05-12 11:49:58,241 - octoprint.plugins.file_check - INFO - Native grep available: True
2026-05-12 11:49:58,244 - octoprint.plugin.core - INFO - Initialized 24 plugin implementation(s)
2026-05-12 11:49:58,262 - octoprint - INFO - Installing webcam compat overlay for configured default webcam <octoprint.webcams.ProvidedWebcam object at 0x7f85f40c20>
2026-05-12 11:49:58,263 - octoprint.plugin.core - INFO - 24 plugin(s) registered with the system (23 bundled & 1 third party):
| Bundled Plugins (23)
|   Achievements Plugin (bundled) = /home/pi/oprint/lib/python3.13/site-packages/octoprint/plugins/achievements
|   Action Command Notification Support (bundled) = /home/pi/oprint/lib/python3.13/site-packages/octoprint/plugins/action_command_notification
|   Action Command Prompt Support (bundled) = /home/pi/oprint/lib/python3.13/site-packages/octoprint/plugins/action_command_prompt
|   Announcement Plugin (bundled) = /home/pi/oprint/lib/python3.13/site-packages/octoprint/plugins/announcements
|   Anonymous Usage Tracking (bundled) = /home/pi/oprint/lib/python3.13/site-packages/octoprint/plugins/tracking
|   Application Keys Plugin (bundled) = /home/pi/oprint/lib/python3.13/site-packages/octoprint/plugins/appkeys
|   Backup & Restore (bundled) = /home/pi/oprint/lib/python3.13/site-packages/octoprint/plugins/backup
|   Classic Webcam (bundled) = /home/pi/oprint/lib/python3.13/site-packages/octoprint/plugins/classicwebcam
|   Core Wizard (bundled) = /home/pi/oprint/lib/python3.13/site-packages/octoprint/plugins/corewizard
|   Custom Control Manager (bundled) = /home/pi/oprint/lib/python3.13/site-packages/octoprint/plugins/customcontrolmanager
|   Discovery (bundled) = /home/pi/oprint/lib/python3.13/site-packages/octoprint/plugins/discovery
|   Error Tracking (bundled) = /home/pi/oprint/lib/python3.13/site-packages/octoprint/plugins/errortracking
|   Event Manager (bundled) = /home/pi/oprint/lib/python3.13/site-packages/octoprint/plugins/eventmanager
|   File Check (2025.7.23) (bundled) = /home/pi/oprint/lib/python3.13/site-packages/octoprint_file_check
|   Firmware Check (2025.7.23) (bundled) = /home/pi/oprint/lib/python3.13/site-packages/octoprint_firmware_check
|   GCode Viewer (bundled) = /home/pi/oprint/lib/python3.13/site-packages/octoprint/plugins/gcodeviewer
|   Healthcheck Plugin (bundled) = /home/pi/oprint/lib/python3.13/site-packages/octoprint/plugins/health_check
|   Logging (bundled) = /home/pi/oprint/lib/python3.13/site-packages/octoprint/plugins/logging
|   Pi Support Plugin (2025.7.23) (bundled) = /home/pi/oprint/lib/python3.13/site-packages/octoprint_pi_support
|   Plugin Manager (bundled) = /home/pi/oprint/lib/python3.13/site-packages/octoprint/plugins/pluginmanager
|   Software Update (bundled) = /home/pi/oprint/lib/python3.13/site-packages/octoprint/plugins/softwareupdate
|   Upload Manager (bundled) = /home/pi/oprint/lib/python3.13/site-packages/octoprint/plugins/uploadmanager
|   Virtual Printer (bundled) = /home/pi/oprint/lib/python3.13/site-packages/octoprint/plugins/virtual_printer
| Third Party Plugins (1)
|   ControlCenter (1.0.0) = /home/pi/oprint/lib/python3.13/site-packages/octoprint_ControlCenter
Prefix legend: ! = disabled, # = blacklisted, * = incompatible
2026-05-12 11:49:58,282 - octoprint.environment - INFO - Detected environment is Python 3.13.5 under Linux (Linux-6.12.75+rpt-rpi-v8-aarch64-with-glibc2.41). Details:
|  hardware:
|    cores: 4
|    freq: 1500.0
|    ram: 1935220736
|  os:
|    bits: 64
|    id: linux
|    platform: Linux-6.12.75+rpt-rpi-v8-aarch64-with-glibc2.41
|  plugins:
|    pi_support:
|      model: Raspberry Pi Compute Module 4 Rev 1.1
|      throttle_check_enabled: true
|      throttle_check_functional: true
|      throttle_state: '0x0'
|  python:
|    pip: 25.1.1
|    version: 3.13.5
|    virtualenv: /home/pi/oprint
2026-05-12 11:49:58,298 - octoprint.server - INFO - Reset webasset folder /home/pi/.octoprint/generated/webassets...
2026-05-12 11:49:58,299 - octoprint.server - INFO - Reset webasset folder /home/pi/.octoprint/generated/.webassets-cache...
2026-05-12 11:49:58,300 - octoprint.server - INFO - Reset webasset folder /home/pi/.octoprint/generated/.webassets-manifest.json...
2026-05-12 11:49:58,440 - octoprint.timelapse - INFO - Enabled rendering queue processing
2026-05-12 11:49:58,836 - octoprint.server - INFO - Shutting down intermediary server...
2026-05-12 11:49:59,102 - octoprint.server - INFO - Intermediary server shut down
2026-05-12 11:49:59,105 - octoprint.events - INFO - Processing startup event, this is our first event
2026-05-12 11:49:59,105 - octoprint.events - INFO - Adding 3 events to queue that were held back before startup event
2026-05-12 11:49:59,114 - octoprint.filemanager - INFO - Adding backlog items from all storage types to analysis queue...
2026-05-12 11:49:59,121 - octoprint.server - INFO - Autoconnect on startup is configured, trying to connect to the printer...
2026-05-12 11:49:59,131 - octoprint.plugins.softwareupdate - INFO - Fetching check overlays from https://plugins.octoprint.org/update_check_overlay.json
2026-05-12 11:49:59,166 - octoprint.filemanager - INFO - Added 0 items from storage type "local" to analysis queue
2026-05-12 11:49:59,175 - octoprint.server - INFO - Could not find configured serial port {} in the system, cannot automatically connect to a non existing printer. Is it plugged in and booted up yet?
2026-05-12 11:49:59,175 - octoprint.server - INFO - Starting autorefresh of serial port list
2026-05-12 11:49:59,180 - octoprint.server.util.watchdog - INFO - Running initial scan on watched folder...
2026-05-12 11:49:59,182 - octoprint.server.util.watchdog - INFO - ... initial scan done.
2026-05-12 11:49:59,191 - octoprint.server - INFO - Serial port list was updated, refreshing the port list in the frontend
2026-05-12 11:50:00,011 - octoprint.plugins.discovery - INFO - Registered 'OctoPrint instance on pi._http._tcp.local.' for _http._tcp.local.
2026-05-12 11:50:00,348 - octoprint.plugins.tracking - INFO - Sent tracking event system_unthrottled, payload: {'throttled_now': False, 'throttled_past': False, 'throttled_mask': 0, 'throttled_voltage_now': False, 'throttled_voltage_past': False, 'throttled_overheat_now': False, 'throttled_overheat_past': False}
2026-05-12 11:50:00,821 - octoprint.plugins.discovery - INFO - Registered 'OctoPrint instance on pi._octoprint._tcp.local.' for _octoprint._tcp.local.
2026-05-12 11:50:00,829 - octoprint.plugins.discovery - INFO - Registered OctoPrint instance on pi for SSDP
2026-05-12 11:50:00,839 - octoprint.server - INFO - Listening on http://0.0.0.0:5000 and http://[::]:5000
2026-05-12 11:50:00,873 - octoprint.plugins.pluginmanager - INFO - Loaded plugin repository data from https://plugins.octoprint.org/plugins.json
2026-05-12 11:50:01,336 - octoprint.plugins.pluginmanager - INFO - Loaded notice data from disk, was still valid
2026-05-12 11:50:01,347 - octoprint.server.util - WARNING - The global API key was just used. The global API key is deprecated and will cease to function with OctoPrint 1.13.0.
2026-05-12 11:50:01,677 - octoprint.util.pip - INFO - Using "/home/pi/oprint/bin/python3 -m pip" as command to invoke pip
2026-05-12 11:50:01,678 - octoprint.util.pip - INFO - pip installs to /home/pi/oprint/lib/python3.13/site-packages (writable -> yes), --user flag needed -> no, virtual env -> yes
2026-05-12 11:50:01,679 - octoprint.util.pip - INFO - ==> pip ok -> yes
2026-05-12 11:50:01,684 - octoprint.plugins.softwareupdate - INFO - Minimum free storage across all update relevant locations is 922.8MB. That is considered sufficient for updating.
2026-05-12 11:50:02,100 - octoprint.plugins.ControlCenter - INFO - TouchUI Plugin Started
2026-05-12 11:50:02,102 - octoprint.plugins.ControlCenter - INFO - xinit file already contains correct ControlCenter path
2026-05-12 11:50:02,108 - octoprint.server.preemptive_cache - INFO - Preemptively caching / (ui _default) for {'base_url': 'http://192.168.0.47:5000/', 'path': '/', 'query_string': 'l10n=en'}
2026-05-12 11:55:34,545 - octoprint.plugins.tracking - INFO - Sent tracking event ping, payload: {'octoprint_uptime': 8, 'printer_state': 'OFFLINE'}
2026-05-12 11:55:34,672 - octoprint.plugins.pluginmanager - INFO - Loaded plugin repository data from https://plugins.octoprint.org/plugins.json
2026-05-12 11:55:35,172 - octoprint.plugins.pluginmanager - INFO - Loaded notice data from disk, was still valid
2026-05-12 11:55:35,182 - octoprint.plugins.pluginmanager - INFO - Saved a current plugin export to /home/pi/.octoprint/backup_plugin_export.json
2026-05-12 11:55:35,307 - octoprint.plugins.tracking - INFO - Sent tracking event pong, payload: {'version': '1.11.7', 'os': 'linux', 'platform': 'Linux-6.12.75+rpt-rpi-v8-aarch64-with-glibc2.41', 'bits': 64, 'python': '3.13.5', 'pip': '25.1.1', 'cores': 4, 'freq': 1500.0, 'ram': 1935220736, 'pi_model': 'Raspberry Pi Compute Module 4 Rev 1.1', 'plugins': 'controlcenter:1.0.0', 'achievements': 'the_wizard'}
2026-05-12 11:55:36,164 - octoprint.plugins.tracking - INFO - Sent tracking event startup, payload: {'version': '1.11.7', 'os': 'linux', 'platform': 'Linux-6.12.75+rpt-rpi-v8-aarch64-with-glibc2.41', 'bits': 64, 'python': '3.13.5', 'pip': '25.1.1', 'cores': 4, 'freq': 1500.0, 'ram': 1935220736, 'pi_model': 'Raspberry Pi Compute Module 4 Rev 1.1'}
2026-05-12 11:55:40,248 - octoprint.server.preemptive_cache - INFO - ... done in 6.26s
2026-05-12 11:56:03,275 - octoprint.server.util - WARNING - The global API key was just used. The global API key is deprecated and will cease to function with OctoPrint 1.13.0.
2026-05-12 11:56:03,461 - octoprint.server.util - WARNING - The global API key was just used. The global API key is deprecated and will cease to function with OctoPrint 1.13.0.
2026-05-12 11:56:03,485 - octoprint.server.util - WARNING - The global API key was just used. The global API key is deprecated and will cease to function with OctoPrint 1.13.0.
2026-05-12 11:56:03,494 - tornado.access - WARNING - 400 POST /api/connection (127.0.0.1) 13.33ms
2026-05-12 11:56:03,508 - octoprint.server.util - WARNING - The global API key was just used. The global API key is deprecated and will cease to function with OctoPrint 1.13.0.
2026-05-12 11:56:03,518 - tornado.access - WARNING - 400 POST /api/connection (127.0.0.1) 14.51ms
2026-05-12 11:56:05,256 - octoprint.server.util.sockjs - INFO - New connection from client: 127.0.0.1
2026-05-12 11:56:05,272 - octoprint.server.util - WARNING - The global API key was just used. The global API key is deprecated and will cease to function with OctoPrint 1.13.0.
2026-05-12 11:56:05,276 - octoprint.server.util.flask - INFO - Passively logging in user _api from 127.0.0.1
2026-05-12 11:56:05,276 - octoprint.access.users - INFO - Logged in user: _api
2026-05-12 11:56:05,292 - octoprint.server.util.sockjs - INFO - User _api logged in on the socket from client 127.0.0.1
2026-05-12 12:10:27,163 - octoprint.server.heartbeat - INFO - Server heartbeat <3
2026-05-12 12:10:35,566 - octoprint.plugins.tracking - INFO - Sent tracking event ping, payload: {'octoprint_uptime': 908, 'printer_state': 'OFFLINE'}
2026-05-12 12:25:27,163 - octoprint.server.heartbeat - INFO - Server heartbeat <3
2026-05-12 12:25:34,802 - octoprint.plugins.tracking - INFO - Sent tracking event ping, payload: {'octoprint_uptime': 1808, 'printer_state': 'OFFLINE'}
2026-05-12 12:40:27,164 - octoprint.server.heartbeat - INFO - Server heartbeat <3
2026-05-12 12:40:34,727 - octoprint.plugins.tracking - INFO - Sent tracking event ping, payload: {'octoprint_uptime': 2708, 'printer_state': 'OFFLINE'}
2026-05-12 12:55:27,165 - octoprint.server.heartbeat - INFO - Server heartbeat <3
2026-05-12 12:55:34,915 - octoprint.plugins.tracking - INFO - Sent tracking event ping, payload: {'octoprint_uptime': 3608, 'printer_state': 'OFFLINE'}
2026-05-12 12:59:00,496 - octoprint.startup - INFO - ******************************************************************************
2026-05-12 12:59:00,498 - octoprint.startup - INFO - Starting OctoPrint 1.11.7
2026-05-12 12:59:00,502 - octoprint.startup - INFO - ******************************************************************************
2026-05-12 12:59:01,680 - octoprint.util.connectivity.connectivity_checker - INFO - Connectivity changed from offline to online
2026-05-12 12:59:01,692 - octoprint.util.connectivity.connectivity_checker - INFO - Connectivity state is currently: online
2026-05-12 12:59:01,692 - octoprint.util.connectivity.connectivity_checker - INFO - Connecting to 1.1.1.1:53 is working
2026-05-12 12:59:01,692 - octoprint.util.connectivity.connectivity_checker - INFO - Resolving octoprint.org is working
2026-05-12 12:59:01,704 - octoprint.plugin.core - INFO - Loading plugins from /home/pi/oprint/lib/python3.13/site-packages/octoprint/plugins, /home/pi/.octoprint/plugins and installed plugin packages...
2026-05-12 12:59:05,699 - octoprint.plugin.core - INFO - Found 24 plugin(s) providing 24 mixin implementations, 49 hook handlers
2026-05-12 12:59:05,785 - octoprint.server.heartbeat - INFO - Starting server heartbeat, 900.0s interval
2026-05-12 12:59:06,001 - octoprint.server - INFO - Intermediary server started
2026-05-12 12:59:06,009 - octoprint.filemanager.storage - INFO - Initializing the file metadata for /home/pi/.octoprint/uploads...
2026-05-12 12:59:06,011 - octoprint.filemanager.storage - INFO - ... file metadata for /home/pi/.octoprint/uploads initialized successfully.
2026-05-12 12:59:06,015 - octoprint.server - INFO - Added new permission from plugin achievements: PLUGIN_ACHIEVEMENTS_VIEW (needs: "Need(method='role', value='plugin_achievements_view')")
2026-05-12 12:59:06,015 - octoprint.server - INFO - Added new permission from plugin achievements: PLUGIN_ACHIEVEMENTS_RESET (needs: "Need(method='role', value='plugin_achievements_reset')")
2026-05-12 12:59:06,016 - octoprint.server - INFO - Added new permission from plugin action_command_notification: PLUGIN_ACTION_COMMAND_NOTIFICATION_SHOW (needs: "Need(method='role', value='plugin_action_command_notification_show')")
2026-05-12 12:59:06,016 - octoprint.server - INFO - Added new permission from plugin action_command_notification: PLUGIN_ACTION_COMMAND_NOTIFICATION_CLEAR (needs: "Need(method='role', value='plugin_action_command_notification_clear')")
2026-05-12 12:59:06,016 - octoprint.server - INFO - Added new permission from plugin action_command_prompt: PLUGIN_ACTION_COMMAND_PROMPT_INTERACT (needs: "Need(method='role', value='plugin_action_command_prompt_interact')")
2026-05-12 12:59:06,017 - octoprint.server - INFO - Added new permission from plugin announcements: PLUGIN_ANNOUNCEMENTS_READ (needs: "Need(method='role', value='plugin_announcements_read')")
2026-05-12 12:59:06,017 - octoprint.server - INFO - Added new permission from plugin announcements: PLUGIN_ANNOUNCEMENTS_MANAGE (needs: "Need(method='role', value='plugin_announcements_read'), Need(method='role', value='plugin_announcements_manage')")
2026-05-12 12:59:06,018 - octoprint.server - INFO - Added new permission from plugin appkeys: PLUGIN_APPKEYS_ADMIN (needs: "Need(method='role', value='plugin_appkeys_admin')")
2026-05-12 12:59:06,018 - octoprint.server - INFO - Added new permission from plugin appkeys: PLUGIN_APPKEYS_GRANT (needs: "Need(method='role', value='plugin_appkeys_user')")
2026-05-12 12:59:06,018 - octoprint.server - INFO - Added new permission from plugin backup: PLUGIN_BACKUP_CREATE (needs: "Need(method='role', value='plugin_backup_create')")
2026-05-12 12:59:06,019 - octoprint.server - INFO - Added new permission from plugin file_check: PLUGIN_FILE_CHECK_RUN (needs: "Need(method='role', value='plugin_file_check_run')")
2026-05-12 12:59:06,019 - octoprint.server - INFO - Added new permission from plugin firmware_check: PLUGIN_FIRMWARE_CHECK_DISPLAY (needs: "Need(method='role', value='plugin_firmware_check_display')")
2026-05-12 12:59:06,019 - octoprint.server - INFO - Added new permission from plugin health_check: PLUGIN_HEALTH_CHECK_CHECK (needs: "Need(method='role', value='plugin_health_check_check')")
2026-05-12 12:59:06,020 - octoprint.server - INFO - Added new permission from plugin logging: PLUGIN_LOGGING_MANAGE (needs: "Need(method='role', value='plugin_logging_manage')")
2026-05-12 12:59:06,020 - octoprint.server - INFO - Added new permission from plugin pi_support: PLUGIN_PI_SUPPORT_STATUS (needs: "Need(method='role', value='plugin_pi_support_check')")
2026-05-12 12:59:06,022 - octoprint.server - INFO - Added new permission from plugin pluginmanager: PLUGIN_PLUGINMANAGER_LIST (needs: "Need(method='role', value='plugin_pluginmanager_list')")
2026-05-12 12:59:06,023 - octoprint.server - INFO - Added new permission from plugin pluginmanager: PLUGIN_PLUGINMANAGER_MANAGE (needs: "Need(method='role', value='plugin_pluginmanager_manage')")
2026-05-12 12:59:06,025 - octoprint.server - INFO - Added new permission from plugin pluginmanager: PLUGIN_PLUGINMANAGER_INSTALL (needs: "Need(method='role', value='plugin_pluginmanager_install'), Need(method='role', value='plugin_pluginmanager_manage')")
2026-05-12 12:59:06,026 - octoprint.server - INFO - Added new permission from plugin softwareupdate: PLUGIN_SOFTWAREUPDATE_CHECK (needs: "Need(method='role', value='plugin_softwareupdate_check')")
2026-05-12 12:59:06,027 - octoprint.server - INFO - Added new permission from plugin softwareupdate: PLUGIN_SOFTWAREUPDATE_UPDATE (needs: "Need(method='role', value='plugin_softwareupdate_update')")
2026-05-12 12:59:06,028 - octoprint.server - INFO - Added new permission from plugin softwareupdate: PLUGIN_SOFTWAREUPDATE_CONFIGURE (needs: "Need(method='role', value='plugin_softwareupdate_configure')")
2026-05-12 12:59:06,062 - octoprint.plugins.achievements - INFO - Loading data from /home/pi/.octoprint/data/achievements/data.json
2026-05-12 12:59:06,066 - octoprint.plugins.achievements - INFO - Loading data for 2026 from /home/pi/.octoprint/data/achievements/2026.json
2026-05-12 12:59:06,124 - octoprint.plugins.softwareupdate - INFO - Loaded version cache from disk
2026-05-12 12:59:07,535 - octoprint.util.pip - INFO - Using "/home/pi/oprint/bin/python3 -m pip" as command to invoke pip
2026-05-12 12:59:08,281 - octoprint.plugins.healthcheck.python_eol - INFO - Fetched Python EOL data from https://get.octoprint.org/python-eol
2026-05-12 12:59:08,309 - octoprint.util.pip - INFO - Version of pip is 25.1.1
2026-05-12 12:59:08,575 - octoprint.util.pip - INFO - pip installs to /home/pi/oprint/lib/python3.13/site-packages (writable -> yes), --user flag needed -> no, virtual env -> yes
2026-05-12 12:59:08,575 - octoprint.util.pip - INFO - ==> pip ok -> yes
2026-05-12 12:59:08,604 - octoprint.plugins.file_check - INFO - Native grep available: True
2026-05-12 12:59:08,607 - octoprint.plugin.core - INFO - Initialized 24 plugin implementation(s)
2026-05-12 12:59:08,626 - octoprint - INFO - Installing webcam compat overlay for configured default webcam <octoprint.webcams.ProvidedWebcam object at 0x7f98294c20>
2026-05-12 12:59:08,627 - octoprint.plugin.core - INFO - 24 plugin(s) registered with the system (23 bundled & 1 third party):
| Bundled Plugins (23)
|   Achievements Plugin (bundled) = /home/pi/oprint/lib/python3.13/site-packages/octoprint/plugins/achievements
|   Action Command Notification Support (bundled) = /home/pi/oprint/lib/python3.13/site-packages/octoprint/plugins/action_command_notification
|   Action Command Prompt Support (bundled) = /home/pi/oprint/lib/python3.13/site-packages/octoprint/plugins/action_command_prompt
|   Announcement Plugin (bundled) = /home/pi/oprint/lib/python3.13/site-packages/octoprint/plugins/announcements
|   Anonymous Usage Tracking (bundled) = /home/pi/oprint/lib/python3.13/site-packages/octoprint/plugins/tracking
|   Application Keys Plugin (bundled) = /home/pi/oprint/lib/python3.13/site-packages/octoprint/plugins/appkeys
|   Backup & Restore (bundled) = /home/pi/oprint/lib/python3.13/site-packages/octoprint/plugins/backup
|   Classic Webcam (bundled) = /home/pi/oprint/lib/python3.13/site-packages/octoprint/plugins/classicwebcam
|   Core Wizard (bundled) = /home/pi/oprint/lib/python3.13/site-packages/octoprint/plugins/corewizard
|   Custom Control Manager (bundled) = /home/pi/oprint/lib/python3.13/site-packages/octoprint/plugins/customcontrolmanager
|   Discovery (bundled) = /home/pi/oprint/lib/python3.13/site-packages/octoprint/plugins/discovery
|   Error Tracking (bundled) = /home/pi/oprint/lib/python3.13/site-packages/octoprint/plugins/errortracking
|   Event Manager (bundled) = /home/pi/oprint/lib/python3.13/site-packages/octoprint/plugins/eventmanager
|   File Check (2025.7.23) (bundled) = /home/pi/oprint/lib/python3.13/site-packages/octoprint_file_check
|   Firmware Check (2025.7.23) (bundled) = /home/pi/oprint/lib/python3.13/site-packages/octoprint_firmware_check
|   GCode Viewer (bundled) = /home/pi/oprint/lib/python3.13/site-packages/octoprint/plugins/gcodeviewer
|   Healthcheck Plugin (bundled) = /home/pi/oprint/lib/python3.13/site-packages/octoprint/plugins/health_check
|   Logging (bundled) = /home/pi/oprint/lib/python3.13/site-packages/octoprint/plugins/logging
|   Pi Support Plugin (2025.7.23) (bundled) = /home/pi/oprint/lib/python3.13/site-packages/octoprint_pi_support
|   Plugin Manager (bundled) = /home/pi/oprint/lib/python3.13/site-packages/octoprint/plugins/pluginmanager
|   Software Update (bundled) = /home/pi/oprint/lib/python3.13/site-packages/octoprint/plugins/softwareupdate
|   Upload Manager (bundled) = /home/pi/oprint/lib/python3.13/site-packages/octoprint/plugins/uploadmanager
|   Virtual Printer (bundled) = /home/pi/oprint/lib/python3.13/site-packages/octoprint/plugins/virtual_printer
| Third Party Plugins (1)
|   ControlCenter (1.0.0) = /home/pi/oprint/lib/python3.13/site-packages/octoprint_ControlCenter
Prefix legend: ! = disabled, # = blacklisted, * = incompatible
2026-05-12 12:59:08,643 - octoprint.environment - INFO - Detected environment is Python 3.13.5 under Linux (Linux-6.12.75+rpt-rpi-v8-aarch64-with-glibc2.41). Details:
|  hardware:
|    cores: 4
|    freq: 1500.0
|    ram: 1935220736
|  os:
|    bits: 64
|    id: linux
|    platform: Linux-6.12.75+rpt-rpi-v8-aarch64-with-glibc2.41
|  plugins:
|    pi_support:
|      model: Raspberry Pi Compute Module 4 Rev 1.1
|      throttle_check_enabled: true
|      throttle_check_functional: true
|      throttle_state: '0x0'
|  python:
|    pip: 25.1.1
|    version: 3.13.5
|    virtualenv: /home/pi/oprint
2026-05-12 12:59:08,655 - octoprint.server - INFO - Reset webasset folder /home/pi/.octoprint/generated/webassets...
2026-05-12 12:59:08,655 - octoprint.server - INFO - Reset webasset folder /home/pi/.octoprint/generated/.webassets-cache...
2026-05-12 12:59:08,656 - octoprint.server - INFO - Reset webasset folder /home/pi/.octoprint/generated/.webassets-manifest.json...
2026-05-12 12:59:08,772 - octoprint.timelapse - INFO - Enabled rendering queue processing
2026-05-12 12:59:09,158 - octoprint.server - INFO - Shutting down intermediary server...
2026-05-12 12:59:09,511 - octoprint.server - INFO - Intermediary server shut down
2026-05-12 12:59:09,513 - octoprint.events - INFO - Processing startup event, this is our first event
2026-05-12 12:59:09,514 - octoprint.events - INFO - Adding 3 events to queue that were held back before startup event
2026-05-12 12:59:09,515 - octoprint.filemanager - INFO - Adding backlog items from all storage types to analysis queue...
2026-05-12 12:59:09,523 - octoprint.server - INFO - Autoconnect on startup is configured, trying to connect to the printer...
2026-05-12 12:59:09,560 - octoprint.filemanager - INFO - Added 0 items from storage type "local" to analysis queue
2026-05-12 12:59:09,557 - octoprint.plugins.softwareupdate - INFO - Fetching check overlays from https://plugins.octoprint.org/update_check_overlay.json
2026-05-12 12:59:09,575 - octoprint.server - INFO - Could not find configured serial port {} in the system, cannot automatically connect to a non existing printer. Is it plugged in and booted up yet?
2026-05-12 12:59:09,576 - octoprint.server - INFO - Starting autorefresh of serial port list
2026-05-12 12:59:09,580 - octoprint.server.util.watchdog - INFO - Running initial scan on watched folder...
2026-05-12 12:59:09,597 - octoprint.plugins.pluginmanager - INFO - Loaded plugin repository data from disk, was still valid
2026-05-12 12:59:09,602 - octoprint.server.util.watchdog - INFO - ... initial scan done.
2026-05-12 12:59:09,804 - octoprint.server - INFO - Serial port list was updated, refreshing the port list in the frontend
2026-05-12 12:59:09,936 - octoprint.plugins.pluginmanager - INFO - Loaded notice data from disk, was still valid
2026-05-12 12:59:10,160 - octoprint.plugins.tracking - INFO - Sent tracking event system_unthrottled, payload: {'throttled_now': False, 'throttled_past': False, 'throttled_mask': 0, 'throttled_voltage_now': False, 'throttled_voltage_past': False, 'throttled_overheat_now': False, 'throttled_overheat_past': False}
2026-05-12 13:02:15,485 - octoprint.plugins.discovery - INFO - Registered 'OctoPrint instance on pi._http._tcp.local.' for _http._tcp.local.
2026-05-12 13:02:16,295 - octoprint.plugins.discovery - INFO - Registered 'OctoPrint instance on pi._octoprint._tcp.local.' for _octoprint._tcp.local.
2026-05-12 13:02:16,301 - octoprint.plugins.discovery - INFO - Registered OctoPrint instance on pi for SSDP
2026-05-12 13:02:16,311 - octoprint.server - INFO - Listening on http://0.0.0.0:5000 and http://[::]:5000
2026-05-12 13:02:16,341 - octoprint.plugins.pluginmanager - INFO - Loaded plugin repository data from disk, was still valid
2026-05-12 13:02:16,364 - octoprint.server.util - WARNING - The global API key was just used. The global API key is deprecated and will cease to function with OctoPrint 1.13.0.
2026-05-12 13:02:16,704 - octoprint.plugins.pluginmanager - INFO - Loaded notice data from disk, was still valid
2026-05-12 13:02:16,708 - octoprint.plugins.pluginmanager - INFO - Saved a current plugin export to /home/pi/.octoprint/backup_plugin_export.json
2026-05-12 13:02:17,095 - octoprint.util.pip - INFO - Using "/home/pi/oprint/bin/python3 -m pip" as command to invoke pip
2026-05-12 13:02:17,097 - octoprint.util.pip - INFO - pip installs to /home/pi/oprint/lib/python3.13/site-packages (writable -> yes), --user flag needed -> no, virtual env -> yes
2026-05-12 13:02:17,097 - octoprint.util.pip - INFO - ==> pip ok -> yes
2026-05-12 13:02:17,102 - octoprint.plugins.softwareupdate - INFO - Minimum free storage across all update relevant locations is 922.8MB. That is considered sufficient for updating.
2026-05-12 13:02:17,126 - octoprint.plugins.ControlCenter - INFO - TouchUI Plugin Started
2026-05-12 13:02:17,130 - octoprint.plugins.ControlCenter - INFO - xinit file already contains correct ControlCenter path
2026-05-12 13:02:17,135 - octoprint.server.preemptive_cache - INFO - Preemptively caching / (ui _default) for {'base_url': 'http://192.168.0.47:5000/', 'path': '/', 'query_string': 'l10n=en'}
2026-05-12 13:02:17,690 - octoprint.plugins.tracking - INFO - Sent tracking event ping, payload: {'octoprint_uptime': 7, 'printer_state': 'OFFLINE'}
2026-05-12 13:02:18,263 - octoprint.plugins.tracking - INFO - Sent tracking event pong, payload: {'version': '1.11.7', 'os': 'linux', 'platform': 'Linux-6.12.75+rpt-rpi-v8-aarch64-with-glibc2.41', 'bits': 64, 'python': '3.13.5', 'pip': '25.1.1', 'cores': 4, 'freq': 1500.0, 'ram': 1935220736, 'pi_model': 'Raspberry Pi Compute Module 4 Rev 1.1', 'plugins': 'controlcenter:1.0.0', 'achievements': 'the_wizard'}
2026-05-12 13:02:18,881 - octoprint.plugins.tracking - INFO - Sent tracking event startup, payload: {'version': '1.11.7', 'os': 'linux', 'platform': 'Linux-6.12.75+rpt-rpi-v8-aarch64-with-glibc2.41', 'bits': 64, 'python': '3.13.5', 'pip': '25.1.1', 'cores': 4, 'freq': 1500.0, 'ram': 1935220736, 'pi_model': 'Raspberry Pi Compute Module 4 Rev 1.1'}
2026-05-12 13:02:23,221 - octoprint.server.preemptive_cache - INFO - ... done in 6.09s
2026-05-12 13:02:46,450 - octoprint.server.util - WARNING - The global API key was just used. The global API key is deprecated and will cease to function with OctoPrint 1.13.0.
2026-05-12 13:02:46,621 - octoprint.server.util - WARNING - The global API key was just used. The global API key is deprecated and will cease to function with OctoPrint 1.13.0.
2026-05-12 13:02:46,645 - octoprint.server.util - WARNING - The global API key was just used. The global API key is deprecated and will cease to function with OctoPrint 1.13.0.
2026-05-12 13:02:46,654 - tornado.access - WARNING - 400 POST /api/connection (127.0.0.1) 12.23ms
2026-05-12 13:02:46,667 - octoprint.server.util - WARNING - The global API key was just used. The global API key is deprecated and will cease to function with OctoPrint 1.13.0.
2026-05-12 13:02:46,675 - tornado.access - WARNING - 400 POST /api/connection (127.0.0.1) 11.91ms
2026-05-12 13:02:48,398 - octoprint.server.util.sockjs - INFO - New connection from client: 127.0.0.1
2026-05-12 13:02:48,427 - octoprint.server.util - WARNING - The global API key was just used. The global API key is deprecated and will cease to function with OctoPrint 1.13.0.
2026-05-12 13:02:48,431 - octoprint.server.util.flask - INFO - Passively logging in user _api from 127.0.0.1
2026-05-12 13:02:48,431 - octoprint.access.users - INFO - Logged in user: _api
2026-05-12 13:02:48,445 - octoprint.server.util.sockjs - INFO - User _api logged in on the socket from client 127.0.0.1
2026-05-12 13:17:10,695 - octoprint.server.heartbeat - INFO - Server heartbeat <3
2026-05-12 13:17:17,713 - octoprint.plugins.tracking - INFO - Sent tracking event ping, payload: {'octoprint_uptime': 907, 'printer_state': 'OFFLINE'}
2026-05-12 13:19:17,850 - octoprint.startup - INFO - ******************************************************************************
2026-05-12 13:19:17,853 - octoprint.startup - INFO - Starting OctoPrint 1.11.7
2026-05-12 13:19:17,855 - octoprint.startup - INFO - ******************************************************************************
2026-05-12 13:19:18,008 - octoprint.util.connectivity.connectivity_checker - INFO - Connectivity changed from offline to online
2026-05-12 13:19:18,014 - octoprint.util.connectivity.connectivity_checker - INFO - Connectivity state is currently: online
2026-05-12 13:19:18,014 - octoprint.util.connectivity.connectivity_checker - INFO - Connecting to 1.1.1.1:53 is working
2026-05-12 13:19:18,014 - octoprint.util.connectivity.connectivity_checker - INFO - Resolving octoprint.org is working
2026-05-12 13:19:18,044 - octoprint.plugin.core - INFO - Loading plugins from /home/pi/oprint/lib/python3.13/site-packages/octoprint/plugins, /home/pi/.octoprint/plugins and installed plugin packages...
2026-05-12 13:19:21,899 - octoprint.plugin.core - INFO - Found 24 plugin(s) providing 24 mixin implementations, 49 hook handlers
2026-05-12 13:19:21,977 - octoprint.server.heartbeat - INFO - Starting server heartbeat, 900.0s interval
2026-05-12 13:19:22,203 - octoprint.server - INFO - Intermediary server started
2026-05-12 13:19:22,209 - octoprint.filemanager.storage - INFO - Initializing the file metadata for /home/pi/.octoprint/uploads...
2026-05-12 13:19:22,211 - octoprint.filemanager.storage - INFO - ... file metadata for /home/pi/.octoprint/uploads initialized successfully.
2026-05-12 13:19:22,214 - octoprint.server - INFO - Added new permission from plugin achievements: PLUGIN_ACHIEVEMENTS_VIEW (needs: "Need(method='role', value='plugin_achievements_view')")
2026-05-12 13:19:22,215 - octoprint.server - INFO - Added new permission from plugin achievements: PLUGIN_ACHIEVEMENTS_RESET (needs: "Need(method='role', value='plugin_achievements_reset')")
2026-05-12 13:19:22,216 - octoprint.server - INFO - Added new permission from plugin action_command_notification: PLUGIN_ACTION_COMMAND_NOTIFICATION_SHOW (needs: "Need(method='role', value='plugin_action_command_notification_show')")
2026-05-12 13:19:22,216 - octoprint.server - INFO - Added new permission from plugin action_command_notification: PLUGIN_ACTION_COMMAND_NOTIFICATION_CLEAR (needs: "Need(method='role', value='plugin_action_command_notification_clear')")
2026-05-12 13:19:22,216 - octoprint.server - INFO - Added new permission from plugin action_command_prompt: PLUGIN_ACTION_COMMAND_PROMPT_INTERACT (needs: "Need(method='role', value='plugin_action_command_prompt_interact')")
2026-05-12 13:19:22,216 - octoprint.server - INFO - Added new permission from plugin announcements: PLUGIN_ANNOUNCEMENTS_READ (needs: "Need(method='role', value='plugin_announcements_read')")
2026-05-12 13:19:22,216 - octoprint.server - INFO - Added new permission from plugin announcements: PLUGIN_ANNOUNCEMENTS_MANAGE (needs: "Need(method='role', value='plugin_announcements_read'), Need(method='role', value='plugin_announcements_manage')")
2026-05-12 13:19:22,217 - octoprint.server - INFO - Added new permission from plugin appkeys: PLUGIN_APPKEYS_ADMIN (needs: "Need(method='role', value='plugin_appkeys_admin')")
2026-05-12 13:19:22,217 - octoprint.server - INFO - Added new permission from plugin appkeys: PLUGIN_APPKEYS_GRANT (needs: "Need(method='role', value='plugin_appkeys_user')")
2026-05-12 13:19:22,217 - octoprint.server - INFO - Added new permission from plugin backup: PLUGIN_BACKUP_CREATE (needs: "Need(method='role', value='plugin_backup_create')")
2026-05-12 13:19:22,217 - octoprint.server - INFO - Added new permission from plugin file_check: PLUGIN_FILE_CHECK_RUN (needs: "Need(method='role', value='plugin_file_check_run')")
2026-05-12 13:19:22,218 - octoprint.server - INFO - Added new permission from plugin firmware_check: PLUGIN_FIRMWARE_CHECK_DISPLAY (needs: "Need(method='role', value='plugin_firmware_check_display')")
2026-05-12 13:19:22,218 - octoprint.server - INFO - Added new permission from plugin health_check: PLUGIN_HEALTH_CHECK_CHECK (needs: "Need(method='role', value='plugin_health_check_check')")
2026-05-12 13:19:22,218 - octoprint.server - INFO - Added new permission from plugin logging: PLUGIN_LOGGING_MANAGE (needs: "Need(method='role', value='plugin_logging_manage')")
2026-05-12 13:19:22,218 - octoprint.server - INFO - Added new permission from plugin pi_support: PLUGIN_PI_SUPPORT_STATUS (needs: "Need(method='role', value='plugin_pi_support_check')")
2026-05-12 13:19:22,219 - octoprint.server - INFO - Added new permission from plugin pluginmanager: PLUGIN_PLUGINMANAGER_LIST (needs: "Need(method='role', value='plugin_pluginmanager_list')")
2026-05-12 13:19:22,219 - octoprint.server - INFO - Added new permission from plugin pluginmanager: PLUGIN_PLUGINMANAGER_MANAGE (needs: "Need(method='role', value='plugin_pluginmanager_manage')")
2026-05-12 13:19:22,219 - octoprint.server - INFO - Added new permission from plugin pluginmanager: PLUGIN_PLUGINMANAGER_INSTALL (needs: "Need(method='role', value='plugin_pluginmanager_manage'), Need(method='role', value='plugin_pluginmanager_install')")
2026-05-12 13:19:22,219 - octoprint.server - INFO - Added new permission from plugin softwareupdate: PLUGIN_SOFTWAREUPDATE_CHECK (needs: "Need(method='role', value='plugin_softwareupdate_check')")
2026-05-12 13:19:22,220 - octoprint.server - INFO - Added new permission from plugin softwareupdate: PLUGIN_SOFTWAREUPDATE_UPDATE (needs: "Need(method='role', value='plugin_softwareupdate_update')")
2026-05-12 13:19:22,220 - octoprint.server - INFO - Added new permission from plugin softwareupdate: PLUGIN_SOFTWAREUPDATE_CONFIGURE (needs: "Need(method='role', value='plugin_softwareupdate_configure')")
2026-05-12 13:19:22,257 - octoprint.plugins.achievements - INFO - Loading data from /home/pi/.octoprint/data/achievements/data.json
2026-05-12 13:19:22,260 - octoprint.plugins.achievements - INFO - Loading data for 2026 from /home/pi/.octoprint/data/achievements/2026.json
2026-05-12 13:19:22,307 - octoprint.plugins.softwareupdate - INFO - Loaded version cache from disk
2026-05-13 11:11:43,767 - octoprint.util.pip - INFO - Using "/home/pi/oprint/bin/python3 -m pip" as command to invoke pip
2026-05-13 11:11:44,534 - octoprint.util.pip - INFO - Version of pip is 25.1.1
2026-05-13 11:11:44,715 - octoprint.util.pip - INFO - pip installs to /home/pi/oprint/lib/python3.13/site-packages (writable -> yes), --user flag needed -> no, virtual env -> yes
2026-05-13 11:11:44,715 - octoprint.util.pip - INFO - ==> pip ok -> yes
2026-05-13 11:11:44,728 - octoprint.plugins.healthcheck.python_eol - INFO - Fetched Python EOL data from https://get.octoprint.org/python-eol
2026-05-13 11:11:44,752 - octoprint.plugins.file_check - INFO - Native grep available: True
2026-05-13 11:11:44,755 - octoprint.plugin.core - INFO - Initialized 24 plugin implementation(s)
2026-05-13 11:11:44,772 - octoprint - INFO - Installing webcam compat overlay for configured default webcam <octoprint.webcams.ProvidedWebcam object at 0x7f7c56cc20>
2026-05-13 11:11:44,773 - octoprint.plugin.core - INFO - 24 plugin(s) registered with the system (23 bundled & 1 third party):
| Bundled Plugins (23)
|   Achievements Plugin (bundled) = /home/pi/oprint/lib/python3.13/site-packages/octoprint/plugins/achievements
|   Action Command Notification Support (bundled) = /home/pi/oprint/lib/python3.13/site-packages/octoprint/plugins/action_command_notification
|   Action Command Prompt Support (bundled) = /home/pi/oprint/lib/python3.13/site-packages/octoprint/plugins/action_command_prompt
|   Announcement Plugin (bundled) = /home/pi/oprint/lib/python3.13/site-packages/octoprint/plugins/announcements
|   Anonymous Usage Tracking (bundled) = /home/pi/oprint/lib/python3.13/site-packages/octoprint/plugins/tracking
|   Application Keys Plugin (bundled) = /home/pi/oprint/lib/python3.13/site-packages/octoprint/plugins/appkeys
|   Backup & Restore (bundled) = /home/pi/oprint/lib/python3.13/site-packages/octoprint/plugins/backup
|   Classic Webcam (bundled) = /home/pi/oprint/lib/python3.13/site-packages/octoprint/plugins/classicwebcam
|   Core Wizard (bundled) = /home/pi/oprint/lib/python3.13/site-packages/octoprint/plugins/corewizard
|   Custom Control Manager (bundled) = /home/pi/oprint/lib/python3.13/site-packages/octoprint/plugins/customcontrolmanager
|   Discovery (bundled) = /home/pi/oprint/lib/python3.13/site-packages/octoprint/plugins/discovery
|   Error Tracking (bundled) = /home/pi/oprint/lib/python3.13/site-packages/octoprint/plugins/errortracking
|   Event Manager (bundled) = /home/pi/oprint/lib/python3.13/site-packages/octoprint/plugins/eventmanager
|   File Check (2025.7.23) (bundled) = /home/pi/oprint/lib/python3.13/site-packages/octoprint_file_check
|   Firmware Check (2025.7.23) (bundled) = /home/pi/oprint/lib/python3.13/site-packages/octoprint_firmware_check
|   GCode Viewer (bundled) = /home/pi/oprint/lib/python3.13/site-packages/octoprint/plugins/gcodeviewer
|   Healthcheck Plugin (bundled) = /home/pi/oprint/lib/python3.13/site-packages/octoprint/plugins/health_check
|   Logging (bundled) = /home/pi/oprint/lib/python3.13/site-packages/octoprint/plugins/logging
|   Pi Support Plugin (2025.7.23) (bundled) = /home/pi/oprint/lib/python3.13/site-packages/octoprint_pi_support
|   Plugin Manager (bundled) = /home/pi/oprint/lib/python3.13/site-packages/octoprint/plugins/pluginmanager
|   Software Update (bundled) = /home/pi/oprint/lib/python3.13/site-packages/octoprint/plugins/softwareupdate
|   Upload Manager (bundled) = /home/pi/oprint/lib/python3.13/site-packages/octoprint/plugins/uploadmanager
|   Virtual Printer (bundled) = /home/pi/oprint/lib/python3.13/site-packages/octoprint/plugins/virtual_printer
| Third Party Plugins (1)
|   ControlCenter (1.0.0) = /home/pi/oprint/lib/python3.13/site-packages/octoprint_ControlCenter
Prefix legend: ! = disabled, # = blacklisted, * = incompatible
2026-05-13 11:11:44,788 - octoprint.environment - INFO - Detected environment is Python 3.13.5 under Linux (Linux-6.12.75+rpt-rpi-v8-aarch64-with-glibc2.41). Details:
|  hardware:
|    cores: 4
|    freq: 1500.0
|    ram: 1935220736
|  os:
|    bits: 64
|    id: linux
|    platform: Linux-6.12.75+rpt-rpi-v8-aarch64-with-glibc2.41
|  plugins:
|    pi_support:
|      model: Raspberry Pi Compute Module 4 Rev 1.1
|      throttle_check_enabled: true
|      throttle_check_functional: true
|      throttle_state: '0x0'
|  python:
|    pip: 25.1.1
|    version: 3.13.5
|    virtualenv: /home/pi/oprint
2026-05-13 11:11:44,797 - octoprint.server - INFO - Reset webasset folder /home/pi/.octoprint/generated/webassets...
2026-05-13 11:11:44,798 - octoprint.server - INFO - Reset webasset folder /home/pi/.octoprint/generated/.webassets-cache...
2026-05-13 11:11:44,798 - octoprint.server - INFO - Reset webasset folder /home/pi/.octoprint/generated/.webassets-manifest.json...
2026-05-13 11:11:44,862 - octoprint.timelapse - INFO - Enabled rendering queue processing
2026-05-13 11:11:45,183 - octoprint.server - INFO - Shutting down intermediary server...
2026-05-13 11:11:45,564 - octoprint.server - INFO - Intermediary server shut down
2026-05-13 11:11:45,567 - octoprint.events - INFO - Processing startup event, this is our first event
2026-05-13 11:11:45,567 - octoprint.events - INFO - Adding 3 events to queue that were held back before startup event
2026-05-13 11:11:45,576 - octoprint.filemanager - INFO - Adding backlog items from all storage types to analysis queue...
2026-05-13 11:11:45,590 - octoprint.plugins.softwareupdate - INFO - Fetching check overlays from https://plugins.octoprint.org/update_check_overlay.json
2026-05-13 11:11:45,590 - octoprint.server - INFO - Autoconnect on startup is configured, trying to connect to the printer...
2026-05-13 11:11:45,614 - octoprint.filemanager - INFO - Added 0 items from storage type "local" to analysis queue
2026-05-13 11:11:45,630 - octoprint.server - INFO - Could not find configured serial port {} in the system, cannot automatically connect to a non existing printer. Is it plugged in and booted up yet?
2026-05-13 11:11:45,631 - octoprint.server - INFO - Starting autorefresh of serial port list
2026-05-13 11:11:45,647 - octoprint.plugins.pluginmanager - INFO - Loaded plugin repository data from disk, was still valid
2026-05-13 11:11:45,647 - octoprint.server.util.watchdog - INFO - Running initial scan on watched folder...
2026-05-13 11:11:45,665 - octoprint.server.util.watchdog - INFO - ... initial scan done.
2026-05-13 11:11:45,889 - octoprint.server - INFO - Serial port list was updated, refreshing the port list in the frontend
2026-05-13 11:11:46,409 - octoprint.plugins.tracking - INFO - Sent tracking event system_unthrottled, payload: {'throttled_now': False, 'throttled_past': False, 'throttled_mask': 0, 'throttled_voltage_now': False, 'throttled_voltage_past': False, 'throttled_overheat_now': False, 'throttled_overheat_past': False}
2026-05-13 11:11:46,486 - octoprint.plugins.announcements - INFO - Loaded channel _important from https://octoprint.org/feeds/important.xml in 0.79s
2026-05-13 11:11:46,676 - octoprint.plugins.pluginmanager - INFO - Loaded plugin notices data from https://plugins.octoprint.org/notices.json
2026-05-13 11:11:46,748 - octoprint.plugins.discovery - INFO - Registered 'OctoPrint instance on pi._http._tcp.local.' for _http._tcp.local.
2026-05-13 11:11:47,337 - octoprint.plugins.announcements - INFO - Loaded channel _releases from https://octoprint.org/feeds/releases.xml in 0.8s
2026-05-13 11:11:47,557 - octoprint.plugins.discovery - INFO - Registered 'OctoPrint instance on pi._octoprint._tcp.local.' for _octoprint._tcp.local.
2026-05-13 11:11:47,563 - octoprint.plugins.discovery - INFO - Registered OctoPrint instance on pi for SSDP
2026-05-13 11:11:47,572 - octoprint.server - INFO - Listening on http://0.0.0.0:5000 and http://[::]:5000
2026-05-13 11:11:47,590 - octoprint.server.util - WARNING - The global API key was just used. The global API key is deprecated and will cease to function with OctoPrint 1.13.0.
2026-05-13 11:11:47,617 - octoprint.plugins.pluginmanager - INFO - Loaded plugin repository data from disk, was still valid
2026-05-13 11:11:47,964 - octoprint.plugins.pluginmanager - INFO - Loaded notice data from disk, was still valid
2026-05-13 11:11:47,972 - octoprint.plugins.pluginmanager - INFO - Saved a current plugin export to /home/pi/.octoprint/backup_plugin_export.json
2026-05-13 11:11:48,070 - octoprint.plugins.announcements - INFO - Loaded channel _blog from https://octoprint.org/feeds/octoblog.xml in 0.69s
2026-05-13 11:11:48,375 - octoprint.util.pip - INFO - Using "/home/pi/oprint/bin/python3 -m pip" as command to invoke pip
2026-05-13 11:11:48,375 - octoprint.util.pip - INFO - pip installs to /home/pi/oprint/lib/python3.13/site-packages (writable -> yes), --user flag needed -> no, virtual env -> yes
2026-05-13 11:11:48,375 - octoprint.util.pip - INFO - ==> pip ok -> yes
2026-05-13 11:11:48,381 - octoprint.plugins.softwareupdate - INFO - Minimum free storage across all update relevant locations is 922.8MB. That is considered sufficient for updating.
2026-05-13 11:11:48,405 - octoprint.plugins.ControlCenter - INFO - TouchUI Plugin Started
2026-05-13 11:11:48,406 - octoprint.plugins.ControlCenter - INFO - xinit file already contains correct ControlCenter path
2026-05-13 11:11:48,412 - octoprint.server.preemptive_cache - INFO - Preemptively caching / (ui _default) for {'base_url': 'http://192.168.0.47:5000/', 'path': '/', 'query_string': 'l10n=en'}
2026-05-13 11:11:48,946 - octoprint.plugins.announcements - INFO - Loaded channel _plugins from https://plugins.octoprint.org/feed.xml in 0.82s
2026-05-13 11:11:49,132 - octoprint.plugins.tracking - INFO - Sent tracking event ping, payload: {'octoprint_uptime': 7, 'printer_state': 'OFFLINE'}
2026-05-13 11:11:49,786 - octoprint.plugins.announcements - INFO - Loaded channel _octopi from https://octoprint.org/feeds/octopi.xml in 0.78s
2026-05-13 11:11:49,863 - octoprint.plugins.tracking - INFO - Sent tracking event pong, payload: {'version': '1.11.7', 'os': 'linux', 'platform': 'Linux-6.12.75+rpt-rpi-v8-aarch64-with-glibc2.41', 'bits': 64, 'python': '3.13.5', 'pip': '25.1.1', 'cores': 4, 'freq': 1500.0, 'ram': 1935220736, 'pi_model': 'Raspberry Pi Compute Module 4 Rev 1.1', 'plugins': 'controlcenter:1.0.0', 'achievements': 'the_wizard'}
2026-05-13 11:11:50,627 - octoprint.plugins.tracking - INFO - Sent tracking event startup, payload: {'version': '1.11.7', 'os': 'linux', 'platform': 'Linux-6.12.75+rpt-rpi-v8-aarch64-with-glibc2.41', 'bits': 64, 'python': '3.13.5', 'pip': '25.1.1', 'cores': 4, 'freq': 1500.0, 'ram': 1935220736, 'pi_model': 'Raspberry Pi Compute Module 4 Rev 1.1'}
2026-05-13 11:11:53,601 - octoprint.plugins.announcements - INFO - Loaded channel _blog from https://octoprint.org/feeds/octoblog.xml in 5.8s
2026-05-13 11:11:54,533 - octoprint.server.preemptive_cache - INFO - ... done in 6.12s
2026-05-13 11:12:17,695 - octoprint.server.util - WARNING - The global API key was just used. The global API key is deprecated and will cease to function with OctoPrint 1.13.0.
2026-05-13 11:12:17,873 - octoprint.server.util - WARNING - The global API key was just used. The global API key is deprecated and will cease to function with OctoPrint 1.13.0.
2026-05-13 11:12:17,900 - octoprint.server.util - WARNING - The global API key was just used. The global API key is deprecated and will cease to function with OctoPrint 1.13.0.
2026-05-13 11:12:17,908 - tornado.access - WARNING - 400 POST /api/connection (127.0.0.1) 12.34ms
2026-05-13 11:12:17,922 - octoprint.server.util - WARNING - The global API key was just used. The global API key is deprecated and will cease to function with OctoPrint 1.13.0.
2026-05-13 11:12:17,931 - tornado.access - WARNING - 400 POST /api/connection (127.0.0.1) 12.33ms
2026-05-13 11:12:19,744 - octoprint.server.util.sockjs - INFO - New connection from client: 127.0.0.1
2026-05-13 11:12:19,758 - octoprint.server.util - WARNING - The global API key was just used. The global API key is deprecated and will cease to function with OctoPrint 1.13.0.
2026-05-13 11:12:19,762 - octoprint.server.util.flask - INFO - Passively logging in user _api from 127.0.0.1
2026-05-13 11:12:19,763 - octoprint.access.users - INFO - Logged in user: _api
2026-05-13 11:12:19,777 - octoprint.server.util.sockjs - INFO - User _api logged in on the socket from client 127.0.0.1
2026-05-13 11:26:42,419 - octoprint.server.heartbeat - INFO - Server heartbeat <3
2026-05-13 11:26:49,155 - octoprint.plugins.tracking - INFO - Sent tracking event ping, payload: {'octoprint_uptime': 907, 'printer_state': 'OFFLINE'}
2026-05-13 11:28:41,538 - octoprint.startup - INFO - ******************************************************************************
2026-05-13 11:28:41,540 - octoprint.startup - INFO - Starting OctoPrint 1.11.7
2026-05-13 11:28:41,540 - octoprint.startup - INFO - ******************************************************************************
2026-05-13 11:28:41,758 - octoprint.util.connectivity.connectivity_checker - INFO - Connectivity changed from offline to online
2026-05-13 11:28:41,772 - octoprint.util.connectivity.connectivity_checker - INFO - Connectivity state is currently: online
2026-05-13 11:28:41,772 - octoprint.util.connectivity.connectivity_checker - INFO - Connecting to 1.1.1.1:53 is working
2026-05-13 11:28:41,773 - octoprint.util.connectivity.connectivity_checker - INFO - Resolving octoprint.org is working
2026-05-13 11:28:41,789 - octoprint.plugin.core - INFO - Loading plugins from /home/pi/oprint/lib/python3.13/site-packages/octoprint/plugins, /home/pi/.octoprint/plugins and installed plugin packages...
2026-05-13 11:28:45,480 - octoprint.plugin.core - INFO - Found 24 plugin(s) providing 24 mixin implementations, 49 hook handlers
2026-05-13 11:28:45,545 - octoprint.server.heartbeat - INFO - Starting server heartbeat, 900.0s interval
2026-05-13 11:28:45,816 - octoprint.server - INFO - Intermediary server started
2026-05-13 11:28:45,830 - octoprint.filemanager.storage - INFO - Initializing the file metadata for /home/pi/.octoprint/uploads...
2026-05-13 11:28:45,832 - octoprint.filemanager.storage - INFO - ... file metadata for /home/pi/.octoprint/uploads initialized successfully.
2026-05-13 11:28:45,835 - octoprint.server - INFO - Added new permission from plugin achievements: PLUGIN_ACHIEVEMENTS_VIEW (needs: "Need(method='role', value='plugin_achievements_view')")
2026-05-13 11:28:45,835 - octoprint.server - INFO - Added new permission from plugin achievements: PLUGIN_ACHIEVEMENTS_RESET (needs: "Need(method='role', value='plugin_achievements_reset')")
2026-05-13 11:28:45,836 - octoprint.server - INFO - Added new permission from plugin action_command_notification: PLUGIN_ACTION_COMMAND_NOTIFICATION_SHOW (needs: "Need(method='role', value='plugin_action_command_notification_show')")
2026-05-13 11:28:45,836 - octoprint.server - INFO - Added new permission from plugin action_command_notification: PLUGIN_ACTION_COMMAND_NOTIFICATION_CLEAR (needs: "Need(method='role', value='plugin_action_command_notification_clear')")
2026-05-13 11:28:45,836 - octoprint.server - INFO - Added new permission from plugin action_command_prompt: PLUGIN_ACTION_COMMAND_PROMPT_INTERACT (needs: "Need(method='role', value='plugin_action_command_prompt_interact')")
2026-05-13 11:28:45,836 - octoprint.server - INFO - Added new permission from plugin announcements: PLUGIN_ANNOUNCEMENTS_READ (needs: "Need(method='role', value='plugin_announcements_read')")
2026-05-13 11:28:45,836 - octoprint.server - INFO - Added new permission from plugin announcements: PLUGIN_ANNOUNCEMENTS_MANAGE (needs: "Need(method='role', value='plugin_announcements_read'), Need(method='role', value='plugin_announcements_manage')")
2026-05-13 11:28:45,837 - octoprint.server - INFO - Added new permission from plugin appkeys: PLUGIN_APPKEYS_ADMIN (needs: "Need(method='role', value='plugin_appkeys_admin')")
2026-05-13 11:28:45,837 - octoprint.server - INFO - Added new permission from plugin appkeys: PLUGIN_APPKEYS_GRANT (needs: "Need(method='role', value='plugin_appkeys_user')")
2026-05-13 11:28:45,837 - octoprint.server - INFO - Added new permission from plugin backup: PLUGIN_BACKUP_CREATE (needs: "Need(method='role', value='plugin_backup_create')")
2026-05-13 11:28:45,837 - octoprint.server - INFO - Added new permission from plugin file_check: PLUGIN_FILE_CHECK_RUN (needs: "Need(method='role', value='plugin_file_check_run')")
2026-05-13 11:28:45,838 - octoprint.server - INFO - Added new permission from plugin firmware_check: PLUGIN_FIRMWARE_CHECK_DISPLAY (needs: "Need(method='role', value='plugin_firmware_check_display')")
2026-05-13 11:28:45,838 - octoprint.server - INFO - Added new permission from plugin health_check: PLUGIN_HEALTH_CHECK_CHECK (needs: "Need(method='role', value='plugin_health_check_check')")
2026-05-13 11:28:45,838 - octoprint.server - INFO - Added new permission from plugin logging: PLUGIN_LOGGING_MANAGE (needs: "Need(method='role', value='plugin_logging_manage')")
2026-05-13 11:28:45,838 - octoprint.server - INFO - Added new permission from plugin pi_support: PLUGIN_PI_SUPPORT_STATUS (needs: "Need(method='role', value='plugin_pi_support_check')")
2026-05-13 11:28:45,838 - octoprint.server - INFO - Added new permission from plugin pluginmanager: PLUGIN_PLUGINMANAGER_LIST (needs: "Need(method='role', value='plugin_pluginmanager_list')")
2026-05-13 11:28:45,839 - octoprint.server - INFO - Added new permission from plugin pluginmanager: PLUGIN_PLUGINMANAGER_MANAGE (needs: "Need(method='role', value='plugin_pluginmanager_manage')")
2026-05-13 11:28:45,839 - octoprint.server - INFO - Added new permission from plugin pluginmanager: PLUGIN_PLUGINMANAGER_INSTALL (needs: "Need(method='role', value='plugin_pluginmanager_install'), Need(method='role', value='plugin_pluginmanager_manage')")
2026-05-13 11:28:45,839 - octoprint.server - INFO - Added new permission from plugin softwareupdate: PLUGIN_SOFTWAREUPDATE_CHECK (needs: "Need(method='role', value='plugin_softwareupdate_check')")
2026-05-13 11:28:45,839 - octoprint.server - INFO - Added new permission from plugin softwareupdate: PLUGIN_SOFTWAREUPDATE_UPDATE (needs: "Need(method='role', value='plugin_softwareupdate_update')")
2026-05-13 11:28:45,839 - octoprint.server - INFO - Added new permission from plugin softwareupdate: PLUGIN_SOFTWAREUPDATE_CONFIGURE (needs: "Need(method='role', value='plugin_softwareupdate_configure')")
2026-05-13 11:28:45,876 - octoprint.plugins.achievements - INFO - Loading data from /home/pi/.octoprint/data/achievements/data.json
2026-05-13 11:28:45,883 - octoprint.plugins.achievements - INFO - Loading data for 2026 from /home/pi/.octoprint/data/achievements/2026.json
2026-05-13 11:28:45,958 - octoprint.plugins.softwareupdate - INFO - Loaded version cache from disk
2026-05-13 11:28:47,275 - octoprint.util.pip - INFO - Using "/home/pi/oprint/bin/python3 -m pip" as command to invoke pip
2026-05-13 11:28:48,197 - octoprint.util.pip - INFO - Version of pip is 25.1.1
2026-05-13 11:28:48,496 - octoprint.util.pip - INFO - pip installs to /home/pi/oprint/lib/python3.13/site-packages (writable -> yes), --user flag needed -> no, virtual env -> yes
2026-05-13 11:28:48,496 - octoprint.util.pip - INFO - ==> pip ok -> yes
2026-05-13 11:28:48,520 - octoprint.plugins.file_check - INFO - Native grep available: True
2026-05-13 11:28:48,523 - octoprint.plugin.core - INFO - Initialized 24 plugin implementation(s)
2026-05-13 11:28:48,545 - octoprint - INFO - Installing webcam compat overlay for configured default webcam <octoprint.webcams.ProvidedWebcam object at 0x7f69c2cc20>
2026-05-13 11:28:48,546 - octoprint.plugin.core - INFO - 24 plugin(s) registered with the system (23 bundled & 1 third party):
| Bundled Plugins (23)
|   Achievements Plugin (bundled) = /home/pi/oprint/lib/python3.13/site-packages/octoprint/plugins/achievements
|   Action Command Notification Support (bundled) = /home/pi/oprint/lib/python3.13/site-packages/octoprint/plugins/action_command_notification
|   Action Command Prompt Support (bundled) = /home/pi/oprint/lib/python3.13/site-packages/octoprint/plugins/action_command_prompt
|   Announcement Plugin (bundled) = /home/pi/oprint/lib/python3.13/site-packages/octoprint/plugins/announcements
|   Anonymous Usage Tracking (bundled) = /home/pi/oprint/lib/python3.13/site-packages/octoprint/plugins/tracking
|   Application Keys Plugin (bundled) = /home/pi/oprint/lib/python3.13/site-packages/octoprint/plugins/appkeys
|   Backup & Restore (bundled) = /home/pi/oprint/lib/python3.13/site-packages/octoprint/plugins/backup
|   Classic Webcam (bundled) = /home/pi/oprint/lib/python3.13/site-packages/octoprint/plugins/classicwebcam
|   Core Wizard (bundled) = /home/pi/oprint/lib/python3.13/site-packages/octoprint/plugins/corewizard
|   Custom Control Manager (bundled) = /home/pi/oprint/lib/python3.13/site-packages/octoprint/plugins/customcontrolmanager
|   Discovery (bundled) = /home/pi/oprint/lib/python3.13/site-packages/octoprint/plugins/discovery
|   Error Tracking (bundled) = /home/pi/oprint/lib/python3.13/site-packages/octoprint/plugins/errortracking
|   Event Manager (bundled) = /home/pi/oprint/lib/python3.13/site-packages/octoprint/plugins/eventmanager
|   File Check (2025.7.23) (bundled) = /home/pi/oprint/lib/python3.13/site-packages/octoprint_file_check
|   Firmware Check (2025.7.23) (bundled) = /home/pi/oprint/lib/python3.13/site-packages/octoprint_firmware_check
|   GCode Viewer (bundled) = /home/pi/oprint/lib/python3.13/site-packages/octoprint/plugins/gcodeviewer
|   Healthcheck Plugin (bundled) = /home/pi/oprint/lib/python3.13/site-packages/octoprint/plugins/health_check
|   Logging (bundled) = /home/pi/oprint/lib/python3.13/site-packages/octoprint/plugins/logging
|   Pi Support Plugin (2025.7.23) (bundled) = /home/pi/oprint/lib/python3.13/site-packages/octoprint_pi_support
|   Plugin Manager (bundled) = /home/pi/oprint/lib/python3.13/site-packages/octoprint/plugins/pluginmanager
|   Software Update (bundled) = /home/pi/oprint/lib/python3.13/site-packages/octoprint/plugins/softwareupdate
|   Upload Manager (bundled) = /home/pi/oprint/lib/python3.13/site-packages/octoprint/plugins/uploadmanager
|   Virtual Printer (bundled) = /home/pi/oprint/lib/python3.13/site-packages/octoprint/plugins/virtual_printer
| Third Party Plugins (1)
|   ControlCenter (1.0.0) = /home/pi/oprint/lib/python3.13/site-packages/octoprint_ControlCenter
Prefix legend: ! = disabled, # = blacklisted, * = incompatible
2026-05-13 11:28:48,570 - octoprint.environment - INFO - Detected environment is Python 3.13.5 under Linux (Linux-6.12.75+rpt-rpi-v8-aarch64-with-glibc2.41). Details:
|  hardware:
|    cores: 4
|    freq: 1500.0
|    ram: 1935220736
|  os:
|    bits: 64
|    id: linux
|    platform: Linux-6.12.75+rpt-rpi-v8-aarch64-with-glibc2.41
|  plugins:
|    pi_support:
|      model: Raspberry Pi Compute Module 4 Rev 1.1
|      throttle_check_enabled: true
|      throttle_check_functional: true
|      throttle_state: '0x0'
|  python:
|    pip: 25.1.1
|    version: 3.13.5
|    virtualenv: /home/pi/oprint
2026-05-13 11:28:48,592 - octoprint.server - INFO - Reset webasset folder /home/pi/.octoprint/generated/webassets...
2026-05-13 11:28:48,593 - octoprint.server - INFO - Reset webasset folder /home/pi/.octoprint/generated/.webassets-cache...
2026-05-13 11:28:48,594 - octoprint.server - INFO - Reset webasset folder /home/pi/.octoprint/generated/.webassets-manifest.json...
2026-05-13 11:28:48,716 - octoprint.timelapse - INFO - Enabled rendering queue processing
2026-05-13 11:28:49,169 - octoprint.server - INFO - Shutting down intermediary server...
2026-05-13 11:28:49,324 - octoprint.server - INFO - Intermediary server shut down
2026-05-13 11:28:49,326 - octoprint.events - INFO - Processing startup event, this is our first event
2026-05-13 11:28:49,327 - octoprint.events - INFO - Adding 3 events to queue that were held back before startup event
2026-05-13 11:28:49,335 - octoprint.filemanager - INFO - Adding backlog items from all storage types to analysis queue...
2026-05-13 11:28:49,337 - octoprint.server - INFO - Autoconnect on startup is configured, trying to connect to the printer...
2026-05-13 11:28:49,356 - octoprint.plugins.softwareupdate - INFO - Fetching check overlays from https://plugins.octoprint.org/update_check_overlay.json
2026-05-13 11:28:49,375 - octoprint.filemanager - INFO - Added 0 items from storage type "local" to analysis queue
2026-05-13 11:28:49,394 - octoprint.server - INFO - Could not find configured serial port {} in the system, cannot automatically connect to a non existing printer. Is it plugged in and booted up yet?
2026-05-13 11:28:49,395 - octoprint.server - INFO - Starting autorefresh of serial port list
2026-05-13 11:28:49,412 - octoprint.server.util.watchdog - INFO - Running initial scan on watched folder...
2026-05-13 11:28:49,413 - octoprint.plugins.pluginmanager - INFO - Loaded plugin repository data from disk, was still valid
2026-05-13 11:28:49,438 - octoprint.server.util.watchdog - INFO - ... initial scan done.
2026-05-13 11:28:49,582 - octoprint.server - INFO - Serial port list was updated, refreshing the port list in the frontend
2026-05-13 11:28:49,749 - octoprint.plugins.pluginmanager - INFO - Loaded notice data from disk, was still valid
2026-05-13 11:28:49,980 - octoprint.plugins.healthcheck.python_eol - INFO - Fetched Python EOL data from https://get.octoprint.org/python-eol
2026-05-13 11:28:50,495 - octoprint.plugins.discovery - INFO - Registered 'OctoPrint instance on pi._http._tcp.local.' for _http._tcp.local.
2026-05-13 11:28:50,719 - octoprint.plugins.tracking - INFO - Sent tracking event system_unthrottled, payload: {'throttled_now': False, 'throttled_past': False, 'throttled_mask': 0, 'throttled_voltage_now': False, 'throttled_voltage_past': False, 'throttled_overheat_now': False, 'throttled_overheat_past': False}
2026-05-13 11:28:51,314 - octoprint.plugins.discovery - INFO - Registered 'OctoPrint instance on pi._octoprint._tcp.local.' for _octoprint._tcp.local.
2026-05-13 11:28:51,322 - octoprint.plugins.discovery - INFO - Registered OctoPrint instance on pi for SSDP
2026-05-13 11:28:51,332 - octoprint.server - INFO - Listening on http://0.0.0.0:5000 and http://[::]:5000
2026-05-13 11:28:51,362 - octoprint.plugins.pluginmanager - INFO - Loaded plugin repository data from disk, was still valid
2026-05-13 11:37:34,485 - octoprint.plugins.pluginmanager - INFO - Loaded notice data from disk, was still valid
2026-05-13 11:37:34,490 - octoprint.plugins.pluginmanager - INFO - Saved a current plugin export to /home/pi/.octoprint/backup_plugin_export.json
2026-05-13 11:37:34,606 - octoprint.server.util - WARNING - The global API key was just used. The global API key is deprecated and will cease to function with OctoPrint 1.13.0.
2026-05-13 11:37:34,874 - octoprint.util.pip - INFO - Using "/home/pi/oprint/bin/python3 -m pip" as command to invoke pip
2026-05-13 11:37:34,875 - octoprint.util.pip - INFO - pip installs to /home/pi/oprint/lib/python3.13/site-packages (writable -> yes), --user flag needed -> no, virtual env -> yes
2026-05-13 11:37:34,876 - octoprint.util.pip - INFO - ==> pip ok -> yes
2026-05-13 11:37:34,881 - octoprint.plugins.softwareupdate - INFO - Minimum free storage across all update relevant locations is 922.8MB. That is considered sufficient for updating.
2026-05-13 11:37:34,934 - octoprint.plugins.ControlCenter - INFO - TouchUI Plugin Started
2026-05-13 11:37:34,937 - octoprint.plugins.ControlCenter - INFO - xinit file already contains correct ControlCenter path
2026-05-13 11:37:34,943 - octoprint.server.preemptive_cache - INFO - Preemptively caching / (ui _default) for {'base_url': 'http://192.168.0.47:5000/', 'path': '/', 'query_string': 'l10n=en'}
2026-05-13 11:37:35,563 - octoprint.plugins.tracking - INFO - Sent tracking event ping, payload: {'octoprint_uptime': 7, 'printer_state': 'OFFLINE'}
2026-05-13 11:37:36,454 - octoprint.plugins.tracking - INFO - Sent tracking event pong, payload: {'version': '1.11.7', 'os': 'linux', 'platform': 'Linux-6.12.75+rpt-rpi-v8-aarch64-with-glibc2.41', 'bits': 64, 'python': '3.13.5', 'pip': '25.1.1', 'cores': 4, 'freq': 1500.0, 'ram': 1935220736, 'pi_model': 'Raspberry Pi Compute Module 4 Rev 1.1', 'plugins': 'controlcenter:1.0.0', 'achievements': 'the_wizard'}
2026-05-13 11:37:37,353 - octoprint.plugins.tracking - INFO - Sent tracking event startup, payload: {'version': '1.11.7', 'os': 'linux', 'platform': 'Linux-6.12.75+rpt-rpi-v8-aarch64-with-glibc2.41', 'bits': 64, 'python': '3.13.5', 'pip': '25.1.1', 'cores': 4, 'freq': 1500.0, 'ram': 1935220736, 'pi_model': 'Raspberry Pi Compute Module 4 Rev 1.1'}
2026-05-13 11:37:40,953 - octoprint.server.preemptive_cache - INFO - ... done in 6.01s
2026-05-13 11:38:04,657 - octoprint.server.util - WARNING - The global API key was just used. The global API key is deprecated and will cease to function with OctoPrint 1.13.0.
2026-05-13 11:38:04,855 - octoprint.server.util - WARNING - The global API key was just used. The global API key is deprecated and will cease to function with OctoPrint 1.13.0.
2026-05-13 11:38:04,880 - octoprint.server.util - WARNING - The global API key was just used. The global API key is deprecated and will cease to function with OctoPrint 1.13.0.
2026-05-13 11:38:04,889 - tornado.access - WARNING - 400 POST /api/connection (127.0.0.1) 12.53ms
2026-05-13 11:38:04,898 - octoprint.server.util - WARNING - The global API key was just used. The global API key is deprecated and will cease to function with OctoPrint 1.13.0.
2026-05-13 11:38:04,908 - tornado.access - WARNING - 400 POST /api/connection (127.0.0.1) 13.65ms
2026-05-13 11:38:06,669 - octoprint.server.util.sockjs - INFO - New connection from client: 127.0.0.1
2026-05-13 11:38:06,683 - octoprint.server.util - WARNING - The global API key was just used. The global API key is deprecated and will cease to function with OctoPrint 1.13.0.
2026-05-13 11:38:06,687 - octoprint.server.util.flask - INFO - Passively logging in user _api from 127.0.0.1
2026-05-13 11:38:06,688 - octoprint.access.users - INFO - Logged in user: _api
2026-05-13 11:38:06,702 - octoprint.server.util.sockjs - INFO - User _api logged in on the socket from client 127.0.0.1
2026-05-13 11:52:28,264 - octoprint.server.heartbeat - INFO - Server heartbeat <3
2026-05-13 11:52:35,968 - octoprint.plugins.tracking - INFO - Sent tracking event ping, payload: {'octoprint_uptime': 907, 'printer_state': 'OFFLINE'}
2026-05-13 11:51:01,071 - octoprint.startup - INFO - ******************************************************************************
2026-05-13 11:51:01,074 - octoprint.startup - INFO - Starting OctoPrint 1.11.7
2026-05-13 11:51:01,075 - octoprint.startup - INFO - ******************************************************************************
2026-05-13 11:51:01,269 - octoprint.util.connectivity.connectivity_checker - INFO - Connectivity changed from offline to online
2026-05-13 11:51:01,292 - octoprint.util.connectivity.connectivity_checker - INFO - Connectivity state is currently: online
2026-05-13 11:51:01,292 - octoprint.util.connectivity.connectivity_checker - INFO - Connecting to 1.1.1.1:53 is working
2026-05-13 11:51:01,293 - octoprint.util.connectivity.connectivity_checker - INFO - Resolving octoprint.org is working
2026-05-13 11:51:01,301 - octoprint.plugin.core - INFO - Loading plugins from /home/pi/oprint/lib/python3.13/site-packages/octoprint/plugins, /home/pi/.octoprint/plugins and installed plugin packages...
2026-05-13 11:51:05,386 - octoprint.plugin.core - INFO - Found 24 plugin(s) providing 24 mixin implementations, 49 hook handlers
2026-05-13 11:51:05,454 - octoprint.server.heartbeat - INFO - Starting server heartbeat, 900.0s interval
2026-05-13 11:51:05,660 - octoprint.server - INFO - Intermediary server started
2026-05-13 11:51:05,669 - octoprint.filemanager.storage - INFO - Initializing the file metadata for /home/pi/.octoprint/uploads...
2026-05-13 11:51:05,670 - octoprint.filemanager.storage - INFO - ... file metadata for /home/pi/.octoprint/uploads initialized successfully.
2026-05-13 11:51:05,675 - octoprint.server - INFO - Added new permission from plugin achievements: PLUGIN_ACHIEVEMENTS_VIEW (needs: "Need(method='role', value='plugin_achievements_view')")
2026-05-13 11:51:05,676 - octoprint.server - INFO - Added new permission from plugin achievements: PLUGIN_ACHIEVEMENTS_RESET (needs: "Need(method='role', value='plugin_achievements_reset')")
2026-05-13 11:51:05,676 - octoprint.server - INFO - Added new permission from plugin action_command_notification: PLUGIN_ACTION_COMMAND_NOTIFICATION_SHOW (needs: "Need(method='role', value='plugin_action_command_notification_show')")
2026-05-13 11:51:05,676 - octoprint.server - INFO - Added new permission from plugin action_command_notification: PLUGIN_ACTION_COMMAND_NOTIFICATION_CLEAR (needs: "Need(method='role', value='plugin_action_command_notification_clear')")
2026-05-13 11:51:05,677 - octoprint.server - INFO - Added new permission from plugin action_command_prompt: PLUGIN_ACTION_COMMAND_PROMPT_INTERACT (needs: "Need(method='role', value='plugin_action_command_prompt_interact')")
2026-05-13 11:51:05,677 - octoprint.server - INFO - Added new permission from plugin announcements: PLUGIN_ANNOUNCEMENTS_READ (needs: "Need(method='role', value='plugin_announcements_read')")
2026-05-13 11:51:05,678 - octoprint.server - INFO - Added new permission from plugin announcements: PLUGIN_ANNOUNCEMENTS_MANAGE (needs: "Need(method='role', value='plugin_announcements_manage'), Need(method='role', value='plugin_announcements_read')")
2026-05-13 11:51:05,678 - octoprint.server - INFO - Added new permission from plugin appkeys: PLUGIN_APPKEYS_ADMIN (needs: "Need(method='role', value='plugin_appkeys_admin')")
2026-05-13 11:51:05,678 - octoprint.server - INFO - Added new permission from plugin appkeys: PLUGIN_APPKEYS_GRANT (needs: "Need(method='role', value='plugin_appkeys_user')")
2026-05-13 11:51:05,679 - octoprint.server - INFO - Added new permission from plugin backup: PLUGIN_BACKUP_CREATE (needs: "Need(method='role', value='plugin_backup_create')")
2026-05-13 11:51:05,679 - octoprint.server - INFO - Added new permission from plugin file_check: PLUGIN_FILE_CHECK_RUN (needs: "Need(method='role', value='plugin_file_check_run')")
2026-05-13 11:51:05,680 - octoprint.server - INFO - Added new permission from plugin firmware_check: PLUGIN_FIRMWARE_CHECK_DISPLAY (needs: "Need(method='role', value='plugin_firmware_check_display')")
2026-05-13 11:51:05,680 - octoprint.server - INFO - Added new permission from plugin health_check: PLUGIN_HEALTH_CHECK_CHECK (needs: "Need(method='role', value='plugin_health_check_check')")
2026-05-13 11:51:05,681 - octoprint.server - INFO - Added new permission from plugin logging: PLUGIN_LOGGING_MANAGE (needs: "Need(method='role', value='plugin_logging_manage')")
2026-05-13 11:51:05,683 - octoprint.server - INFO - Added new permission from plugin pi_support: PLUGIN_PI_SUPPORT_STATUS (needs: "Need(method='role', value='plugin_pi_support_check')")
2026-05-13 11:51:05,688 - octoprint.server - INFO - Added new permission from plugin pluginmanager: PLUGIN_PLUGINMANAGER_LIST (needs: "Need(method='role', value='plugin_pluginmanager_list')")
2026-05-13 11:51:05,690 - octoprint.server - INFO - Added new permission from plugin pluginmanager: PLUGIN_PLUGINMANAGER_MANAGE (needs: "Need(method='role', value='plugin_pluginmanager_manage')")
2026-05-13 11:51:05,691 - octoprint.server - INFO - Added new permission from plugin pluginmanager: PLUGIN_PLUGINMANAGER_INSTALL (needs: "Need(method='role', value='plugin_pluginmanager_install'), Need(method='role', value='plugin_pluginmanager_manage')")
2026-05-13 11:51:05,693 - octoprint.server - INFO - Added new permission from plugin softwareupdate: PLUGIN_SOFTWAREUPDATE_CHECK (needs: "Need(method='role', value='plugin_softwareupdate_check')")
2026-05-13 11:51:05,694 - octoprint.server - INFO - Added new permission from plugin softwareupdate: PLUGIN_SOFTWAREUPDATE_UPDATE (needs: "Need(method='role', value='plugin_softwareupdate_update')")
2026-05-13 11:51:05,696 - octoprint.server - INFO - Added new permission from plugin softwareupdate: PLUGIN_SOFTWAREUPDATE_CONFIGURE (needs: "Need(method='role', value='plugin_softwareupdate_configure')")
2026-05-13 11:51:05,728 - octoprint.plugins.achievements - INFO - Loading data from /home/pi/.octoprint/data/achievements/data.json
2026-05-13 11:51:05,732 - octoprint.plugins.achievements - INFO - Loading data for 2026 from /home/pi/.octoprint/data/achievements/2026.json
2026-05-13 11:51:05,787 - octoprint.plugins.softwareupdate - INFO - Loaded version cache from disk
2026-05-13 11:51:07,084 - octoprint.util.pip - INFO - Using "/home/pi/oprint/bin/python3 -m pip" as command to invoke pip
2026-05-13 11:51:07,936 - octoprint.util.pip - INFO - Version of pip is 25.1.1
2026-05-13 11:51:08,384 - octoprint.util.pip - INFO - pip installs to /home/pi/oprint/lib/python3.13/site-packages (writable -> yes), --user flag needed -> no, virtual env -> yes
2026-05-13 11:51:08,384 - octoprint.util.pip - INFO - ==> pip ok -> yes
2026-05-13 11:51:08,408 - octoprint.plugins.file_check - INFO - Native grep available: True
2026-05-13 11:51:08,413 - octoprint.plugin.core - INFO - Initialized 24 plugin implementation(s)
2026-05-13 11:51:08,433 - octoprint - INFO - Installing webcam compat overlay for configured default webcam <octoprint.webcams.ProvidedWebcam object at 0x7f90770c20>
2026-05-13 11:51:08,434 - octoprint.plugin.core - INFO - 24 plugin(s) registered with the system (23 bundled & 1 third party):
| Bundled Plugins (23)
|   Achievements Plugin (bundled) = /home/pi/oprint/lib/python3.13/site-packages/octoprint/plugins/achievements
|   Action Command Notification Support (bundled) = /home/pi/oprint/lib/python3.13/site-packages/octoprint/plugins/action_command_notification
|   Action Command Prompt Support (bundled) = /home/pi/oprint/lib/python3.13/site-packages/octoprint/plugins/action_command_prompt
|   Announcement Plugin (bundled) = /home/pi/oprint/lib/python3.13/site-packages/octoprint/plugins/announcements
|   Anonymous Usage Tracking (bundled) = /home/pi/oprint/lib/python3.13/site-packages/octoprint/plugins/tracking
|   Application Keys Plugin (bundled) = /home/pi/oprint/lib/python3.13/site-packages/octoprint/plugins/appkeys
|   Backup & Restore (bundled) = /home/pi/oprint/lib/python3.13/site-packages/octoprint/plugins/backup
|   Classic Webcam (bundled) = /home/pi/oprint/lib/python3.13/site-packages/octoprint/plugins/classicwebcam
|   Core Wizard (bundled) = /home/pi/oprint/lib/python3.13/site-packages/octoprint/plugins/corewizard
|   Custom Control Manager (bundled) = /home/pi/oprint/lib/python3.13/site-packages/octoprint/plugins/customcontrolmanager
|   Discovery (bundled) = /home/pi/oprint/lib/python3.13/site-packages/octoprint/plugins/discovery
|   Error Tracking (bundled) = /home/pi/oprint/lib/python3.13/site-packages/octoprint/plugins/errortracking
|   Event Manager (bundled) = /home/pi/oprint/lib/python3.13/site-packages/octoprint/plugins/eventmanager
|   File Check (2025.7.23) (bundled) = /home/pi/oprint/lib/python3.13/site-packages/octoprint_file_check
|   Firmware Check (2025.7.23) (bundled) = /home/pi/oprint/lib/python3.13/site-packages/octoprint_firmware_check
|   GCode Viewer (bundled) = /home/pi/oprint/lib/python3.13/site-packages/octoprint/plugins/gcodeviewer
|   Healthcheck Plugin (bundled) = /home/pi/oprint/lib/python3.13/site-packages/octoprint/plugins/health_check
|   Logging (bundled) = /home/pi/oprint/lib/python3.13/site-packages/octoprint/plugins/logging
|   Pi Support Plugin (2025.7.23) (bundled) = /home/pi/oprint/lib/python3.13/site-packages/octoprint_pi_support
|   Plugin Manager (bundled) = /home/pi/oprint/lib/python3.13/site-packages/octoprint/plugins/pluginmanager
|   Software Update (bundled) = /home/pi/oprint/lib/python3.13/site-packages/octoprint/plugins/softwareupdate
|   Upload Manager (bundled) = /home/pi/oprint/lib/python3.13/site-packages/octoprint/plugins/uploadmanager
|   Virtual Printer (bundled) = /home/pi/oprint/lib/python3.13/site-packages/octoprint/plugins/virtual_printer
| Third Party Plugins (1)
|   ControlCenter (1.0.0) = /home/pi/oprint/lib/python3.13/site-packages/octoprint_ControlCenter
Prefix legend: ! = disabled, # = blacklisted, * = incompatible
2026-05-13 11:51:08,461 - octoprint.environment - INFO - Detected environment is Python 3.13.5 under Linux (Linux-6.12.75+rpt-rpi-v8-aarch64-with-glibc2.41). Details:
|  hardware:
|    cores: 4
|    freq: 1500.0
|    ram: 1935220736
|  os:
|    bits: 64
|    id: linux
|    platform: Linux-6.12.75+rpt-rpi-v8-aarch64-with-glibc2.41
|  plugins:
|    pi_support:
|      model: Raspberry Pi Compute Module 4 Rev 1.1
|      throttle_check_enabled: true
|      throttle_check_functional: true
|      throttle_state: '0x0'
|  python:
|    pip: 25.1.1
|    version: 3.13.5
|    virtualenv: /home/pi/oprint
2026-05-13 11:51:08,476 - octoprint.server - INFO - Reset webasset folder /home/pi/.octoprint/generated/webassets...
2026-05-13 11:51:08,477 - octoprint.server - INFO - Reset webasset folder /home/pi/.octoprint/generated/.webassets-cache...
2026-05-13 11:51:08,477 - octoprint.server - INFO - Reset webasset folder /home/pi/.octoprint/generated/.webassets-manifest.json...
2026-05-13 11:51:08,727 - octoprint.timelapse - INFO - Enabled rendering queue processing
2026-05-13 11:51:09,008 - octoprint.plugins.healthcheck.python_eol - INFO - Fetched Python EOL data from https://get.octoprint.org/python-eol
2026-05-13 11:51:09,151 - octoprint.server - INFO - Shutting down intermediary server...
2026-05-13 11:51:09,165 - octoprint.server - INFO - Intermediary server shut down
2026-05-13 11:51:09,168 - octoprint.events - INFO - Processing startup event, this is our first event
2026-05-13 11:51:09,168 - octoprint.events - INFO - Adding 3 events to queue that were held back before startup event
2026-05-13 11:51:09,169 - octoprint.filemanager - INFO - Adding backlog items from all storage types to analysis queue...
2026-05-13 11:51:09,170 - octoprint.server - INFO - Autoconnect on startup is configured, trying to connect to the printer...
2026-05-13 11:51:09,180 - octoprint.filemanager - INFO - Added 0 items from storage type "local" to analysis queue
2026-05-13 11:51:09,182 - octoprint.plugins.softwareupdate - INFO - Fetching check overlays from https://plugins.octoprint.org/update_check_overlay.json
2026-05-13 11:51:09,242 - octoprint.plugins.pluginmanager - INFO - Loaded plugin repository data from disk, was still valid
2026-05-13 11:51:09,334 - octoprint.server - INFO - Could not find configured serial port {} in the system, cannot automatically connect to a non existing printer. Is it plugged in and booted up yet?
2026-05-13 11:51:09,335 - octoprint.server - INFO - Starting autorefresh of serial port list
2026-05-13 11:51:09,401 - octoprint.server.util.watchdog - INFO - Running initial scan on watched folder...
2026-05-13 11:51:09,435 - octoprint.server.util.watchdog - INFO - ... initial scan done.
2026-05-13 11:51:09,509 - octoprint.server - INFO - Serial port list was updated, refreshing the port list in the frontend
2026-05-13 11:51:09,610 - octoprint.plugins.pluginmanager - INFO - Loaded notice data from disk, was still valid
2026-05-13 11:51:09,948 - octoprint.plugins.tracking - INFO - Sent tracking event system_unthrottled, payload: {'throttled_now': False, 'throttled_past': False, 'throttled_mask': 0, 'throttled_voltage_now': False, 'throttled_voltage_past': False, 'throttled_overheat_now': False, 'throttled_overheat_past': False}
2026-05-13 11:51:10,421 - octoprint.plugins.discovery - INFO - Registered 'OctoPrint instance on pi._http._tcp.local.' for _http._tcp.local.
2026-05-13 11:51:11,239 - octoprint.plugins.discovery - INFO - Registered 'OctoPrint instance on pi._octoprint._tcp.local.' for _octoprint._tcp.local.
2026-05-13 11:51:11,246 - octoprint.plugins.discovery - INFO - Registered OctoPrint instance on pi for SSDP
2026-05-13 11:51:11,255 - octoprint.server - INFO - Listening on http://0.0.0.0:5000 and http://[::]:5000
2026-05-13 11:51:11,286 - octoprint.plugins.pluginmanager - INFO - Loaded plugin repository data from disk, was still valid
2026-05-13 11:51:11,321 - octoprint.server.util - WARNING - The global API key was just used. The global API key is deprecated and will cease to function with OctoPrint 1.13.0.
2026-05-13 11:51:11,658 - octoprint.plugins.pluginmanager - INFO - Loaded notice data from disk, was still valid
2026-05-13 11:51:11,663 - octoprint.plugins.pluginmanager - INFO - Saved a current plugin export to /home/pi/.octoprint/backup_plugin_export.json
2026-05-13 11:58:39,445 - octoprint.util.pip - INFO - Using "/home/pi/oprint/bin/python3 -m pip" as command to invoke pip
2026-05-13 11:58:39,447 - octoprint.util.pip - INFO - pip installs to /home/pi/oprint/lib/python3.13/site-packages (writable -> yes), --user flag needed -> no, virtual env -> yes
2026-05-13 11:58:39,448 - octoprint.util.pip - INFO - ==> pip ok -> yes
2026-05-13 11:58:39,454 - octoprint.plugins.softwareupdate - INFO - Minimum free storage across all update relevant locations is 922.8MB. That is considered sufficient for updating.
2026-05-13 11:58:40,189 - octoprint.util.pip - INFO - Using "/home/pi/oprint/bin/python3 -m pip" as command to invoke pip
2026-05-13 11:58:40,190 - octoprint.util.pip - INFO - pip installs to /home/pi/oprint/lib/python3.13/site-packages (writable -> yes), --user flag needed -> no, virtual env -> yes
2026-05-13 11:58:40,190 - octoprint.util.pip - INFO - ==> pip ok -> yes
2026-05-13 11:58:40,199 - octoprint.plugins.softwareupdate - INFO - Saved version cache to disk
2026-05-13 11:58:40,209 - octoprint.plugins.ControlCenter - INFO - TouchUI Plugin Started
2026-05-13 11:58:40,211 - octoprint.plugins.ControlCenter - INFO - xinit file already contains correct ControlCenter path
2026-05-13 11:58:40,217 - octoprint.server.preemptive_cache - INFO - Preemptively caching / (ui _default) for {'base_url': 'http://192.168.0.47:5000/', 'path': '/', 'query_string': 'l10n=en'}
2026-05-13 11:58:41,011 - octoprint.plugins.tracking - INFO - Sent tracking event ping, payload: {'octoprint_uptime': 8, 'printer_state': 'OFFLINE'}
2026-05-13 11:58:41,977 - octoprint.plugins.tracking - INFO - Sent tracking event pong, payload: {'version': '1.11.7', 'os': 'linux', 'platform': 'Linux-6.12.75+rpt-rpi-v8-aarch64-with-glibc2.41', 'bits': 64, 'python': '3.13.5', 'pip': '25.1.1', 'cores': 4, 'freq': 1500.0, 'ram': 1935220736, 'pi_model': 'Raspberry Pi Compute Module 4 Rev 1.1', 'plugins': 'controlcenter:1.0.0', 'achievements': 'the_wizard'}
2026-05-13 11:58:44,745 - octoprint.plugins.tracking - INFO - Sent tracking event startup, payload: {'version': '1.11.7', 'os': 'linux', 'platform': 'Linux-6.12.75+rpt-rpi-v8-aarch64-with-glibc2.41', 'bits': 64, 'python': '3.13.5', 'pip': '25.1.1', 'cores': 4, 'freq': 1500.0, 'ram': 1935220736, 'pi_model': 'Raspberry Pi Compute Module 4 Rev 1.1'}
2026-05-13 11:58:46,205 - octoprint.server.preemptive_cache - INFO - ... done in 5.99s
2026-05-13 11:59:08,813 - octoprint.server.util - WARNING - The global API key was just used. The global API key is deprecated and will cease to function with OctoPrint 1.13.0.
2026-05-13 11:59:08,971 - octoprint.server.util - WARNING - The global API key was just used. The global API key is deprecated and will cease to function with OctoPrint 1.13.0.
2026-05-13 11:59:08,998 - octoprint.server.util - WARNING - The global API key was just used. The global API key is deprecated and will cease to function with OctoPrint 1.13.0.
2026-05-13 11:59:09,006 - tornado.access - WARNING - 400 POST /api/connection (127.0.0.1) 12.30ms
2026-05-13 11:59:09,020 - octoprint.server.util - WARNING - The global API key was just used. The global API key is deprecated and will cease to function with OctoPrint 1.13.0.
2026-05-13 11:59:09,028 - tornado.access - WARNING - 400 POST /api/connection (127.0.0.1) 12.30ms
2026-05-13 11:59:10,794 - octoprint.server.util.sockjs - INFO - New connection from client: 127.0.0.1
2026-05-13 11:59:10,807 - octoprint.server.util - WARNING - The global API key was just used. The global API key is deprecated and will cease to function with OctoPrint 1.13.0.
2026-05-13 11:59:10,817 - octoprint.server.util.flask - INFO - Passively logging in user _api from 127.0.0.1
2026-05-13 11:59:10,818 - octoprint.access.users - INFO - Logged in user: _api
2026-05-13 11:59:10,832 - octoprint.server.util.sockjs - INFO - User _api logged in on the socket from client 127.0.0.1
2026-05-13 12:13:32,815 - octoprint.server.heartbeat - INFO - Server heartbeat <3
2026-05-13 12:13:40,935 - octoprint.plugins.tracking - INFO - Sent tracking event ping, payload: {'octoprint_uptime': 908, 'printer_state': 'OFFLINE'}
2026-05-13 12:20:11,124 - octoprint.server.util.sockjs - INFO - New connection from client: 192.168.0.151
2026-05-13 12:20:14,796 - tornado.access - WARNING - 403 POST /api/login (192.168.0.151) 19.77ms
2026-05-13 12:20:22,463 - tornado.access - WARNING - 403 POST /api/login (192.168.0.151) 25.19ms
2026-05-13 12:20:28,098 - tornado.access - WARNING - 403 POST /api/login (192.168.0.151) 31.88ms
2026-05-13 12:24:21,065 - octoprint.server.util.sockjs - INFO - Client connection closed: 127.0.0.1
2026-05-13 12:24:47,336 - octoprint.startup - INFO - ******************************************************************************
2026-05-13 12:24:47,338 - octoprint.startup - INFO - Starting OctoPrint 1.11.7
2026-05-13 12:24:47,338 - octoprint.startup - INFO - ******************************************************************************
2026-05-13 12:24:47,550 - octoprint.util.connectivity.connectivity_checker - INFO - Connectivity changed from offline to online
2026-05-13 12:24:47,558 - octoprint.util.connectivity.connectivity_checker - INFO - Connectivity state is currently: online
2026-05-13 12:24:47,558 - octoprint.util.connectivity.connectivity_checker - INFO - Connecting to 1.1.1.1:53 is working
2026-05-13 12:24:47,558 - octoprint.util.connectivity.connectivity_checker - INFO - Resolving octoprint.org is working
2026-05-13 12:24:47,575 - octoprint.plugin.core - INFO - Loading plugins from /home/pi/oprint/lib/python3.13/site-packages/octoprint/plugins, /home/pi/.octoprint/plugins and installed plugin packages...
2026-05-13 12:24:51,477 - octoprint.plugin.core - INFO - Found 24 plugin(s) providing 24 mixin implementations, 49 hook handlers
2026-05-13 12:24:51,572 - octoprint.server.heartbeat - INFO - Starting server heartbeat, 900.0s interval
2026-05-13 12:24:51,870 - octoprint.server - INFO - Intermediary server started
2026-05-13 12:24:51,878 - octoprint.filemanager.storage - INFO - Initializing the file metadata for /home/pi/.octoprint/uploads...
2026-05-13 12:24:51,880 - octoprint.filemanager.storage - INFO - ... file metadata for /home/pi/.octoprint/uploads initialized successfully.
2026-05-13 12:24:51,884 - octoprint.server - INFO - Added new permission from plugin achievements: PLUGIN_ACHIEVEMENTS_VIEW (needs: "Need(method='role', value='plugin_achievements_view')")
2026-05-13 12:24:51,884 - octoprint.server - INFO - Added new permission from plugin achievements: PLUGIN_ACHIEVEMENTS_RESET (needs: "Need(method='role', value='plugin_achievements_reset')")
2026-05-13 12:24:51,884 - octoprint.server - INFO - Added new permission from plugin action_command_notification: PLUGIN_ACTION_COMMAND_NOTIFICATION_SHOW (needs: "Need(method='role', value='plugin_action_command_notification_show')")
2026-05-13 12:24:51,885 - octoprint.server - INFO - Added new permission from plugin action_command_notification: PLUGIN_ACTION_COMMAND_NOTIFICATION_CLEAR (needs: "Need(method='role', value='plugin_action_command_notification_clear')")
2026-05-13 12:24:51,885 - octoprint.server - INFO - Added new permission from plugin action_command_prompt: PLUGIN_ACTION_COMMAND_PROMPT_INTERACT (needs: "Need(method='role', value='plugin_action_command_prompt_interact')")
2026-05-13 12:24:51,885 - octoprint.server - INFO - Added new permission from plugin announcements: PLUGIN_ANNOUNCEMENTS_READ (needs: "Need(method='role', value='plugin_announcements_read')")
2026-05-13 12:24:51,885 - octoprint.server - INFO - Added new permission from plugin announcements: PLUGIN_ANNOUNCEMENTS_MANAGE (needs: "Need(method='role', value='plugin_announcements_read'), Need(method='role', value='plugin_announcements_manage')")
2026-05-13 12:24:51,886 - octoprint.server - INFO - Added new permission from plugin appkeys: PLUGIN_APPKEYS_ADMIN (needs: "Need(method='role', value='plugin_appkeys_admin')")
2026-05-13 12:24:51,886 - octoprint.server - INFO - Added new permission from plugin appkeys: PLUGIN_APPKEYS_GRANT (needs: "Need(method='role', value='plugin_appkeys_user')")
2026-05-13 12:24:51,886 - octoprint.server - INFO - Added new permission from plugin backup: PLUGIN_BACKUP_CREATE (needs: "Need(method='role', value='plugin_backup_create')")
2026-05-13 12:24:51,886 - octoprint.server - INFO - Added new permission from plugin file_check: PLUGIN_FILE_CHECK_RUN (needs: "Need(method='role', value='plugin_file_check_run')")
2026-05-13 12:24:51,886 - octoprint.server - INFO - Added new permission from plugin firmware_check: PLUGIN_FIRMWARE_CHECK_DISPLAY (needs: "Need(method='role', value='plugin_firmware_check_display')")
2026-05-13 12:24:51,887 - octoprint.server - INFO - Added new permission from plugin health_check: PLUGIN_HEALTH_CHECK_CHECK (needs: "Need(method='role', value='plugin_health_check_check')")
2026-05-13 12:24:51,887 - octoprint.server - INFO - Added new permission from plugin logging: PLUGIN_LOGGING_MANAGE (needs: "Need(method='role', value='plugin_logging_manage')")
2026-05-13 12:24:51,887 - octoprint.server - INFO - Added new permission from plugin pi_support: PLUGIN_PI_SUPPORT_STATUS (needs: "Need(method='role', value='plugin_pi_support_check')")
2026-05-13 12:24:51,887 - octoprint.server - INFO - Added new permission from plugin pluginmanager: PLUGIN_PLUGINMANAGER_LIST (needs: "Need(method='role', value='plugin_pluginmanager_list')")
2026-05-13 12:24:51,887 - octoprint.server - INFO - Added new permission from plugin pluginmanager: PLUGIN_PLUGINMANAGER_MANAGE (needs: "Need(method='role', value='plugin_pluginmanager_manage')")
2026-05-13 12:24:51,888 - octoprint.server - INFO - Added new permission from plugin pluginmanager: PLUGIN_PLUGINMANAGER_INSTALL (needs: "Need(method='role', value='plugin_pluginmanager_manage'), Need(method='role', value='plugin_pluginmanager_install')")
2026-05-13 12:24:51,888 - octoprint.server - INFO - Added new permission from plugin softwareupdate: PLUGIN_SOFTWAREUPDATE_CHECK (needs: "Need(method='role', value='plugin_softwareupdate_check')")
2026-05-13 12:24:51,888 - octoprint.server - INFO - Added new permission from plugin softwareupdate: PLUGIN_SOFTWAREUPDATE_UPDATE (needs: "Need(method='role', value='plugin_softwareupdate_update')")
2026-05-13 12:24:51,888 - octoprint.server - INFO - Added new permission from plugin softwareupdate: PLUGIN_SOFTWAREUPDATE_CONFIGURE (needs: "Need(method='role', value='plugin_softwareupdate_configure')")
2026-05-13 12:24:51,926 - octoprint.plugins.achievements - INFO - Loading data from /home/pi/.octoprint/data/achievements/data.json
2026-05-13 12:24:51,930 - octoprint.plugins.achievements - INFO - Loading data for 2026 from /home/pi/.octoprint/data/achievements/2026.json
2026-05-13 12:24:51,981 - octoprint.plugins.softwareupdate - INFO - Loaded version cache from disk
2026-05-13 12:24:53,299 - octoprint.util.pip - INFO - Using "/home/pi/oprint/bin/python3 -m pip" as command to invoke pip
2026-05-13 12:24:54,120 - octoprint.util.pip - INFO - Version of pip is 25.1.1
2026-05-13 12:24:54,374 - octoprint.plugins.healthcheck.python_eol - INFO - Fetched Python EOL data from https://get.octoprint.org/python-eol
2026-05-13 12:24:54,470 - octoprint.util.pip - INFO - pip installs to /home/pi/oprint/lib/python3.13/site-packages (writable -> yes), --user flag needed -> no, virtual env -> yes
2026-05-13 12:24:54,470 - octoprint.util.pip - INFO - ==> pip ok -> yes
2026-05-13 12:24:54,496 - octoprint.plugins.file_check - INFO - Native grep available: True
2026-05-13 12:24:54,498 - octoprint.plugin.core - INFO - Initialized 24 plugin implementation(s)
2026-05-13 12:24:54,519 - octoprint - INFO - Installing webcam compat overlay for configured default webcam <octoprint.webcams.ProvidedWebcam object at 0x7f80484c20>
2026-05-13 12:24:54,520 - octoprint.plugin.core - INFO - 24 plugin(s) registered with the system (23 bundled & 1 third party):
| Bundled Plugins (23)
|   Achievements Plugin (bundled) = /home/pi/oprint/lib/python3.13/site-packages/octoprint/plugins/achievements
|   Action Command Notification Support (bundled) = /home/pi/oprint/lib/python3.13/site-packages/octoprint/plugins/action_command_notification
|   Action Command Prompt Support (bundled) = /home/pi/oprint/lib/python3.13/site-packages/octoprint/plugins/action_command_prompt
|   Announcement Plugin (bundled) = /home/pi/oprint/lib/python3.13/site-packages/octoprint/plugins/announcements
|   Anonymous Usage Tracking (bundled) = /home/pi/oprint/lib/python3.13/site-packages/octoprint/plugins/tracking
|   Application Keys Plugin (bundled) = /home/pi/oprint/lib/python3.13/site-packages/octoprint/plugins/appkeys
|   Backup & Restore (bundled) = /home/pi/oprint/lib/python3.13/site-packages/octoprint/plugins/backup
|   Classic Webcam (bundled) = /home/pi/oprint/lib/python3.13/site-packages/octoprint/plugins/classicwebcam
|   Core Wizard (bundled) = /home/pi/oprint/lib/python3.13/site-packages/octoprint/plugins/corewizard
|   Custom Control Manager (bundled) = /home/pi/oprint/lib/python3.13/site-packages/octoprint/plugins/customcontrolmanager
|   Discovery (bundled) = /home/pi/oprint/lib/python3.13/site-packages/octoprint/plugins/discovery
|   Error Tracking (bundled) = /home/pi/oprint/lib/python3.13/site-packages/octoprint/plugins/errortracking
|   Event Manager (bundled) = /home/pi/oprint/lib/python3.13/site-packages/octoprint/plugins/eventmanager
|   File Check (2025.7.23) (bundled) = /home/pi/oprint/lib/python3.13/site-packages/octoprint_file_check
|   Firmware Check (2025.7.23) (bundled) = /home/pi/oprint/lib/python3.13/site-packages/octoprint_firmware_check
|   GCode Viewer (bundled) = /home/pi/oprint/lib/python3.13/site-packages/octoprint/plugins/gcodeviewer
|   Healthcheck Plugin (bundled) = /home/pi/oprint/lib/python3.13/site-packages/octoprint/plugins/health_check
|   Logging (bundled) = /home/pi/oprint/lib/python3.13/site-packages/octoprint/plugins/logging
|   Pi Support Plugin (2025.7.23) (bundled) = /home/pi/oprint/lib/python3.13/site-packages/octoprint_pi_support
|   Plugin Manager (bundled) = /home/pi/oprint/lib/python3.13/site-packages/octoprint/plugins/pluginmanager
|   Software Update (bundled) = /home/pi/oprint/lib/python3.13/site-packages/octoprint/plugins/softwareupdate
|   Upload Manager (bundled) = /home/pi/oprint/lib/python3.13/site-packages/octoprint/plugins/uploadmanager
|   Virtual Printer (bundled) = /home/pi/oprint/lib/python3.13/site-packages/octoprint/plugins/virtual_printer
| Third Party Plugins (1)
|   ControlCenter (1.0.0) = /home/pi/oprint/lib/python3.13/site-packages/octoprint_ControlCenter
Prefix legend: ! = disabled, # = blacklisted, * = incompatible
2026-05-13 12:24:54,538 - octoprint.environment - INFO - Detected environment is Python 3.13.5 under Linux (Linux-6.12.75+rpt-rpi-v8-aarch64-with-glibc2.41). Details:
|  hardware:
|    cores: 4
|    freq: 1500.0
|    ram: 1935220736
|  os:
|    bits: 64
|    id: linux
|    platform: Linux-6.12.75+rpt-rpi-v8-aarch64-with-glibc2.41
|  plugins:
|    pi_support:
|      model: Raspberry Pi Compute Module 4 Rev 1.1
|      throttle_check_enabled: true
|      throttle_check_functional: true
|      throttle_state: '0x0'
|  python:
|    pip: 25.1.1
|    version: 3.13.5
|    virtualenv: /home/pi/oprint
2026-05-13 12:24:54,552 - octoprint.server - INFO - Reset webasset folder /home/pi/.octoprint/generated/webassets...
2026-05-13 12:24:54,553 - octoprint.server - INFO - Reset webasset folder /home/pi/.octoprint/generated/.webassets-cache...
2026-05-13 12:24:54,553 - octoprint.server - INFO - Reset webasset folder /home/pi/.octoprint/generated/.webassets-manifest.json...
2026-05-13 12:24:54,638 - octoprint.timelapse - INFO - Enabled rendering queue processing
2026-05-13 12:24:55,030 - octoprint.server - INFO - Shutting down intermediary server...
2026-05-13 12:24:55,381 - octoprint.server - INFO - Intermediary server shut down
2026-05-13 12:24:55,384 - octoprint.events - INFO - Processing startup event, this is our first event
2026-05-13 12:24:55,384 - octoprint.events - INFO - Adding 3 events to queue that were held back before startup event
2026-05-13 12:24:55,397 - octoprint.server - INFO - Autoconnect on startup is configured, trying to connect to the printer...
2026-05-13 12:24:55,389 - octoprint.filemanager - INFO - Adding backlog items from all storage types to analysis queue...
2026-05-13 12:24:55,405 - octoprint.plugins.softwareupdate - INFO - Fetching check overlays from https://plugins.octoprint.org/update_check_overlay.json
2026-05-13 12:24:55,450 - octoprint.filemanager - INFO - Added 0 items from storage type "local" to analysis queue
2026-05-13 12:24:55,458 - octoprint.server - INFO - Could not find configured serial port {} in the system, cannot automatically connect to a non existing printer. Is it plugged in and booted up yet?
2026-05-13 12:24:55,459 - octoprint.server - INFO - Starting autorefresh of serial port list
2026-05-13 12:24:55,463 - octoprint.server.util.watchdog - INFO - Running initial scan on watched folder...
2026-05-13 12:24:55,467 - octoprint.server.util.watchdog - INFO - ... initial scan done.
2026-05-13 12:24:55,469 - octoprint.server - INFO - Serial port list was updated, refreshing the port list in the frontend
2026-05-13 12:24:56,111 - octoprint.plugins.tracking - INFO - Sent tracking event system_unthrottled, payload: {'throttled_now': False, 'throttled_past': False, 'throttled_mask': 0, 'throttled_voltage_now': False, 'throttled_voltage_past': False, 'throttled_overheat_now': False, 'throttled_overheat_past': False}
2026-05-13 12:24:56,300 - octoprint.plugins.discovery - INFO - Registered 'OctoPrint instance on pi._http._tcp.local.' for _http._tcp.local.
2026-05-13 12:24:56,868 - octoprint.plugins.pluginmanager - INFO - Loaded plugin repository data from https://plugins.octoprint.org/plugins.json
2026-05-13 12:24:57,141 - octoprint.plugins.discovery - INFO - Registered 'OctoPrint instance on pi._octoprint._tcp.local.' for _octoprint._tcp.local.
2026-05-13 12:24:57,151 - octoprint.plugins.discovery - INFO - Registered OctoPrint instance on pi for SSDP
2026-05-13 12:24:57,197 - octoprint.server - INFO - Listening on http://0.0.0.0:5000 and http://[::]:5000
2026-05-13 12:24:57,199 - octoprint.plugins.pluginmanager - INFO - Loaded notice data from disk, was still valid
2026-05-13 12:24:57,244 - octoprint.server.util - WARNING - The global API key was just used. The global API key is deprecated and will cease to function with OctoPrint 1.13.0.
2026-05-13 12:24:57,245 - octoprint.plugins.pluginmanager - INFO - Loaded plugin repository data from disk, was still valid
2026-05-13 12:25:12,697 - octoprint.plugins.pluginmanager - INFO - Loaded notice data from disk, was still valid
2026-05-13 12:25:12,705 - octoprint.plugins.pluginmanager - INFO - Saved a current plugin export to /home/pi/.octoprint/backup_plugin_export.json
2026-05-13 12:25:13,059 - octoprint.util.pip - INFO - Using "/home/pi/oprint/bin/python3 -m pip" as command to invoke pip
2026-05-13 12:25:13,061 - octoprint.util.pip - INFO - pip installs to /home/pi/oprint/lib/python3.13/site-packages (writable -> yes), --user flag needed -> no, virtual env -> yes
2026-05-13 12:25:13,062 - octoprint.util.pip - INFO - ==> pip ok -> yes
2026-05-13 12:25:13,067 - octoprint.plugins.softwareupdate - INFO - Minimum free storage across all update relevant locations is 922.8MB. That is considered sufficient for updating.
2026-05-13 12:25:13,097 - octoprint.plugins.ControlCenter - INFO - TouchUI Plugin Started
2026-05-13 12:25:13,100 - octoprint.plugins.ControlCenter - INFO - xinit file already contains correct ControlCenter path
2026-05-13 12:25:13,106 - octoprint.server.preemptive_cache - INFO - Preemptively caching / (ui _default) for {'base_url': 'http://192.168.0.47:5000/', 'path': '/', 'query_string': 'l10n=en'}
2026-05-13 12:25:13,835 - octoprint.plugins.tracking - INFO - Sent tracking event ping, payload: {'octoprint_uptime': 7, 'printer_state': 'OFFLINE'}
2026-05-13 12:25:14,788 - octoprint.plugins.tracking - INFO - Sent tracking event pong, payload: {'version': '1.11.7', 'os': 'linux', 'platform': 'Linux-6.12.75+rpt-rpi-v8-aarch64-with-glibc2.41', 'bits': 64, 'python': '3.13.5', 'pip': '25.1.1', 'cores': 4, 'freq': 1500.0, 'ram': 1935220736, 'pi_model': 'Raspberry Pi Compute Module 4 Rev 1.1', 'plugins': 'controlcenter:1.0.0', 'achievements': 'the_wizard'}
2026-05-13 12:25:15,437 - octoprint.plugins.tracking - INFO - Sent tracking event startup, payload: {'version': '1.11.7', 'os': 'linux', 'platform': 'Linux-6.12.75+rpt-rpi-v8-aarch64-with-glibc2.41', 'bits': 64, 'python': '3.13.5', 'pip': '25.1.1', 'cores': 4, 'freq': 1500.0, 'ram': 1935220736, 'pi_model': 'Raspberry Pi Compute Module 4 Rev 1.1'}
2026-05-13 12:25:19,121 - octoprint.server.preemptive_cache - INFO - ... done in 6.02s
2026-05-13 12:25:42,420 - octoprint.server.util - WARNING - The global API key was just used. The global API key is deprecated and will cease to function with OctoPrint 1.13.0.
2026-05-13 12:25:42,597 - octoprint.server.util - WARNING - The global API key was just used. The global API key is deprecated and will cease to function with OctoPrint 1.13.0.
2026-05-13 12:25:42,621 - octoprint.server.util - WARNING - The global API key was just used. The global API key is deprecated and will cease to function with OctoPrint 1.13.0.
2026-05-13 12:25:42,630 - tornado.access - WARNING - 400 POST /api/connection (127.0.0.1) 12.63ms
2026-05-13 12:25:42,644 - octoprint.server.util - WARNING - The global API key was just used. The global API key is deprecated and will cease to function with OctoPrint 1.13.0.
2026-05-13 12:25:42,652 - tornado.access - WARNING - 400 POST /api/connection (127.0.0.1) 12.43ms
2026-05-13 12:25:44,415 - octoprint.server.util.sockjs - INFO - New connection from client: 127.0.0.1
2026-05-13 12:25:44,429 - octoprint.server.util - WARNING - The global API key was just used. The global API key is deprecated and will cease to function with OctoPrint 1.13.0.
2026-05-13 12:25:44,433 - octoprint.server.util.flask - INFO - Passively logging in user _api from 127.0.0.1
2026-05-13 12:25:44,434 - octoprint.access.users - INFO - Logged in user: _api
2026-05-13 12:25:44,462 - octoprint.server.util.sockjs - INFO - User _api logged in on the socket from client 127.0.0.1
2026-05-13 12:27:33,240 - octoprint.server.util.sockjs - INFO - New connection from client: 192.168.0.151
2026-05-13 12:27:40,632 - tornado.access - WARNING - 403 POST /api/login (192.168.0.151) 24.13ms
2026-05-13 12:29:42,677 - octoprint.startup - INFO - ******************************************************************************
2026-05-13 12:29:42,679 - octoprint.startup - INFO - Starting OctoPrint 1.11.7
2026-05-13 12:29:42,680 - octoprint.startup - INFO - ******************************************************************************
2026-05-13 12:29:42,741 - octoprint.util.connectivity.connectivity_checker - INFO - Connectivity changed from offline to online
2026-05-13 12:29:42,748 - octoprint.util.connectivity.connectivity_checker - INFO - Connectivity state is currently: online
2026-05-13 12:29:42,748 - octoprint.util.connectivity.connectivity_checker - INFO - Connecting to 1.1.1.1:53 is working
2026-05-13 12:29:42,748 - octoprint.util.connectivity.connectivity_checker - INFO - Resolving octoprint.org is working
2026-05-13 12:29:42,753 - octoprint.plugin.core - INFO - Loading plugins from /home/pi/oprint/lib/python3.13/site-packages/octoprint/plugins, /home/pi/.octoprint/plugins and installed plugin packages...
2026-05-13 12:29:44,641 - octoprint.plugin.core - INFO - Found 24 plugin(s) providing 24 mixin implementations, 49 hook handlers
2026-05-13 12:29:44,672 - octoprint.server.heartbeat - INFO - Starting server heartbeat, 900.0s interval
2026-05-13 12:29:44,753 - octoprint.server - INFO - Intermediary server started
2026-05-13 12:29:44,759 - octoprint.filemanager.storage - INFO - Initializing the file metadata for /home/pi/.octoprint/uploads...
2026-05-13 12:29:44,760 - octoprint.filemanager.storage - INFO - ... file metadata for /home/pi/.octoprint/uploads initialized successfully.
2026-05-13 12:29:44,763 - octoprint.server - INFO - Added new permission from plugin achievements: PLUGIN_ACHIEVEMENTS_VIEW (needs: "Need(method='role', value='plugin_achievements_view')")
2026-05-13 12:29:44,763 - octoprint.server - INFO - Added new permission from plugin achievements: PLUGIN_ACHIEVEMENTS_RESET (needs: "Need(method='role', value='plugin_achievements_reset')")
2026-05-13 12:29:44,764 - octoprint.server - INFO - Added new permission from plugin action_command_notification: PLUGIN_ACTION_COMMAND_NOTIFICATION_SHOW (needs: "Need(method='role', value='plugin_action_command_notification_show')")
2026-05-13 12:29:44,764 - octoprint.server - INFO - Added new permission from plugin action_command_notification: PLUGIN_ACTION_COMMAND_NOTIFICATION_CLEAR (needs: "Need(method='role', value='plugin_action_command_notification_clear')")
2026-05-13 12:29:44,764 - octoprint.server - INFO - Added new permission from plugin action_command_prompt: PLUGIN_ACTION_COMMAND_PROMPT_INTERACT (needs: "Need(method='role', value='plugin_action_command_prompt_interact')")
2026-05-13 12:29:44,764 - octoprint.server - INFO - Added new permission from plugin announcements: PLUGIN_ANNOUNCEMENTS_READ (needs: "Need(method='role', value='plugin_announcements_read')")
2026-05-13 12:29:44,764 - octoprint.server - INFO - Added new permission from plugin announcements: PLUGIN_ANNOUNCEMENTS_MANAGE (needs: "Need(method='role', value='plugin_announcements_manage'), Need(method='role', value='plugin_announcements_read')")
2026-05-13 12:29:44,765 - octoprint.server - INFO - Added new permission from plugin appkeys: PLUGIN_APPKEYS_ADMIN (needs: "Need(method='role', value='plugin_appkeys_admin')")
2026-05-13 12:29:44,765 - octoprint.server - INFO - Added new permission from plugin appkeys: PLUGIN_APPKEYS_GRANT (needs: "Need(method='role', value='plugin_appkeys_user')")
2026-05-13 12:29:44,765 - octoprint.server - INFO - Added new permission from plugin backup: PLUGIN_BACKUP_CREATE (needs: "Need(method='role', value='plugin_backup_create')")
2026-05-13 12:29:44,765 - octoprint.server - INFO - Added new permission from plugin file_check: PLUGIN_FILE_CHECK_RUN (needs: "Need(method='role', value='plugin_file_check_run')")
2026-05-13 12:29:44,765 - octoprint.server - INFO - Added new permission from plugin firmware_check: PLUGIN_FIRMWARE_CHECK_DISPLAY (needs: "Need(method='role', value='plugin_firmware_check_display')")
2026-05-13 12:29:44,766 - octoprint.server - INFO - Added new permission from plugin health_check: PLUGIN_HEALTH_CHECK_CHECK (needs: "Need(method='role', value='plugin_health_check_check')")
2026-05-13 12:29:44,766 - octoprint.server - INFO - Added new permission from plugin logging: PLUGIN_LOGGING_MANAGE (needs: "Need(method='role', value='plugin_logging_manage')")
2026-05-13 12:29:44,766 - octoprint.server - INFO - Added new permission from plugin pi_support: PLUGIN_PI_SUPPORT_STATUS (needs: "Need(method='role', value='plugin_pi_support_check')")
2026-05-13 12:29:44,766 - octoprint.server - INFO - Added new permission from plugin pluginmanager: PLUGIN_PLUGINMANAGER_LIST (needs: "Need(method='role', value='plugin_pluginmanager_list')")
2026-05-13 12:29:44,766 - octoprint.server - INFO - Added new permission from plugin pluginmanager: PLUGIN_PLUGINMANAGER_MANAGE (needs: "Need(method='role', value='plugin_pluginmanager_manage')")
2026-05-13 12:29:44,767 - octoprint.server - INFO - Added new permission from plugin pluginmanager: PLUGIN_PLUGINMANAGER_INSTALL (needs: "Need(method='role', value='plugin_pluginmanager_install'), Need(method='role', value='plugin_pluginmanager_manage')")
2026-05-13 12:29:44,767 - octoprint.server - INFO - Added new permission from plugin softwareupdate: PLUGIN_SOFTWAREUPDATE_CHECK (needs: "Need(method='role', value='plugin_softwareupdate_check')")
2026-05-13 12:29:44,767 - octoprint.server - INFO - Added new permission from plugin softwareupdate: PLUGIN_SOFTWAREUPDATE_UPDATE (needs: "Need(method='role', value='plugin_softwareupdate_update')")
2026-05-13 12:29:44,767 - octoprint.server - INFO - Added new permission from plugin softwareupdate: PLUGIN_SOFTWAREUPDATE_CONFIGURE (needs: "Need(method='role', value='plugin_softwareupdate_configure')")
2026-05-13 12:29:44,792 - octoprint.plugins.achievements - INFO - Loading data from /home/pi/.octoprint/data/achievements/data.json
2026-05-13 12:29:44,794 - octoprint.plugins.achievements - INFO - Loading data for 2026 from /home/pi/.octoprint/data/achievements/2026.json
2026-05-13 12:29:44,828 - octoprint.plugins.softwareupdate - INFO - Loaded version cache from disk
2026-05-13 12:29:45,562 - octoprint.util.pip - INFO - Using "/home/pi/oprint/bin/python3 -m pip" as command to invoke pip
2026-05-13 12:29:46,285 - octoprint.util.pip - INFO - Version of pip is 25.1.1
2026-05-13 12:29:46,384 - octoprint.util.pip - INFO - pip installs to /home/pi/oprint/lib/python3.13/site-packages (writable -> yes), --user flag needed -> no, virtual env -> yes
2026-05-13 12:29:46,384 - octoprint.util.pip - INFO - ==> pip ok -> yes
2026-05-13 12:29:46,405 - octoprint.plugins.file_check - INFO - Native grep available: True
2026-05-13 12:29:46,407 - octoprint.plugin.core - INFO - Initialized 24 plugin implementation(s)
2026-05-13 12:29:46,424 - octoprint - INFO - Installing webcam compat overlay for configured default webcam <octoprint.webcams.ProvidedWebcam object at 0x7f9418cad0>
2026-05-13 12:29:46,425 - octoprint.plugin.core - INFO - 24 plugin(s) registered with the system (23 bundled & 1 third party):
| Bundled Plugins (23)
|   Achievements Plugin (bundled) = /home/pi/oprint/lib/python3.13/site-packages/octoprint/plugins/achievements
|   Action Command Notification Support (bundled) = /home/pi/oprint/lib/python3.13/site-packages/octoprint/plugins/action_command_notification
|   Action Command Prompt Support (bundled) = /home/pi/oprint/lib/python3.13/site-packages/octoprint/plugins/action_command_prompt
|   Announcement Plugin (bundled) = /home/pi/oprint/lib/python3.13/site-packages/octoprint/plugins/announcements
|   Anonymous Usage Tracking (bundled) = /home/pi/oprint/lib/python3.13/site-packages/octoprint/plugins/tracking
|   Application Keys Plugin (bundled) = /home/pi/oprint/lib/python3.13/site-packages/octoprint/plugins/appkeys
|   Backup & Restore (bundled) = /home/pi/oprint/lib/python3.13/site-packages/octoprint/plugins/backup
|   Classic Webcam (bundled) = /home/pi/oprint/lib/python3.13/site-packages/octoprint/plugins/classicwebcam
|   Core Wizard (bundled) = /home/pi/oprint/lib/python3.13/site-packages/octoprint/plugins/corewizard
|   Custom Control Manager (bundled) = /home/pi/oprint/lib/python3.13/site-packages/octoprint/plugins/customcontrolmanager
|   Discovery (bundled) = /home/pi/oprint/lib/python3.13/site-packages/octoprint/plugins/discovery
|   Error Tracking (bundled) = /home/pi/oprint/lib/python3.13/site-packages/octoprint/plugins/errortracking
|   Event Manager (bundled) = /home/pi/oprint/lib/python3.13/site-packages/octoprint/plugins/eventmanager
|   File Check (2025.7.23) (bundled) = /home/pi/oprint/lib/python3.13/site-packages/octoprint_file_check
|   Firmware Check (2025.7.23) (bundled) = /home/pi/oprint/lib/python3.13/site-packages/octoprint_firmware_check
|   GCode Viewer (bundled) = /home/pi/oprint/lib/python3.13/site-packages/octoprint/plugins/gcodeviewer
|   Healthcheck Plugin (bundled) = /home/pi/oprint/lib/python3.13/site-packages/octoprint/plugins/health_check
|   Logging (bundled) = /home/pi/oprint/lib/python3.13/site-packages/octoprint/plugins/logging
|   Pi Support Plugin (2025.7.23) (bundled) = /home/pi/oprint/lib/python3.13/site-packages/octoprint_pi_support
|   Plugin Manager (bundled) = /home/pi/oprint/lib/python3.13/site-packages/octoprint/plugins/pluginmanager
|   Software Update (bundled) = /home/pi/oprint/lib/python3.13/site-packages/octoprint/plugins/softwareupdate
|   Upload Manager (bundled) = /home/pi/oprint/lib/python3.13/site-packages/octoprint/plugins/uploadmanager
|   Virtual Printer (bundled) = /home/pi/oprint/lib/python3.13/site-packages/octoprint/plugins/virtual_printer
| Third Party Plugins (1)
|   ControlCenter (1.0.0) = /home/pi/oprint/lib/python3.13/site-packages/octoprint_ControlCenter
Prefix legend: ! = disabled, # = blacklisted, * = incompatible
2026-05-13 12:29:46,436 - octoprint.environment - INFO - Detected environment is Python 3.13.5 under Linux (Linux-6.12.75+rpt-rpi-v8-aarch64-with-glibc2.41). Details:
|  hardware:
|    cores: 4
|    freq: 1500.0
|    ram: 1935220736
|  os:
|    bits: 64
|    id: linux
|    platform: Linux-6.12.75+rpt-rpi-v8-aarch64-with-glibc2.41
|  plugins:
|    pi_support:
|      model: Raspberry Pi Compute Module 4 Rev 1.1
|      throttle_check_enabled: true
|      throttle_check_functional: true
|      throttle_state: '0x0'
|  python:
|    pip: 25.1.1
|    version: 3.13.5
|    virtualenv: /home/pi/oprint
2026-05-13 12:29:46,446 - octoprint.server - INFO - Reset webasset folder /home/pi/.octoprint/generated/webassets...
2026-05-13 12:29:46,447 - octoprint.server - INFO - Reset webasset folder /home/pi/.octoprint/generated/.webassets-cache...
2026-05-13 12:29:46,447 - octoprint.server - INFO - Reset webasset folder /home/pi/.octoprint/generated/.webassets-manifest.json...
2026-05-13 12:29:46,463 - octoprint.timelapse - INFO - Enabled rendering queue processing
2026-05-13 12:29:46,753 - octoprint.server - INFO - Shutting down intermediary server...
2026-05-13 12:29:47,076 - octoprint.server - INFO - Intermediary server shut down
2026-05-13 12:29:47,078 - octoprint.events - INFO - Processing startup event, this is our first event
2026-05-13 12:29:47,078 - octoprint.events - INFO - Adding 3 events to queue that were held back before startup event
2026-05-13 12:29:47,079 - octoprint.filemanager - INFO - Adding backlog items from all storage types to analysis queue...
2026-05-13 12:29:47,082 - octoprint.server - INFO - Autoconnect on startup is configured, trying to connect to the printer...
2026-05-13 12:29:47,099 - octoprint.filemanager - INFO - Added 0 items from storage type "local" to analysis queue
2026-05-13 12:29:47,117 - octoprint.plugins.softwareupdate - INFO - Fetching check overlays from https://plugins.octoprint.org/update_check_overlay.json
2026-05-13 12:29:47,141 - octoprint.plugins.pluginmanager - INFO - Loaded plugin repository data from disk, was still valid
2026-05-13 12:29:47,342 - octoprint.server - INFO - Could not find configured serial port {} in the system, cannot automatically connect to a non existing printer. Is it plugged in and booted up yet?
2026-05-13 12:29:47,342 - octoprint.server - INFO - Starting autorefresh of serial port list
2026-05-13 12:29:47,366 - octoprint.server.util.watchdog - INFO - Running initial scan on watched folder...
2026-05-13 12:29:47,406 - octoprint.server.util.watchdog - INFO - ... initial scan done.
2026-05-13 12:29:47,457 - octoprint.plugins.pluginmanager - INFO - Loaded notice data from disk, was still valid
2026-05-13 12:29:47,470 - octoprint.server - INFO - Serial port list was updated, refreshing the port list in the frontend
2026-05-13 12:29:48,284 - octoprint.plugins.discovery - INFO - Registered 'OctoPrint instance on pi._http._tcp.local.' for _http._tcp.local.
2026-05-13 12:29:49,095 - octoprint.plugins.discovery - INFO - Registered 'OctoPrint instance on pi._octoprint._tcp.local.' for _octoprint._tcp.local.
2026-05-13 12:29:49,101 - octoprint.plugins.discovery - INFO - Registered OctoPrint instance on pi for SSDP
2026-05-13 12:29:49,110 - octoprint.server - INFO - Listening on http://0.0.0.0:5000 and http://[::]:5000
2026-05-13 12:29:49,146 - octoprint.plugins.pluginmanager - INFO - Loaded plugin repository data from disk, was still valid
2026-05-13 12:29:49,653 - octoprint.plugins.pluginmanager - INFO - Loaded notice data from disk, was still valid
2026-05-13 12:29:49,663 - octoprint.plugins.pluginmanager - INFO - Saved a current plugin export to /home/pi/.octoprint/backup_plugin_export.json
2026-05-13 12:29:49,847 - octoprint.plugins.tracking - INFO - Sent tracking event system_unthrottled, payload: {'throttled_now': False, 'throttled_past': False, 'throttled_mask': 0, 'throttled_voltage_now': False, 'throttled_voltage_past': False, 'throttled_overheat_now': False, 'throttled_overheat_past': False}
2026-05-13 12:29:49,975 - octoprint.util.pip - INFO - Using "/home/pi/oprint/bin/python3 -m pip" as command to invoke pip
2026-05-13 12:29:49,976 - octoprint.util.pip - INFO - pip installs to /home/pi/oprint/lib/python3.13/site-packages (writable -> yes), --user flag needed -> no, virtual env -> yes
2026-05-13 12:29:49,976 - octoprint.util.pip - INFO - ==> pip ok -> yes
2026-05-13 12:29:49,983 - octoprint.plugins.softwareupdate - INFO - Minimum free storage across all update relevant locations is 922.8MB. That is considered sufficient for updating.
2026-05-13 12:29:50,032 - octoprint.plugins.ControlCenter - INFO - TouchUI Plugin Started
2026-05-13 12:29:50,034 - octoprint.plugins.ControlCenter - INFO - xinit file already contains correct ControlCenter path
2026-05-13 12:29:50,039 - octoprint.server.preemptive_cache - INFO - Preemptively caching / (ui _default) for {'base_url': 'http://192.168.0.47:5000/', 'path': '/', 'query_string': 'l10n=en'}
2026-05-13 12:29:50,163 - octoprint.server.util.sockjs - INFO - New connection from client: 192.168.0.151
2026-05-13 12:29:50,291 - octoprint.plugins.healthcheck.python_eol - INFO - Fetched Python EOL data from https://get.octoprint.org/python-eol
2026-05-13 12:29:50,824 - octoprint.plugins.tracking - INFO - Sent tracking event ping, payload: {'octoprint_uptime': 5, 'printer_state': 'OFFLINE'}
2026-05-13 12:29:51,625 - octoprint.plugins.tracking - INFO - Sent tracking event pong, payload: {'version': '1.11.7', 'os': 'linux', 'platform': 'Linux-6.12.75+rpt-rpi-v8-aarch64-with-glibc2.41', 'bits': 64, 'python': '3.13.5', 'pip': '25.1.1', 'cores': 4, 'freq': 1500.0, 'ram': 1935220736, 'pi_model': 'Raspberry Pi Compute Module 4 Rev 1.1', 'plugins': 'controlcenter:1.0.0', 'achievements': 'the_wizard'}
2026-05-13 12:29:52,399 - octoprint.plugins.tracking - INFO - Sent tracking event startup, payload: {'version': '1.11.7', 'os': 'linux', 'platform': 'Linux-6.12.75+rpt-rpi-v8-aarch64-with-glibc2.41', 'bits': 64, 'python': '3.13.5', 'pip': '25.1.1', 'cores': 4, 'freq': 1500.0, 'ram': 1935220736, 'pi_model': 'Raspberry Pi Compute Module 4 Rev 1.1'}
2026-05-13 12:29:55,597 - octoprint.server.preemptive_cache - INFO - ... done in 5.56s
2026-05-13 12:30:05,936 - tornado.access - WARNING - 403 POST /api/login (192.168.0.151) 38.55ms
2026-05-13 12:34:07,404 - octoprint.startup - INFO - ******************************************************************************
2026-05-13 12:34:07,406 - octoprint.startup - INFO - Starting OctoPrint 1.11.7
2026-05-13 12:34:07,407 - octoprint.startup - INFO - ******************************************************************************
2026-05-13 12:34:07,468 - octoprint.util.connectivity.connectivity_checker - INFO - Connectivity changed from offline to online
2026-05-13 12:34:07,477 - octoprint.util.connectivity.connectivity_checker - INFO - Connectivity state is currently: online
2026-05-13 12:34:07,477 - octoprint.util.connectivity.connectivity_checker - INFO - Connecting to 1.1.1.1:53 is working
2026-05-13 12:34:07,477 - octoprint.util.connectivity.connectivity_checker - INFO - Resolving octoprint.org is working
2026-05-13 12:34:07,482 - octoprint.plugin.core - INFO - Loading plugins from /home/pi/oprint/lib/python3.13/site-packages/octoprint/plugins, /home/pi/.octoprint/plugins and installed plugin packages...
2026-05-13 12:34:09,344 - octoprint.plugin.core - INFO - Found 24 plugin(s) providing 24 mixin implementations, 49 hook handlers
2026-05-13 12:34:09,375 - octoprint.server.heartbeat - INFO - Starting server heartbeat, 900.0s interval
2026-05-13 12:34:09,455 - octoprint.server - INFO - Intermediary server started
2026-05-13 12:34:09,461 - octoprint.filemanager.storage - INFO - Initializing the file metadata for /home/pi/.octoprint/uploads...
2026-05-13 12:34:09,462 - octoprint.filemanager.storage - INFO - ... file metadata for /home/pi/.octoprint/uploads initialized successfully.
2026-05-13 12:34:09,465 - octoprint.server - INFO - Added new permission from plugin achievements: PLUGIN_ACHIEVEMENTS_VIEW (needs: "Need(method='role', value='plugin_achievements_view')")
2026-05-13 12:34:09,466 - octoprint.server - INFO - Added new permission from plugin achievements: PLUGIN_ACHIEVEMENTS_RESET (needs: "Need(method='role', value='plugin_achievements_reset')")
2026-05-13 12:34:09,467 - octoprint.server - INFO - Added new permission from plugin action_command_notification: PLUGIN_ACTION_COMMAND_NOTIFICATION_SHOW (needs: "Need(method='role', value='plugin_action_command_notification_show')")
2026-05-13 12:34:09,467 - octoprint.server - INFO - Added new permission from plugin action_command_notification: PLUGIN_ACTION_COMMAND_NOTIFICATION_CLEAR (needs: "Need(method='role', value='plugin_action_command_notification_clear')")
2026-05-13 12:34:09,467 - octoprint.server - INFO - Added new permission from plugin action_command_prompt: PLUGIN_ACTION_COMMAND_PROMPT_INTERACT (needs: "Need(method='role', value='plugin_action_command_prompt_interact')")
2026-05-13 12:34:09,467 - octoprint.server - INFO - Added new permission from plugin announcements: PLUGIN_ANNOUNCEMENTS_READ (needs: "Need(method='role', value='plugin_announcements_read')")
2026-05-13 12:34:09,467 - octoprint.server - INFO - Added new permission from plugin announcements: PLUGIN_ANNOUNCEMENTS_MANAGE (needs: "Need(method='role', value='plugin_announcements_manage'), Need(method='role', value='plugin_announcements_read')")
2026-05-13 12:34:09,468 - octoprint.server - INFO - Added new permission from plugin appkeys: PLUGIN_APPKEYS_ADMIN (needs: "Need(method='role', value='plugin_appkeys_admin')")
2026-05-13 12:34:09,468 - octoprint.server - INFO - Added new permission from plugin appkeys: PLUGIN_APPKEYS_GRANT (needs: "Need(method='role', value='plugin_appkeys_user')")
2026-05-13 12:34:09,468 - octoprint.server - INFO - Added new permission from plugin backup: PLUGIN_BACKUP_CREATE (needs: "Need(method='role', value='plugin_backup_create')")
2026-05-13 12:34:09,468 - octoprint.server - INFO - Added new permission from plugin file_check: PLUGIN_FILE_CHECK_RUN (needs: "Need(method='role', value='plugin_file_check_run')")
2026-05-13 12:34:09,468 - octoprint.server - INFO - Added new permission from plugin firmware_check: PLUGIN_FIRMWARE_CHECK_DISPLAY (needs: "Need(method='role', value='plugin_firmware_check_display')")
2026-05-13 12:34:09,469 - octoprint.server - INFO - Added new permission from plugin health_check: PLUGIN_HEALTH_CHECK_CHECK (needs: "Need(method='role', value='plugin_health_check_check')")
2026-05-13 12:34:09,469 - octoprint.server - INFO - Added new permission from plugin logging: PLUGIN_LOGGING_MANAGE (needs: "Need(method='role', value='plugin_logging_manage')")
2026-05-13 12:34:09,469 - octoprint.server - INFO - Added new permission from plugin pi_support: PLUGIN_PI_SUPPORT_STATUS (needs: "Need(method='role', value='plugin_pi_support_check')")
2026-05-13 12:34:09,469 - octoprint.server - INFO - Added new permission from plugin pluginmanager: PLUGIN_PLUGINMANAGER_LIST (needs: "Need(method='role', value='plugin_pluginmanager_list')")
2026-05-13 12:34:09,469 - octoprint.server - INFO - Added new permission from plugin pluginmanager: PLUGIN_PLUGINMANAGER_MANAGE (needs: "Need(method='role', value='plugin_pluginmanager_manage')")
2026-05-13 12:34:09,470 - octoprint.server - INFO - Added new permission from plugin pluginmanager: PLUGIN_PLUGINMANAGER_INSTALL (needs: "Need(method='role', value='plugin_pluginmanager_manage'), Need(method='role', value='plugin_pluginmanager_install')")
2026-05-13 12:34:09,470 - octoprint.server - INFO - Added new permission from plugin softwareupdate: PLUGIN_SOFTWAREUPDATE_CHECK (needs: "Need(method='role', value='plugin_softwareupdate_check')")
2026-05-13 12:34:09,470 - octoprint.server - INFO - Added new permission from plugin softwareupdate: PLUGIN_SOFTWAREUPDATE_UPDATE (needs: "Need(method='role', value='plugin_softwareupdate_update')")
2026-05-13 12:34:09,470 - octoprint.server - INFO - Added new permission from plugin softwareupdate: PLUGIN_SOFTWAREUPDATE_CONFIGURE (needs: "Need(method='role', value='plugin_softwareupdate_configure')")
2026-05-13 12:34:09,491 - octoprint.plugins.achievements - INFO - Loading data from /home/pi/.octoprint/data/achievements/data.json
2026-05-13 12:34:09,494 - octoprint.plugins.achievements - INFO - Loading data for 2026 from /home/pi/.octoprint/data/achievements/2026.json
2026-05-13 12:34:09,528 - octoprint.plugins.softwareupdate - INFO - Loaded version cache from disk
2026-05-13 12:34:10,256 - octoprint.util.pip - INFO - Using "/home/pi/oprint/bin/python3 -m pip" as command to invoke pip
2026-05-13 12:34:10,978 - octoprint.util.pip - INFO - Version of pip is 25.1.1
2026-05-13 12:34:11,076 - octoprint.util.pip - INFO - pip installs to /home/pi/oprint/lib/python3.13/site-packages (writable -> yes), --user flag needed -> no, virtual env -> yes
2026-05-13 12:34:11,076 - octoprint.util.pip - INFO - ==> pip ok -> yes
2026-05-13 12:34:11,098 - octoprint.plugins.file_check - INFO - Native grep available: True
2026-05-13 12:34:11,100 - octoprint.plugin.core - INFO - Initialized 24 plugin implementation(s)
2026-05-13 12:34:11,117 - octoprint - INFO - Installing webcam compat overlay for configured default webcam <octoprint.webcams.ProvidedWebcam object at 0x7f84540ad0>
2026-05-13 12:34:11,118 - octoprint.plugin.core - INFO - 24 plugin(s) registered with the system (23 bundled & 1 third party):
| Bundled Plugins (23)
|   Achievements Plugin (bundled) = /home/pi/oprint/lib/python3.13/site-packages/octoprint/plugins/achievements
|   Action Command Notification Support (bundled) = /home/pi/oprint/lib/python3.13/site-packages/octoprint/plugins/action_command_notification
|   Action Command Prompt Support (bundled) = /home/pi/oprint/lib/python3.13/site-packages/octoprint/plugins/action_command_prompt
|   Announcement Plugin (bundled) = /home/pi/oprint/lib/python3.13/site-packages/octoprint/plugins/announcements
|   Anonymous Usage Tracking (bundled) = /home/pi/oprint/lib/python3.13/site-packages/octoprint/plugins/tracking
|   Application Keys Plugin (bundled) = /home/pi/oprint/lib/python3.13/site-packages/octoprint/plugins/appkeys
|   Backup & Restore (bundled) = /home/pi/oprint/lib/python3.13/site-packages/octoprint/plugins/backup
|   Classic Webcam (bundled) = /home/pi/oprint/lib/python3.13/site-packages/octoprint/plugins/classicwebcam
|   Core Wizard (bundled) = /home/pi/oprint/lib/python3.13/site-packages/octoprint/plugins/corewizard
|   Custom Control Manager (bundled) = /home/pi/oprint/lib/python3.13/site-packages/octoprint/plugins/customcontrolmanager
|   Discovery (bundled) = /home/pi/oprint/lib/python3.13/site-packages/octoprint/plugins/discovery
|   Error Tracking (bundled) = /home/pi/oprint/lib/python3.13/site-packages/octoprint/plugins/errortracking
|   Event Manager (bundled) = /home/pi/oprint/lib/python3.13/site-packages/octoprint/plugins/eventmanager
|   File Check (2025.7.23) (bundled) = /home/pi/oprint/lib/python3.13/site-packages/octoprint_file_check
|   Firmware Check (2025.7.23) (bundled) = /home/pi/oprint/lib/python3.13/site-packages/octoprint_firmware_check
|   GCode Viewer (bundled) = /home/pi/oprint/lib/python3.13/site-packages/octoprint/plugins/gcodeviewer
|   Healthcheck Plugin (bundled) = /home/pi/oprint/lib/python3.13/site-packages/octoprint/plugins/health_check
|   Logging (bundled) = /home/pi/oprint/lib/python3.13/site-packages/octoprint/plugins/logging
|   Pi Support Plugin (2025.7.23) (bundled) = /home/pi/oprint/lib/python3.13/site-packages/octoprint_pi_support
|   Plugin Manager (bundled) = /home/pi/oprint/lib/python3.13/site-packages/octoprint/plugins/pluginmanager
|   Software Update (bundled) = /home/pi/oprint/lib/python3.13/site-packages/octoprint/plugins/softwareupdate
|   Upload Manager (bundled) = /home/pi/oprint/lib/python3.13/site-packages/octoprint/plugins/uploadmanager
|   Virtual Printer (bundled) = /home/pi/oprint/lib/python3.13/site-packages/octoprint/plugins/virtual_printer
| Third Party Plugins (1)
|   ControlCenter (1.0.0) = /home/pi/oprint/lib/python3.13/site-packages/octoprint_ControlCenter
Prefix legend: ! = disabled, # = blacklisted, * = incompatible
2026-05-13 12:34:11,130 - octoprint.environment - INFO - Detected environment is Python 3.13.5 under Linux (Linux-6.12.75+rpt-rpi-v8-aarch64-with-glibc2.41). Details:
|  hardware:
|    cores: 4
|    freq: 1500.0
|    ram: 1935220736
|  os:
|    bits: 64
|    id: linux
|    platform: Linux-6.12.75+rpt-rpi-v8-aarch64-with-glibc2.41
|  plugins:
|    pi_support:
|      model: Raspberry Pi Compute Module 4 Rev 1.1
|      throttle_check_enabled: true
|      throttle_check_functional: true
|      throttle_state: '0x0'
|  python:
|    pip: 25.1.1
|    version: 3.13.5
|    virtualenv: /home/pi/oprint
2026-05-13 12:34:11,141 - octoprint.server - INFO - Reset webasset folder /home/pi/.octoprint/generated/webassets...
2026-05-13 12:34:11,141 - octoprint.server - INFO - Reset webasset folder /home/pi/.octoprint/generated/.webassets-cache...
2026-05-13 12:34:11,142 - octoprint.server - INFO - Reset webasset folder /home/pi/.octoprint/generated/.webassets-manifest.json...
2026-05-13 12:34:11,159 - octoprint.timelapse - INFO - Enabled rendering queue processing
2026-05-13 12:34:11,453 - octoprint.server - INFO - Shutting down intermediary server...
2026-05-13 12:34:11,574 - octoprint.server - INFO - Intermediary server shut down
2026-05-13 12:34:11,576 - octoprint.events - INFO - Processing startup event, this is our first event
2026-05-13 12:34:11,576 - octoprint.events - INFO - Adding 3 events to queue that were held back before startup event
2026-05-13 12:34:11,577 - octoprint.filemanager - INFO - Adding backlog items from all storage types to analysis queue...
2026-05-13 12:34:11,578 - octoprint.server - INFO - Autoconnect on startup is configured, trying to connect to the printer...
2026-05-13 12:34:11,616 - octoprint.filemanager - INFO - Added 0 items from storage type "local" to analysis queue
2026-05-13 12:34:11,616 - octoprint.plugins.softwareupdate - INFO - Fetching check overlays from https://plugins.octoprint.org/update_check_overlay.json
2026-05-13 12:34:11,645 - octoprint.plugins.pluginmanager - INFO - Loaded plugin repository data from disk, was still valid
2026-05-13 12:34:11,674 - octoprint.plugins.healthcheck.python_eol - INFO - Fetched Python EOL data from https://get.octoprint.org/python-eol
2026-05-13 12:34:11,877 - octoprint.server - INFO - Could not find configured serial port {} in the system, cannot automatically connect to a non existing printer. Is it plugged in and booted up yet?
2026-05-13 12:34:11,878 - octoprint.server - INFO - Starting autorefresh of serial port list
2026-05-13 12:34:11,886 - octoprint.server.util.watchdog - INFO - Running initial scan on watched folder...
2026-05-13 12:34:11,925 - octoprint.server.util.watchdog - INFO - ... initial scan done.
2026-05-13 12:34:11,975 - octoprint.plugins.pluginmanager - INFO - Loaded notice data from disk, was still valid
2026-05-13 12:34:11,988 - octoprint.server - INFO - Serial port list was updated, refreshing the port list in the frontend
2026-05-13 12:34:12,490 - octoprint.plugins.tracking - INFO - Sent tracking event system_unthrottled, payload: {'throttled_now': False, 'throttled_past': False, 'throttled_mask': 0, 'throttled_voltage_now': False, 'throttled_voltage_past': False, 'throttled_overheat_now': False, 'throttled_overheat_past': False}
2026-05-13 12:34:12,800 - octoprint.plugins.discovery - INFO - Registered 'OctoPrint instance on pi._http._tcp.local.' for _http._tcp.local.
2026-05-13 12:34:13,611 - octoprint.plugins.discovery - INFO - Registered 'OctoPrint instance on pi._octoprint._tcp.local.' for _octoprint._tcp.local.
2026-05-13 12:34:13,616 - octoprint.plugins.discovery - INFO - Registered OctoPrint instance on pi for SSDP
2026-05-13 12:34:13,626 - octoprint.server - INFO - Listening on http://0.0.0.0:5000 and http://[::]:5000
2026-05-13 12:34:13,654 - octoprint.plugins.pluginmanager - INFO - Loaded plugin repository data from disk, was still valid
2026-05-13 12:34:14,053 - octoprint.plugins.pluginmanager - INFO - Loaded notice data from disk, was still valid
2026-05-13 12:34:14,058 - octoprint.plugins.pluginmanager - INFO - Saved a current plugin export to /home/pi/.octoprint/backup_plugin_export.json
2026-05-13 12:34:14,406 - octoprint.util.pip - INFO - Using "/home/pi/oprint/bin/python3 -m pip" as command to invoke pip
2026-05-13 12:34:14,407 - octoprint.util.pip - INFO - pip installs to /home/pi/oprint/lib/python3.13/site-packages (writable -> yes), --user flag needed -> no, virtual env -> yes
2026-05-13 12:34:14,407 - octoprint.util.pip - INFO - ==> pip ok -> yes
2026-05-13 12:34:14,413 - octoprint.plugins.softwareupdate - INFO - Minimum free storage across all update relevant locations is 922.8MB. That is considered sufficient for updating.
2026-05-13 12:34:14,433 - octoprint.plugins.ControlCenter - INFO - TouchUI Plugin Started
2026-05-13 12:34:14,435 - octoprint.plugins.ControlCenter - INFO - xinit file already contains correct ControlCenter path
2026-05-13 12:34:14,440 - octoprint.server.preemptive_cache - INFO - Preemptively caching / (ui _default) for {'base_url': 'http://192.168.0.47:5000/', 'path': '/', 'query_string': 'l10n=en'}
2026-05-13 12:34:15,053 - octoprint.plugins.tracking - INFO - Sent tracking event ping, payload: {'octoprint_uptime': 5, 'printer_state': 'OFFLINE'}
2026-05-13 12:34:15,930 - octoprint.plugins.tracking - INFO - Sent tracking event pong, payload: {'version': '1.11.7', 'os': 'linux', 'platform': 'Linux-6.12.75+rpt-rpi-v8-aarch64-with-glibc2.41', 'bits': 64, 'python': '3.13.5', 'pip': '25.1.1', 'cores': 4, 'freq': 1500.0, 'ram': 1935220736, 'pi_model': 'Raspberry Pi Compute Module 4 Rev 1.1', 'plugins': 'controlcenter:1.0.0', 'achievements': 'the_wizard'}
2026-05-13 12:34:16,596 - octoprint.plugins.tracking - INFO - Sent tracking event startup, payload: {'version': '1.11.7', 'os': 'linux', 'platform': 'Linux-6.12.75+rpt-rpi-v8-aarch64-with-glibc2.41', 'bits': 64, 'python': '3.13.5', 'pip': '25.1.1', 'cores': 4, 'freq': 1500.0, 'ram': 1935220736, 'pi_model': 'Raspberry Pi Compute Module 4 Rev 1.1'}
2026-05-13 12:34:24,041 - octoprint.server.preemptive_cache - INFO - ... done in 9.60s
2026-05-13 12:34:24,913 - octoprint.server.util.sockjs - INFO - New connection from client: 192.168.0.151
2026-05-13 12:34:25,469 - tornado.access - WARNING - 403 GET /api/printer/error (192.168.0.151) 61.59ms
2026-05-13 12:34:25,474 - tornado.access - WARNING - 403 POST /api/plugin/tracking (192.168.0.151) 63.70ms
2026-05-13 12:34:25,548 - octoprint.server.util.sockjs - INFO - Client connection closed: 192.168.0.151
2026-05-13 12:34:25,907 - octoprint.server.util.sockjs - INFO - New connection from client: 192.168.0.151
2026-05-13 12:34:26,368 - tornado.access - WARNING - 403 GET /api/printer/error (192.168.0.151) 25.86ms
2026-05-13 12:34:26,371 - tornado.access - WARNING - 403 POST /api/plugin/tracking (192.168.0.151) 12.55ms
2026-05-13 12:34:26,421 - octoprint.server.util.sockjs - INFO - Client connection closed: 192.168.0.151
2026-05-13 12:34:26,703 - octoprint.server.util.sockjs - INFO - New connection from client: 192.168.0.151
2026-05-13 12:34:27,070 - tornado.access - WARNING - 403 GET /api/printer/error (192.168.0.151) 24.29ms
2026-05-13 12:34:27,072 - tornado.access - WARNING - 403 POST /api/plugin/tracking (192.168.0.151) 29.21ms
2026-05-13 12:34:27,134 - octoprint.server.util.sockjs - INFO - Client connection closed: 192.168.0.151
2026-05-13 12:34:27,549 - octoprint.server.util.sockjs - INFO - New connection from client: 192.168.0.151
2026-05-13 12:34:27,926 - tornado.access - WARNING - 403 POST /api/plugin/tracking (192.168.0.151) 30.00ms
2026-05-13 12:34:27,928 - tornado.access - WARNING - 403 GET /api/printer/error (192.168.0.151) 29.56ms
2026-05-13 12:34:27,995 - octoprint.server.util.sockjs - INFO - Client connection closed: 192.168.0.151
2026-05-13 12:34:28,324 - octoprint.server.util.sockjs - INFO - New connection from client: 192.168.0.151
2026-05-13 12:34:28,667 - tornado.access - WARNING - 403 GET /api/printer/error (192.168.0.151) 29.15ms
2026-05-13 12:34:28,669 - tornado.access - WARNING - 403 POST /api/plugin/tracking (192.168.0.151) 32.09ms
2026-05-13 12:34:28,777 - octoprint.server.util.sockjs - INFO - Client connection closed: 192.168.0.151
2026-05-13 12:34:29,352 - octoprint.server.util.sockjs - INFO - New connection from client: 192.168.0.151
2026-05-13 12:34:29,708 - tornado.access - WARNING - 403 GET /api/printer/error (192.168.0.151) 24.39ms
2026-05-13 12:34:29,710 - tornado.access - WARNING - 403 POST /api/plugin/tracking (192.168.0.151) 28.38ms
2026-05-13 12:34:29,800 - octoprint.server.util.sockjs - INFO - Client connection closed: 192.168.0.151
2026-05-13 12:34:31,276 - octoprint.server.util.sockjs - INFO - New connection from client: 192.168.0.151
2026-05-13 12:34:31,701 - tornado.access - WARNING - 403 GET /api/printer/error (192.168.0.151) 27.75ms
2026-05-13 12:34:31,702 - tornado.access - WARNING - 403 POST /api/plugin/tracking (192.168.0.151) 31.04ms
2026-05-13 12:34:31,783 - octoprint.server.util.sockjs - INFO - Client connection closed: 192.168.0.151
2026-05-13 12:34:32,049 - octoprint.server.util.sockjs - INFO - New connection from client: 192.168.0.151
2026-05-13 12:34:32,394 - tornado.access - WARNING - 403 GET /api/printer/error (192.168.0.151) 25.78ms
2026-05-13 12:34:32,396 - tornado.access - WARNING - 403 POST /api/plugin/tracking (192.168.0.151) 26.83ms
2026-05-13 12:34:32,450 - octoprint.server.util.sockjs - INFO - Client connection closed: 192.168.0.151
2026-05-13 12:34:32,711 - octoprint.server.util.sockjs - INFO - New connection from client: 192.168.0.151
2026-05-13 12:34:33,132 - tornado.access - WARNING - 403 GET /api/printer/error (192.168.0.151) 25.70ms
2026-05-13 12:34:33,134 - tornado.access - WARNING - 403 POST /api/plugin/tracking (192.168.0.151) 26.87ms
2026-05-13 12:34:33,191 - octoprint.server.util.sockjs - INFO - Client connection closed: 192.168.0.151
2026-05-13 12:34:33,449 - octoprint.server.util.sockjs - INFO - New connection from client: 192.168.0.151
2026-05-13 12:34:33,797 - tornado.access - WARNING - 403 GET /api/printer/error (192.168.0.151) 32.08ms
2026-05-13 12:34:33,799 - tornado.access - WARNING - 403 POST /api/plugin/tracking (192.168.0.151) 34.33ms
2026-05-13 12:34:33,868 - octoprint.server.util.sockjs - INFO - Client connection closed: 192.168.0.151
2026-05-13 12:34:34,194 - octoprint.server.util.sockjs - INFO - New connection from client: 192.168.0.151
2026-05-13 12:34:34,573 - tornado.access - WARNING - 403 POST /api/plugin/tracking (192.168.0.151) 26.46ms
2026-05-13 12:34:34,574 - tornado.access - WARNING - 403 GET /api/printer/error (192.168.0.151) 26.18ms
2026-05-13 12:34:34,674 - octoprint.server.util.sockjs - INFO - Client connection closed: 192.168.0.151
2026-05-13 12:34:34,897 - octoprint.server.util.sockjs - INFO - New connection from client: 192.168.0.151
2026-05-13 12:34:35,275 - tornado.access - WARNING - 403 GET /api/printer/error (192.168.0.151) 32.51ms
2026-05-13 12:34:35,276 - tornado.access - WARNING - 403 POST /api/plugin/tracking (192.168.0.151) 32.88ms
2026-05-13 12:34:35,334 - octoprint.server.util.sockjs - INFO - Client connection closed: 192.168.0.151
2026-05-13 12:34:35,661 - octoprint.server.util.sockjs - INFO - New connection from client: 192.168.0.151
2026-05-13 12:34:36,026 - tornado.access - WARNING - 403 POST /api/plugin/tracking (192.168.0.151) 26.33ms
2026-05-13 12:34:36,029 - tornado.access - WARNING - 403 GET /api/printer/error (192.168.0.151) 27.14ms
2026-05-13 12:34:36,081 - octoprint.server.util.sockjs - INFO - Client connection closed: 192.168.0.151
2026-05-13 12:34:36,358 - octoprint.server.util.sockjs - INFO - New connection from client: 192.168.0.151
2026-05-13 12:34:36,743 - tornado.access - WARNING - 403 GET /api/printer/error (192.168.0.151) 24.33ms
2026-05-13 12:34:36,745 - tornado.access - WARNING - 403 POST /api/plugin/tracking (192.168.0.151) 28.73ms
2026-05-13 12:34:36,814 - octoprint.server.util.sockjs - INFO - Client connection closed: 192.168.0.151
2026-05-13 12:34:37,122 - octoprint.server.util.sockjs - INFO - New connection from client: 192.168.0.151
2026-05-13 12:34:37,490 - tornado.access - WARNING - 403 POST /api/plugin/tracking (192.168.0.151) 29.84ms
2026-05-13 12:34:37,492 - tornado.access - WARNING - 403 GET /api/printer/error (192.168.0.151) 30.92ms
2026-05-13 12:34:37,532 - octoprint.server.util.sockjs - INFO - Client connection closed: 192.168.0.151
2026-05-13 12:34:37,785 - octoprint.server.util.sockjs - INFO - New connection from client: 192.168.0.151
2026-05-13 12:34:38,320 - tornado.access - WARNING - 403 GET /api/printer/error (192.168.0.151) 17.87ms
2026-05-13 12:34:38,323 - tornado.access - WARNING - 403 POST /api/plugin/tracking (192.168.0.151) 21.47ms
2026-05-13 12:34:38,371 - octoprint.server.util.sockjs - INFO - Client connection closed: 192.168.0.151
2026-05-13 12:34:38,743 - octoprint.server.util.sockjs - INFO - New connection from client: 192.168.0.151
2026-05-13 12:34:39,245 - tornado.access - WARNING - 403 POST /api/plugin/tracking (192.168.0.151) 35.40ms
2026-05-13 12:34:39,252 - tornado.access - WARNING - 403 GET /api/printer/error (192.168.0.151) 32.04ms
2026-05-13 12:34:39,305 - octoprint.server.util.sockjs - INFO - Client connection closed: 192.168.0.151
2026-05-13 12:34:39,679 - octoprint.server.util.sockjs - INFO - New connection from client: 192.168.0.151
2026-05-13 12:34:40,124 - tornado.access - WARNING - 403 POST /api/plugin/tracking (192.168.0.151) 21.39ms
2026-05-13 12:34:40,125 - tornado.access - WARNING - 403 GET /api/printer/error (192.168.0.151) 23.90ms
2026-05-13 12:34:40,191 - octoprint.server.util.sockjs - INFO - Client connection closed: 192.168.0.151
2026-05-13 12:34:40,465 - octoprint.server.util.sockjs - INFO - New connection from client: 192.168.0.151
2026-05-13 12:34:40,915 - tornado.access - WARNING - 403 GET /api/printer/error (192.168.0.151) 25.09ms
2026-05-13 12:34:40,917 - tornado.access - WARNING - 403 POST /api/plugin/tracking (192.168.0.151) 27.78ms
2026-05-13 12:34:40,989 - octoprint.server.util.sockjs - INFO - Client connection closed: 192.168.0.151
2026-05-13 12:34:41,227 - octoprint.server.util.sockjs - INFO - New connection from client: 192.168.0.151
2026-05-13 12:34:41,747 - tornado.access - WARNING - 403 POST /api/plugin/tracking (192.168.0.151) 49.60ms
2026-05-13 12:34:41,750 - tornado.access - WARNING - 403 GET /api/printer/error (192.168.0.151) 48.84ms
2026-05-13 12:34:41,820 - octoprint.server.util.sockjs - INFO - Client connection closed: 192.168.0.151
2026-05-13 12:34:42,190 - octoprint.server.util.sockjs - INFO - New connection from client: 192.168.0.151
2026-05-13 12:34:42,693 - tornado.access - WARNING - 403 POST /api/plugin/tracking (192.168.0.151) 31.66ms
2026-05-13 12:34:42,695 - tornado.access - WARNING - 403 GET /api/printer/error (192.168.0.151) 20.42ms
2026-05-13 12:34:42,755 - octoprint.server.util.sockjs - INFO - Client connection closed: 192.168.0.151
2026-05-13 12:34:43,041 - octoprint.server.util.sockjs - INFO - New connection from client: 192.168.0.151
2026-05-13 12:34:43,490 - tornado.access - WARNING - 403 GET /api/printer/error (192.168.0.151) 24.90ms
2026-05-13 12:34:43,492 - tornado.access - WARNING - 403 POST /api/plugin/tracking (192.168.0.151) 27.22ms
2026-05-13 12:34:43,588 - octoprint.server.util.sockjs - INFO - Client connection closed: 192.168.0.151
2026-05-13 12:34:43,971 - octoprint.server.util.sockjs - INFO - New connection from client: 192.168.0.151
2026-05-13 12:34:44,371 - tornado.access - WARNING - 403 GET /api/printer/error (192.168.0.151) 17.65ms
2026-05-13 12:34:44,373 - tornado.access - WARNING - 403 POST /api/plugin/tracking (192.168.0.151) 18.74ms
2026-05-13 12:34:44,494 - octoprint.server.util.sockjs - INFO - Client connection closed: 192.168.0.151
2026-05-13 12:34:44,797 - octoprint.server.util.sockjs - INFO - New connection from client: 192.168.0.151
2026-05-13 12:34:45,288 - tornado.access - WARNING - 403 POST /api/plugin/tracking (192.168.0.151) 30.05ms
2026-05-13 12:34:45,291 - tornado.access - WARNING - 403 GET /api/printer/error (192.168.0.151) 19.23ms
2026-05-13 12:34:45,392 - octoprint.server.util.sockjs - INFO - Client connection closed: 192.168.0.151
2026-05-13 12:34:45,644 - octoprint.server.util.sockjs - INFO - New connection from client: 192.168.0.151
2026-05-13 12:34:46,069 - tornado.access - WARNING - 403 GET /api/printer/error (192.168.0.151) 16.59ms
2026-05-13 12:34:46,070 - tornado.access - WARNING - 403 POST /api/plugin/tracking (192.168.0.151) 18.62ms
2026-05-13 12:34:46,110 - octoprint.server.util.sockjs - INFO - Client connection closed: 192.168.0.151
2026-05-13 12:34:46,384 - octoprint.server.util.sockjs - INFO - New connection from client: 192.168.0.151
2026-05-13 12:34:46,844 - tornado.access - WARNING - 403 GET /api/printer/error (192.168.0.151) 18.12ms
2026-05-13 12:34:46,847 - tornado.access - WARNING - 403 POST /api/plugin/tracking (192.168.0.151) 19.71ms
2026-05-13 12:34:46,923 - octoprint.server.util.sockjs - INFO - Client connection closed: 192.168.0.151
2026-05-13 12:34:47,247 - octoprint.server.util.sockjs - INFO - New connection from client: 192.168.0.151
2026-05-13 12:34:47,764 - tornado.access - WARNING - 403 GET /api/printer/error (192.168.0.151) 19.84ms
2026-05-13 12:34:47,767 - tornado.access - WARNING - 403 POST /api/plugin/tracking (192.168.0.151) 23.11ms
2026-05-13 12:34:47,843 - octoprint.server.util.sockjs - INFO - Client connection closed: 192.168.0.151
2026-05-13 12:34:48,154 - octoprint.server.util.sockjs - INFO - New connection from client: 192.168.0.151
2026-05-13 12:34:48,572 - tornado.access - WARNING - 403 GET /api/printer/error (192.168.0.151) 21.30ms
2026-05-13 12:34:48,574 - tornado.access - WARNING - 403 POST /api/plugin/tracking (192.168.0.151) 23.88ms
2026-05-13 12:34:48,667 - octoprint.server.util.sockjs - INFO - Client connection closed: 192.168.0.151
2026-05-13 12:34:48,962 - octoprint.server.util.sockjs - INFO - New connection from client: 192.168.0.151
2026-05-13 12:34:49,395 - tornado.access - WARNING - 403 GET /api/printer/error (192.168.0.151) 25.62ms
2026-05-13 12:34:49,398 - tornado.access - WARNING - 403 POST /api/plugin/tracking (192.168.0.151) 14.20ms
2026-05-13 12:34:49,495 - octoprint.server.util.sockjs - INFO - Client connection closed: 192.168.0.151
2026-05-13 12:34:49,820 - octoprint.server.util.sockjs - INFO - New connection from client: 192.168.0.151
2026-05-13 12:34:50,238 - tornado.access - WARNING - 403 GET /api/printer/error (192.168.0.151) 21.02ms
2026-05-13 12:34:50,240 - tornado.access - WARNING - 403 POST /api/plugin/tracking (192.168.0.151) 21.34ms
2026-05-13 12:34:50,333 - octoprint.server.util.sockjs - INFO - Client connection closed: 192.168.0.151
2026-05-13 12:34:50,596 - octoprint.server.util.sockjs - INFO - New connection from client: 192.168.0.151
2026-05-13 12:34:51,023 - tornado.access - WARNING - 403 GET /api/printer/error (192.168.0.151) 10.66ms
2026-05-13 12:34:51,026 - tornado.access - WARNING - 403 POST /api/plugin/tracking (192.168.0.151) 29.14ms
2026-05-13 12:34:51,113 - octoprint.server.util.sockjs - INFO - Client connection closed: 192.168.0.151
2026-05-13 12:34:51,418 - octoprint.server.util.sockjs - INFO - New connection from client: 192.168.0.151
2026-05-13 12:34:51,868 - tornado.access - WARNING - 403 GET /api/printer/error (192.168.0.151) 28.90ms
2026-05-13 12:34:51,870 - tornado.access - WARNING - 403 POST /api/plugin/tracking (192.168.0.151) 32.26ms
2026-05-13 12:34:51,952 - octoprint.server.util.sockjs - INFO - Client connection closed: 192.168.0.151
2026-05-13 12:34:52,271 - octoprint.server.util.sockjs - INFO - New connection from client: 192.168.0.151
2026-05-13 12:34:52,758 - tornado.access - WARNING - 403 GET /api/printer/error (192.168.0.151) 36.78ms
2026-05-13 12:34:52,760 - tornado.access - WARNING - 403 POST /api/plugin/tracking (192.168.0.151) 40.67ms
2026-05-13 12:34:52,843 - octoprint.server.util.sockjs - INFO - Client connection closed: 192.168.0.151
2026-05-13 12:34:53,172 - octoprint.server.util.sockjs - INFO - New connection from client: 192.168.0.151
2026-05-13 12:34:53,669 - tornado.access - WARNING - 403 GET /api/printer/error (192.168.0.151) 17.59ms
2026-05-13 12:34:54,621 - tornado.access - WARNING - 403 POST /api/plugin/tracking (192.168.0.151) 10.44ms
2026-05-13 12:34:54,662 - octoprint.server.util.sockjs - INFO - Client connection closed: 192.168.0.151
2026-05-13 12:34:54,958 - octoprint.server.util.sockjs - INFO - New connection from client: 192.168.0.151
2026-05-13 12:34:55,375 - tornado.access - WARNING - 403 GET /api/printer/error (192.168.0.151) 25.18ms
2026-05-13 12:34:55,377 - tornado.access - WARNING - 403 POST /api/plugin/tracking (192.168.0.151) 13.23ms
2026-05-13 12:34:55,462 - octoprint.server.util.sockjs - INFO - Client connection closed: 192.168.0.151
2026-05-13 12:34:55,737 - octoprint.server.util.sockjs - INFO - New connection from client: 192.168.0.151
2026-05-13 12:34:56,153 - tornado.access - WARNING - 403 GET /api/printer/error (192.168.0.151) 19.83ms
2026-05-13 12:34:56,154 - tornado.access - WARNING - 403 POST /api/plugin/tracking (192.168.0.151) 21.72ms
2026-05-13 12:34:56,227 - octoprint.server.util.sockjs - INFO - Client connection closed: 192.168.0.151
2026-05-13 12:34:56,499 - octoprint.server.util.sockjs - INFO - New connection from client: 192.168.0.151
2026-05-13 12:34:56,953 - tornado.access - WARNING - 403 GET /api/printer/error (192.168.0.151) 16.05ms
2026-05-13 12:34:56,958 - tornado.access - WARNING - 403 POST /api/plugin/tracking (192.168.0.151) 19.53ms
2026-05-13 12:34:57,077 - octoprint.server.util.sockjs - INFO - Client connection closed: 192.168.0.151
2026-05-13 12:34:58,569 - octoprint.server.util.sockjs - INFO - New connection from client: 192.168.0.151
2026-05-13 12:34:59,078 - tornado.access - WARNING - 403 GET /api/printer/error (192.168.0.151) 17.89ms
2026-05-13 12:34:59,080 - tornado.access - WARNING - 403 POST /api/plugin/tracking (192.168.0.151) 18.24ms
2026-05-13 12:34:59,121 - octoprint.server.util.sockjs - INFO - Client connection closed: 192.168.0.151
2026-05-13 12:34:59,526 - octoprint.server.util.sockjs - INFO - New connection from client: 192.168.0.151
2026-05-13 12:34:59,963 - tornado.access - WARNING - 403 POST /api/plugin/tracking (192.168.0.151) 21.46ms
2026-05-13 12:34:59,965 - tornado.access - WARNING - 403 GET /api/printer/error (192.168.0.151) 22.36ms
2026-05-13 12:35:00,075 - octoprint.server.util.sockjs - INFO - Client connection closed: 192.168.0.151
2026-05-13 12:35:00,476 - octoprint.server.util.sockjs - INFO - New connection from client: 192.168.0.151
2026-05-13 12:35:00,915 - tornado.access - WARNING - 403 GET /api/printer/error (192.168.0.151) 26.61ms
2026-05-13 12:35:00,917 - tornado.access - WARNING - 403 POST /api/plugin/tracking (192.168.0.151) 25.75ms
2026-05-13 12:35:00,963 - octoprint.server.util.sockjs - INFO - Client connection closed: 192.168.0.151
2026-05-13 12:35:01,252 - octoprint.server.util.sockjs - INFO - New connection from client: 192.168.0.151
2026-05-13 12:35:01,658 - tornado.access - WARNING - 403 GET /api/printer/error (192.168.0.151) 16.37ms
2026-05-13 12:35:01,660 - tornado.access - WARNING - 403 POST /api/plugin/tracking (192.168.0.151) 19.10ms
2026-05-13 12:35:01,727 - octoprint.server.util.sockjs - INFO - Client connection closed: 192.168.0.151
2026-05-13 12:35:01,990 - octoprint.server.util.sockjs - INFO - New connection from client: 192.168.0.151
2026-05-13 12:35:02,398 - tornado.access - WARNING - 403 GET /api/printer/error (192.168.0.151) 16.99ms
2026-05-13 12:35:02,400 - tornado.access - WARNING - 403 POST /api/plugin/tracking (192.168.0.151) 20.31ms
2026-05-13 12:35:02,477 - octoprint.server.util.sockjs - INFO - Client connection closed: 192.168.0.151
2026-05-13 12:35:02,873 - octoprint.server.util.sockjs - INFO - New connection from client: 192.168.0.151
2026-05-13 12:35:03,317 - tornado.access - WARNING - 403 POST /api/plugin/tracking (192.168.0.151) 17.92ms
2026-05-13 12:35:03,319 - tornado.access - WARNING - 403 GET /api/printer/error (192.168.0.151) 18.47ms
2026-05-13 12:35:03,429 - octoprint.server.util.sockjs - INFO - Client connection closed: 192.168.0.151
2026-05-13 12:35:03,666 - octoprint.server.util.sockjs - INFO - New connection from client: 192.168.0.151
2026-05-13 12:35:04,129 - tornado.access - WARNING - 403 POST /api/plugin/tracking (192.168.0.151) 26.24ms
2026-05-13 12:35:04,131 - tornado.access - WARNING - 403 GET /api/printer/error (192.168.0.151) 25.46ms
2026-05-13 12:35:04,204 - octoprint.server.util.sockjs - INFO - Client connection closed: 192.168.0.151
2026-05-13 12:35:04,468 - octoprint.server.util.sockjs - INFO - New connection from client: 192.168.0.151
2026-05-13 12:35:04,891 - tornado.access - WARNING - 403 GET /api/printer/error (192.168.0.151) 21.49ms
2026-05-13 12:35:04,899 - tornado.access - WARNING - 403 POST /api/plugin/tracking (192.168.0.151) 28.56ms
2026-05-13 12:35:05,008 - octoprint.server.util.sockjs - INFO - Client connection closed: 192.168.0.151
2026-05-13 12:35:05,271 - octoprint.server.util.sockjs - INFO - New connection from client: 192.168.0.151
2026-05-13 12:35:05,687 - tornado.access - WARNING - 403 GET /api/printer/error (192.168.0.151) 25.24ms
2026-05-13 12:35:05,690 - tornado.access - WARNING - 403 POST /api/plugin/tracking (192.168.0.151) 14.13ms
2026-05-13 12:35:05,737 - octoprint.server.util.sockjs - INFO - Client connection closed: 192.168.0.151
2026-05-13 12:35:06,085 - octoprint.server.util.sockjs - INFO - New connection from client: 192.168.0.151
2026-05-13 12:35:06,527 - tornado.access - WARNING - 403 GET /api/printer/error (192.168.0.151) 17.60ms
2026-05-13 12:35:06,530 - tornado.access - WARNING - 403 POST /api/plugin/tracking (192.168.0.151) 19.33ms
2026-05-13 12:35:06,609 - octoprint.server.util.sockjs - INFO - Client connection closed: 192.168.0.151
2026-05-13 12:35:07,946 - octoprint.server.util.sockjs - INFO - New connection from client: 192.168.0.151
2026-05-13 12:35:08,359 - tornado.access - WARNING - 403 GET /api/printer/error (192.168.0.151) 16.16ms
2026-05-13 12:35:08,361 - tornado.access - WARNING - 403 POST /api/plugin/tracking (192.168.0.151) 18.55ms
2026-05-13 12:35:08,446 - octoprint.server.util.sockjs - INFO - Client connection closed: 192.168.0.151
2026-05-13 12:35:08,855 - octoprint.server.util.sockjs - INFO - New connection from client: 192.168.0.151
2026-05-13 12:35:09,359 - tornado.access - WARNING - 403 GET /api/printer/error (192.168.0.151) 16.71ms
2026-05-13 12:35:09,362 - tornado.access - WARNING - 403 POST /api/plugin/tracking (192.168.0.151) 20.41ms
2026-05-13 12:35:09,409 - octoprint.server.util.sockjs - INFO - Client connection closed: 192.168.0.151
2026-05-13 12:35:09,932 - octoprint.server.util.sockjs - INFO - New connection from client: 192.168.0.151
2026-05-13 12:35:10,359 - tornado.access - WARNING - 403 GET /api/printer/error (192.168.0.151) 19.46ms
2026-05-13 12:35:10,361 - tornado.access - WARNING - 403 POST /api/plugin/tracking (192.168.0.151) 20.57ms
2026-05-13 12:35:10,461 - octoprint.server.util.sockjs - INFO - Client connection closed: 192.168.0.151
2026-05-13 12:35:10,968 - octoprint.server.util.sockjs - INFO - New connection from client: 192.168.0.151
2026-05-13 12:35:11,389 - tornado.access - WARNING - 403 POST /api/plugin/tracking (192.168.0.151) 27.36ms
2026-05-13 12:35:11,391 - tornado.access - WARNING - 403 GET /api/printer/error (192.168.0.151) 20.67ms
2026-05-13 12:35:11,472 - octoprint.server.util.sockjs - INFO - Client connection closed: 192.168.0.151
2026-05-13 12:35:12,007 - octoprint.server.util.sockjs - INFO - New connection from client: 192.168.0.151
2026-05-13 12:35:12,457 - tornado.access - WARNING - 403 POST /api/plugin/tracking (192.168.0.151) 27.27ms
2026-05-13 12:35:12,459 - tornado.access - WARNING - 403 GET /api/printer/error (192.168.0.151) 19.26ms
2026-05-13 12:35:12,526 - octoprint.server.util.sockjs - INFO - Client connection closed: 192.168.0.151
2026-05-13 12:35:12,992 - octoprint.server.util.sockjs - INFO - New connection from client: 192.168.0.151
2026-05-13 12:35:15,591 - octoprint.startup - INFO - ******************************************************************************
2026-05-13 12:35:15,593 - octoprint.startup - INFO - Starting OctoPrint 1.11.7
2026-05-13 12:35:15,594 - octoprint.startup - INFO - ******************************************************************************
2026-05-13 12:35:15,660 - octoprint.util.connectivity.connectivity_checker - INFO - Connectivity changed from offline to online
2026-05-13 12:35:15,667 - octoprint.util.connectivity.connectivity_checker - INFO - Connectivity state is currently: online
2026-05-13 12:35:15,667 - octoprint.util.connectivity.connectivity_checker - INFO - Connecting to 1.1.1.1:53 is working
2026-05-13 12:35:15,667 - octoprint.util.connectivity.connectivity_checker - INFO - Resolving octoprint.org is working
2026-05-13 12:35:15,671 - octoprint.plugin.core - INFO - Loading plugins from /home/pi/oprint/lib/python3.13/site-packages/octoprint/plugins, /home/pi/.octoprint/plugins and installed plugin packages...
2026-05-13 12:35:17,524 - octoprint.plugin.core - INFO - Found 24 plugin(s) providing 24 mixin implementations, 49 hook handlers
2026-05-13 12:35:17,554 - octoprint.server.heartbeat - INFO - Starting server heartbeat, 900.0s interval
2026-05-13 12:35:17,636 - octoprint.server - INFO - Intermediary server started
2026-05-13 12:35:17,642 - octoprint.filemanager.storage - INFO - Initializing the file metadata for /home/pi/.octoprint/uploads...
2026-05-13 12:35:17,643 - octoprint.filemanager.storage - INFO - ... file metadata for /home/pi/.octoprint/uploads initialized successfully.
2026-05-13 12:35:17,646 - octoprint.server - INFO - Added new permission from plugin achievements: PLUGIN_ACHIEVEMENTS_VIEW (needs: "Need(method='role', value='plugin_achievements_view')")
2026-05-13 12:35:17,646 - octoprint.server - INFO - Added new permission from plugin achievements: PLUGIN_ACHIEVEMENTS_RESET (needs: "Need(method='role', value='plugin_achievements_reset')")
2026-05-13 12:35:17,647 - octoprint.server - INFO - Added new permission from plugin action_command_notification: PLUGIN_ACTION_COMMAND_NOTIFICATION_SHOW (needs: "Need(method='role', value='plugin_action_command_notification_show')")
2026-05-13 12:35:17,647 - octoprint.server - INFO - Added new permission from plugin action_command_notification: PLUGIN_ACTION_COMMAND_NOTIFICATION_CLEAR (needs: "Need(method='role', value='plugin_action_command_notification_clear')")
2026-05-13 12:35:17,647 - octoprint.server - INFO - Added new permission from plugin action_command_prompt: PLUGIN_ACTION_COMMAND_PROMPT_INTERACT (needs: "Need(method='role', value='plugin_action_command_prompt_interact')")
2026-05-13 12:35:17,647 - octoprint.server - INFO - Added new permission from plugin announcements: PLUGIN_ANNOUNCEMENTS_READ (needs: "Need(method='role', value='plugin_announcements_read')")
2026-05-13 12:35:17,648 - octoprint.server - INFO - Added new permission from plugin announcements: PLUGIN_ANNOUNCEMENTS_MANAGE (needs: "Need(method='role', value='plugin_announcements_read'), Need(method='role', value='plugin_announcements_manage')")
2026-05-13 12:35:17,648 - octoprint.server - INFO - Added new permission from plugin appkeys: PLUGIN_APPKEYS_ADMIN (needs: "Need(method='role', value='plugin_appkeys_admin')")
2026-05-13 12:35:17,648 - octoprint.server - INFO - Added new permission from plugin appkeys: PLUGIN_APPKEYS_GRANT (needs: "Need(method='role', value='plugin_appkeys_user')")
2026-05-13 12:35:17,648 - octoprint.server - INFO - Added new permission from plugin backup: PLUGIN_BACKUP_CREATE (needs: "Need(method='role', value='plugin_backup_create')")
2026-05-13 12:35:17,648 - octoprint.server - INFO - Added new permission from plugin file_check: PLUGIN_FILE_CHECK_RUN (needs: "Need(method='role', value='plugin_file_check_run')")
2026-05-13 12:35:17,649 - octoprint.server - INFO - Added new permission from plugin firmware_check: PLUGIN_FIRMWARE_CHECK_DISPLAY (needs: "Need(method='role', value='plugin_firmware_check_display')")
2026-05-13 12:35:17,649 - octoprint.server - INFO - Added new permission from plugin health_check: PLUGIN_HEALTH_CHECK_CHECK (needs: "Need(method='role', value='plugin_health_check_check')")
2026-05-13 12:35:17,649 - octoprint.server - INFO - Added new permission from plugin logging: PLUGIN_LOGGING_MANAGE (needs: "Need(method='role', value='plugin_logging_manage')")
2026-05-13 12:35:17,649 - octoprint.server - INFO - Added new permission from plugin pi_support: PLUGIN_PI_SUPPORT_STATUS (needs: "Need(method='role', value='plugin_pi_support_check')")
2026-05-13 12:35:17,649 - octoprint.server - INFO - Added new permission from plugin pluginmanager: PLUGIN_PLUGINMANAGER_LIST (needs: "Need(method='role', value='plugin_pluginmanager_list')")
2026-05-13 12:35:17,650 - octoprint.server - INFO - Added new permission from plugin pluginmanager: PLUGIN_PLUGINMANAGER_MANAGE (needs: "Need(method='role', value='plugin_pluginmanager_manage')")
2026-05-13 12:35:17,650 - octoprint.server - INFO - Added new permission from plugin pluginmanager: PLUGIN_PLUGINMANAGER_INSTALL (needs: "Need(method='role', value='plugin_pluginmanager_install'), Need(method='role', value='plugin_pluginmanager_manage')")
2026-05-13 12:35:17,650 - octoprint.server - INFO - Added new permission from plugin softwareupdate: PLUGIN_SOFTWAREUPDATE_CHECK (needs: "Need(method='role', value='plugin_softwareupdate_check')")
2026-05-13 12:35:17,650 - octoprint.server - INFO - Added new permission from plugin softwareupdate: PLUGIN_SOFTWAREUPDATE_UPDATE (needs: "Need(method='role', value='plugin_softwareupdate_update')")
2026-05-13 12:35:17,650 - octoprint.server - INFO - Added new permission from plugin softwareupdate: PLUGIN_SOFTWAREUPDATE_CONFIGURE (needs: "Need(method='role', value='plugin_softwareupdate_configure')")
2026-05-13 12:35:17,675 - octoprint.plugins.achievements - INFO - Loading data from /home/pi/.octoprint/data/achievements/data.json
2026-05-13 12:35:17,678 - octoprint.plugins.achievements - INFO - Loading data for 2026 from /home/pi/.octoprint/data/achievements/2026.json
2026-05-13 12:35:17,712 - octoprint.plugins.softwareupdate - INFO - Loaded version cache from disk
2026-05-13 12:35:18,443 - octoprint.util.pip - INFO - Using "/home/pi/oprint/bin/python3 -m pip" as command to invoke pip
2026-05-13 12:35:19,168 - octoprint.util.pip - INFO - Version of pip is 25.1.1
2026-05-13 12:35:19,266 - octoprint.util.pip - INFO - pip installs to /home/pi/oprint/lib/python3.13/site-packages (writable -> yes), --user flag needed -> no, virtual env -> yes
2026-05-13 12:35:19,266 - octoprint.util.pip - INFO - ==> pip ok -> yes
2026-05-13 12:35:19,287 - octoprint.plugins.file_check - INFO - Native grep available: True
2026-05-13 12:35:19,290 - octoprint.plugin.core - INFO - Initialized 24 plugin implementation(s)
2026-05-13 12:35:19,307 - octoprint - INFO - Installing webcam compat overlay for configured default webcam <octoprint.webcams.ProvidedWebcam object at 0x7f710ecad0>
2026-05-13 12:35:19,308 - octoprint.plugin.core - INFO - 24 plugin(s) registered with the system (23 bundled & 1 third party):
| Bundled Plugins (23)
|   Achievements Plugin (bundled) = /home/pi/oprint/lib/python3.13/site-packages/octoprint/plugins/achievements
|   Action Command Notification Support (bundled) = /home/pi/oprint/lib/python3.13/site-packages/octoprint/plugins/action_command_notification
|   Action Command Prompt Support (bundled) = /home/pi/oprint/lib/python3.13/site-packages/octoprint/plugins/action_command_prompt
|   Announcement Plugin (bundled) = /home/pi/oprint/lib/python3.13/site-packages/octoprint/plugins/announcements
|   Anonymous Usage Tracking (bundled) = /home/pi/oprint/lib/python3.13/site-packages/octoprint/plugins/tracking
|   Application Keys Plugin (bundled) = /home/pi/oprint/lib/python3.13/site-packages/octoprint/plugins/appkeys
|   Backup & Restore (bundled) = /home/pi/oprint/lib/python3.13/site-packages/octoprint/plugins/backup
|   Classic Webcam (bundled) = /home/pi/oprint/lib/python3.13/site-packages/octoprint/plugins/classicwebcam
|   Core Wizard (bundled) = /home/pi/oprint/lib/python3.13/site-packages/octoprint/plugins/corewizard
|   Custom Control Manager (bundled) = /home/pi/oprint/lib/python3.13/site-packages/octoprint/plugins/customcontrolmanager
|   Discovery (bundled) = /home/pi/oprint/lib/python3.13/site-packages/octoprint/plugins/discovery
|   Error Tracking (bundled) = /home/pi/oprint/lib/python3.13/site-packages/octoprint/plugins/errortracking
|   Event Manager (bundled) = /home/pi/oprint/lib/python3.13/site-packages/octoprint/plugins/eventmanager
|   File Check (2025.7.23) (bundled) = /home/pi/oprint/lib/python3.13/site-packages/octoprint_file_check
|   Firmware Check (2025.7.23) (bundled) = /home/pi/oprint/lib/python3.13/site-packages/octoprint_firmware_check
|   GCode Viewer (bundled) = /home/pi/oprint/lib/python3.13/site-packages/octoprint/plugins/gcodeviewer
|   Healthcheck Plugin (bundled) = /home/pi/oprint/lib/python3.13/site-packages/octoprint/plugins/health_check
|   Logging (bundled) = /home/pi/oprint/lib/python3.13/site-packages/octoprint/plugins/logging
|   Pi Support Plugin (2025.7.23) (bundled) = /home/pi/oprint/lib/python3.13/site-packages/octoprint_pi_support
|   Plugin Manager (bundled) = /home/pi/oprint/lib/python3.13/site-packages/octoprint/plugins/pluginmanager
|   Software Update (bundled) = /home/pi/oprint/lib/python3.13/site-packages/octoprint/plugins/softwareupdate
|   Upload Manager (bundled) = /home/pi/oprint/lib/python3.13/site-packages/octoprint/plugins/uploadmanager
|   Virtual Printer (bundled) = /home/pi/oprint/lib/python3.13/site-packages/octoprint/plugins/virtual_printer
| Third Party Plugins (1)
|   ControlCenter (1.0.0) = /home/pi/oprint/lib/python3.13/site-packages/octoprint_ControlCenter
Prefix legend: ! = disabled, # = blacklisted, * = incompatible
2026-05-13 12:35:19,319 - octoprint.environment - INFO - Detected environment is Python 3.13.5 under Linux (Linux-6.12.75+rpt-rpi-v8-aarch64-with-glibc2.41). Details:
|  hardware:
|    cores: 4
|    freq: 1500.0
|    ram: 1935220736
|  os:
|    bits: 64
|    id: linux
|    platform: Linux-6.12.75+rpt-rpi-v8-aarch64-with-glibc2.41
|  plugins:
|    pi_support:
|      model: Raspberry Pi Compute Module 4 Rev 1.1
|      throttle_check_enabled: true
|      throttle_check_functional: true
|      throttle_state: '0x0'
|  python:
|    pip: 25.1.1
|    version: 3.13.5
|    virtualenv: /home/pi/oprint
2026-05-13 12:35:19,329 - octoprint.server - INFO - Reset webasset folder /home/pi/.octoprint/generated/webassets...
2026-05-13 12:35:19,330 - octoprint.server - INFO - Reset webasset folder /home/pi/.octoprint/generated/.webassets-cache...
2026-05-13 12:35:19,332 - octoprint.server - INFO - Reset webasset folder /home/pi/.octoprint/generated/.webassets-manifest.json...
2026-05-13 12:35:19,346 - octoprint.timelapse - INFO - Enabled rendering queue processing
2026-05-13 12:35:19,586 - octoprint.plugins.healthcheck.python_eol - INFO - Fetched Python EOL data from https://get.octoprint.org/python-eol
2026-05-13 12:35:19,659 - octoprint.server - INFO - Shutting down intermediary server...
2026-05-13 12:35:19,882 - octoprint.server - INFO - Intermediary server shut down
2026-05-13 12:35:19,884 - octoprint.events - INFO - Processing startup event, this is our first event
2026-05-13 12:35:19,885 - octoprint.events - INFO - Adding 3 events to queue that were held back before startup event
2026-05-13 12:35:19,886 - octoprint.filemanager - INFO - Adding backlog items from all storage types to analysis queue...
2026-05-13 12:35:19,887 - octoprint.server - INFO - Autoconnect on startup is configured, trying to connect to the printer...
2026-05-13 12:35:19,909 - octoprint.plugins.softwareupdate - INFO - Fetching check overlays from https://plugins.octoprint.org/update_check_overlay.json
2026-05-13 12:35:19,933 - octoprint.filemanager - INFO - Added 0 items from storage type "local" to analysis queue
2026-05-13 12:35:19,952 - octoprint.plugins.pluginmanager - INFO - Loaded plugin repository data from disk, was still valid
2026-05-13 12:35:20,134 - octoprint.server - INFO - Could not find configured serial port {} in the system, cannot automatically connect to a non existing printer. Is it plugged in and booted up yet?
2026-05-13 12:35:20,135 - octoprint.server - INFO - Starting autorefresh of serial port list
2026-05-13 12:35:20,162 - octoprint.server.util.watchdog - INFO - Running initial scan on watched folder...
2026-05-13 12:35:20,224 - octoprint.server.util.watchdog - INFO - ... initial scan done.
2026-05-13 12:35:20,272 - octoprint.plugins.pluginmanager - INFO - Loaded notice data from disk, was still valid
2026-05-13 12:35:20,290 - octoprint.server - INFO - Serial port list was updated, refreshing the port list in the frontend
2026-05-13 12:35:20,691 - octoprint.plugins.tracking - INFO - Sent tracking event system_unthrottled, payload: {'throttled_now': False, 'throttled_past': False, 'throttled_mask': 0, 'throttled_voltage_now': False, 'throttled_voltage_past': False, 'throttled_overheat_now': False, 'throttled_overheat_past': False}
2026-05-13 12:35:21,093 - octoprint.plugins.discovery - INFO - Registered 'OctoPrint instance on pi._http._tcp.local.' for _http._tcp.local.
2026-05-13 12:35:21,905 - octoprint.plugins.discovery - INFO - Registered 'OctoPrint instance on pi._octoprint._tcp.local.' for _octoprint._tcp.local.
2026-05-13 12:35:21,911 - octoprint.plugins.discovery - INFO - Registered OctoPrint instance on pi for SSDP
2026-05-13 12:35:21,919 - octoprint.server - INFO - Listening on http://0.0.0.0:5000 and http://[::]:5000
2026-05-13 12:35:21,951 - octoprint.plugins.pluginmanager - INFO - Loaded plugin repository data from disk, was still valid
2026-05-13 12:35:22,017 - octoprint.server.util.sockjs - INFO - New connection from client: 192.168.0.151
2026-05-13 12:35:22,376 - octoprint.plugins.pluginmanager - INFO - Loaded notice data from disk, was still valid
2026-05-13 12:35:22,385 - octoprint.plugins.pluginmanager - INFO - Saved a current plugin export to /home/pi/.octoprint/backup_plugin_export.json
2026-05-13 12:35:22,754 - octoprint.util.pip - INFO - Using "/home/pi/oprint/bin/python3 -m pip" as command to invoke pip
2026-05-13 12:35:22,755 - octoprint.util.pip - INFO - pip installs to /home/pi/oprint/lib/python3.13/site-packages (writable -> yes), --user flag needed -> no, virtual env -> yes
2026-05-13 12:35:22,756 - octoprint.util.pip - INFO - ==> pip ok -> yes
2026-05-13 12:35:22,762 - octoprint.plugins.softwareupdate - INFO - Minimum free storage across all update relevant locations is 922.8MB. That is considered sufficient for updating.
2026-05-13 12:35:22,789 - octoprint.plugins.ControlCenter - INFO - TouchUI Plugin Started
2026-05-13 12:35:22,792 - octoprint.plugins.ControlCenter - INFO - xinit file already contains correct ControlCenter path
2026-05-13 12:35:22,800 - octoprint.server.preemptive_cache - INFO - Preemptively caching / (ui _default) for {'base_url': 'http://192.168.0.47:5000/', 'path': '/', 'query_string': 'l10n=en'}
2026-05-13 12:35:23,555 - octoprint.plugins.tracking - INFO - Sent tracking event ping, payload: {'octoprint_uptime': 5, 'printer_state': 'OFFLINE'}
2026-05-13 12:35:24,337 - octoprint.plugins.tracking - INFO - Sent tracking event pong, payload: {'version': '1.11.7', 'os': 'linux', 'platform': 'Linux-6.12.75+rpt-rpi-v8-aarch64-with-glibc2.41', 'bits': 64, 'python': '3.13.5', 'pip': '25.1.1', 'cores': 4, 'freq': 1500.0, 'ram': 1935220736, 'pi_model': 'Raspberry Pi Compute Module 4 Rev 1.1', 'plugins': 'controlcenter:1.0.0', 'achievements': 'the_wizard'}
2026-05-13 12:35:25,113 - octoprint.plugins.tracking - INFO - Sent tracking event startup, payload: {'version': '1.11.7', 'os': 'linux', 'platform': 'Linux-6.12.75+rpt-rpi-v8-aarch64-with-glibc2.41', 'bits': 64, 'python': '3.13.5', 'pip': '25.1.1', 'cores': 4, 'freq': 1500.0, 'ram': 1935220736, 'pi_model': 'Raspberry Pi Compute Module 4 Rev 1.1'}
2026-05-13 12:35:32,159 - octoprint.server.preemptive_cache - INFO - ... done in 9.36s
2026-05-13 12:35:32,168 - octoprint.server.util.sockjs - INFO - Client connection closed: 192.168.0.151
2026-05-13 12:35:32,739 - octoprint.server.util.sockjs - INFO - New connection from client: 192.168.0.151
2026-05-13 12:35:33,153 - tornado.access - WARNING - 403 GET /api/printer/error (192.168.0.151) 33.04ms
2026-05-13 12:35:33,155 - tornado.access - WARNING - 403 POST /api/plugin/tracking (192.168.0.151) 34.54ms
2026-05-13 12:35:33,205 - octoprint.server.util.sockjs - INFO - Client connection closed: 192.168.0.151
2026-05-13 12:35:33,553 - octoprint.server.util.sockjs - INFO - New connection from client: 192.168.0.151
2026-05-13 12:35:33,930 - tornado.access - WARNING - 403 POST /api/plugin/tracking (192.168.0.151) 17.49ms
2026-05-13 12:35:33,930 - tornado.access - WARNING - 403 GET /api/printer/error (192.168.0.151) 17.47ms
2026-05-13 12:35:33,994 - octoprint.server.util.sockjs - INFO - Client connection closed: 192.168.0.151
2026-05-13 12:35:34,215 - octoprint.server.util.sockjs - INFO - New connection from client: 192.168.0.151
2026-05-13 12:35:34,596 - tornado.access - WARNING - 403 GET /api/printer/error (192.168.0.151) 37.96ms
2026-05-13 12:35:34,599 - tornado.access - WARNING - 403 POST /api/plugin/tracking (192.168.0.151) 43.76ms
2026-05-13 12:35:34,709 - octoprint.server.util.sockjs - INFO - Client connection closed: 192.168.0.151
2026-05-13 12:35:35,049 - octoprint.server.util.sockjs - INFO - New connection from client: 192.168.0.151
2026-05-13 12:35:35,462 - tornado.access - WARNING - 403 GET /api/printer/error (192.168.0.151) 24.48ms
2026-05-13 12:35:35,465 - tornado.access - WARNING - 403 POST /api/plugin/tracking (192.168.0.151) 28.47ms
2026-05-13 12:35:35,536 - octoprint.server.util.sockjs - INFO - Client connection closed: 192.168.0.151
2026-05-13 12:35:35,850 - octoprint.server.util.sockjs - INFO - New connection from client: 192.168.0.151
2026-05-13 12:35:36,214 - tornado.access - WARNING - 403 GET /api/printer/error (192.168.0.151) 24.95ms
2026-05-13 12:35:36,215 - tornado.access - WARNING - 403 POST /api/plugin/tracking (192.168.0.151) 27.60ms
2026-05-13 12:35:36,272 - octoprint.server.util.sockjs - INFO - Client connection closed: 192.168.0.151
2026-05-13 12:35:36,529 - octoprint.server.util.sockjs - INFO - New connection from client: 192.168.0.151
2026-05-13 12:35:36,911 - tornado.access - WARNING - 403 GET /api/printer/error (192.168.0.151) 24.04ms
2026-05-13 12:35:36,913 - tornado.access - WARNING - 403 POST /api/plugin/tracking (192.168.0.151) 28.89ms
2026-05-13 12:35:36,965 - octoprint.server.util.sockjs - INFO - Client connection closed: 192.168.0.151
2026-05-13 12:35:37,270 - octoprint.server.util.sockjs - INFO - New connection from client: 192.168.0.151
2026-05-13 12:35:37,630 - tornado.access - WARNING - 403 POST /api/plugin/tracking (192.168.0.151) 26.65ms
2026-05-13 12:35:37,632 - tornado.access - WARNING - 403 GET /api/printer/error (192.168.0.151) 26.54ms
2026-05-13 12:35:37,680 - octoprint.server.util.sockjs - INFO - Client connection closed: 192.168.0.151
2026-05-13 12:35:37,991 - octoprint.server.util.sockjs - INFO - New connection from client: 192.168.0.151
2026-05-13 12:35:38,330 - tornado.access - WARNING - 403 POST /api/plugin/tracking (192.168.0.151) 26.87ms
2026-05-13 12:35:38,332 - tornado.access - WARNING - 403 GET /api/printer/error (192.168.0.151) 26.43ms
2026-05-13 12:35:38,382 - octoprint.server.util.sockjs - INFO - Client connection closed: 192.168.0.151
2026-05-13 12:35:38,666 - octoprint.server.util.sockjs - INFO - New connection from client: 192.168.0.151
2026-05-13 12:35:39,035 - tornado.access - WARNING - 403 GET /api/printer/error (192.168.0.151) 19.32ms
2026-05-13 12:35:39,037 - tornado.access - WARNING - 403 POST /api/plugin/tracking (192.168.0.151) 20.82ms
2026-05-13 12:35:39,127 - octoprint.server.util.sockjs - INFO - Client connection closed: 192.168.0.151
2026-05-13 12:35:39,377 - octoprint.server.util.sockjs - INFO - New connection from client: 192.168.0.151
2026-05-13 12:35:39,480 - octoprint.server.util.sockjs - INFO - Client connection closed: 192.168.0.151
2026-05-13 12:36:54,856 - octoprint.startup - INFO - ******************************************************************************
2026-05-13 12:36:54,858 - octoprint.startup - INFO - Starting OctoPrint 1.11.7
2026-05-13 12:36:54,858 - octoprint.startup - INFO - ******************************************************************************
2026-05-13 12:36:54,866 - octoprint.util.connectivity.connectivity_checker - INFO - Connectivity check is disabled, assuming we are online and have functional name resolution
2026-05-13 12:36:54,870 - octoprint.plugin.core - INFO - Loading plugins from /home/pi/oprint/lib/python3.13/site-packages/octoprint/plugins, /home/pi/.octoprint/plugins and installed plugin packages...
2026-05-13 12:36:56,736 - octoprint.plugin.core - INFO - Found 24 plugin(s) providing 24 mixin implementations, 49 hook handlers
2026-05-13 12:36:56,767 - octoprint.server.heartbeat - INFO - Starting server heartbeat, 900.0s interval
2026-05-13 12:36:56,851 - octoprint.server - INFO - Intermediary server started
2026-05-13 12:36:56,857 - octoprint.filemanager.storage - INFO - Initializing the file metadata for /home/pi/.octoprint/uploads...
2026-05-13 12:36:56,858 - octoprint.filemanager.storage - INFO - ... file metadata for /home/pi/.octoprint/uploads initialized successfully.
2026-05-13 12:36:56,861 - octoprint.server - INFO - Added new permission from plugin achievements: PLUGIN_ACHIEVEMENTS_VIEW (needs: "Need(method='role', value='plugin_achievements_view')")
2026-05-13 12:36:56,861 - octoprint.server - INFO - Added new permission from plugin achievements: PLUGIN_ACHIEVEMENTS_RESET (needs: "Need(method='role', value='plugin_achievements_reset')")
2026-05-13 12:36:56,861 - octoprint.server - INFO - Added new permission from plugin action_command_notification: PLUGIN_ACTION_COMMAND_NOTIFICATION_SHOW (needs: "Need(method='role', value='plugin_action_command_notification_show')")
2026-05-13 12:36:56,862 - octoprint.server - INFO - Added new permission from plugin action_command_notification: PLUGIN_ACTION_COMMAND_NOTIFICATION_CLEAR (needs: "Need(method='role', value='plugin_action_command_notification_clear')")
2026-05-13 12:36:56,862 - octoprint.server - INFO - Added new permission from plugin action_command_prompt: PLUGIN_ACTION_COMMAND_PROMPT_INTERACT (needs: "Need(method='role', value='plugin_action_command_prompt_interact')")
2026-05-13 12:36:56,862 - octoprint.server - INFO - Added new permission from plugin announcements: PLUGIN_ANNOUNCEMENTS_READ (needs: "Need(method='role', value='plugin_announcements_read')")
2026-05-13 12:36:56,862 - octoprint.server - INFO - Added new permission from plugin announcements: PLUGIN_ANNOUNCEMENTS_MANAGE (needs: "Need(method='role', value='plugin_announcements_manage'), Need(method='role', value='plugin_announcements_read')")
2026-05-13 12:36:56,863 - octoprint.server - INFO - Added new permission from plugin appkeys: PLUGIN_APPKEYS_ADMIN (needs: "Need(method='role', value='plugin_appkeys_admin')")
2026-05-13 12:36:56,863 - octoprint.server - INFO - Added new permission from plugin appkeys: PLUGIN_APPKEYS_GRANT (needs: "Need(method='role', value='plugin_appkeys_user')")
2026-05-13 12:36:56,863 - octoprint.server - INFO - Added new permission from plugin backup: PLUGIN_BACKUP_CREATE (needs: "Need(method='role', value='plugin_backup_create')")
2026-05-13 12:36:56,863 - octoprint.server - INFO - Added new permission from plugin file_check: PLUGIN_FILE_CHECK_RUN (needs: "Need(method='role', value='plugin_file_check_run')")
2026-05-13 12:36:56,863 - octoprint.server - INFO - Added new permission from plugin firmware_check: PLUGIN_FIRMWARE_CHECK_DISPLAY (needs: "Need(method='role', value='plugin_firmware_check_display')")
2026-05-13 12:36:56,863 - octoprint.server - INFO - Added new permission from plugin health_check: PLUGIN_HEALTH_CHECK_CHECK (needs: "Need(method='role', value='plugin_health_check_check')")
2026-05-13 12:36:56,864 - octoprint.server - INFO - Added new permission from plugin logging: PLUGIN_LOGGING_MANAGE (needs: "Need(method='role', value='plugin_logging_manage')")
2026-05-13 12:36:56,864 - octoprint.server - INFO - Added new permission from plugin pi_support: PLUGIN_PI_SUPPORT_STATUS (needs: "Need(method='role', value='plugin_pi_support_check')")
2026-05-13 12:36:56,864 - octoprint.server - INFO - Added new permission from plugin pluginmanager: PLUGIN_PLUGINMANAGER_LIST (needs: "Need(method='role', value='plugin_pluginmanager_list')")
2026-05-13 12:36:56,864 - octoprint.server - INFO - Added new permission from plugin pluginmanager: PLUGIN_PLUGINMANAGER_MANAGE (needs: "Need(method='role', value='plugin_pluginmanager_manage')")
2026-05-13 12:36:56,864 - octoprint.server - INFO - Added new permission from plugin pluginmanager: PLUGIN_PLUGINMANAGER_INSTALL (needs: "Need(method='role', value='plugin_pluginmanager_install'), Need(method='role', value='plugin_pluginmanager_manage')")
2026-05-13 12:36:56,865 - octoprint.server - INFO - Added new permission from plugin softwareupdate: PLUGIN_SOFTWAREUPDATE_CHECK (needs: "Need(method='role', value='plugin_softwareupdate_check')")
2026-05-13 12:36:56,865 - octoprint.server - INFO - Added new permission from plugin softwareupdate: PLUGIN_SOFTWAREUPDATE_UPDATE (needs: "Need(method='role', value='plugin_softwareupdate_update')")
2026-05-13 12:36:56,865 - octoprint.server - INFO - Added new permission from plugin softwareupdate: PLUGIN_SOFTWAREUPDATE_CONFIGURE (needs: "Need(method='role', value='plugin_softwareupdate_configure')")
2026-05-13 12:36:56,889 - octoprint.plugins.achievements - INFO - Loading data from /home/pi/.octoprint/data/achievements/data.json
2026-05-13 12:36:56,892 - octoprint.plugins.achievements - INFO - Loading data for 2026 from /home/pi/.octoprint/data/achievements/2026.json
2026-05-13 12:36:56,929 - octoprint.plugins.softwareupdate - INFO - Loaded version cache from disk
2026-05-13 12:36:57,663 - octoprint.util.pip - INFO - Using "/home/pi/oprint/bin/python3 -m pip" as command to invoke pip
2026-05-13 12:36:58,386 - octoprint.util.pip - INFO - Version of pip is 25.1.1
2026-05-13 12:36:58,486 - octoprint.util.pip - INFO - pip installs to /home/pi/oprint/lib/python3.13/site-packages (writable -> yes), --user flag needed -> no, virtual env -> yes
2026-05-13 12:36:58,486 - octoprint.util.pip - INFO - ==> pip ok -> yes
2026-05-13 12:36:58,508 - octoprint.plugins.file_check - INFO - Native grep available: True
2026-05-13 12:36:58,510 - octoprint.plugin.core - INFO - Initialized 24 plugin implementation(s)
2026-05-13 12:36:58,536 - octoprint.plugins.classicwebcam - INFO - Migrating settings from webcam to plugins.classicwebcam...
2026-05-13 12:36:58,650 - octoprint - INFO - Installing webcam compat overlay for configured default webcam <octoprint.webcams.ProvidedWebcam object at 0x7f85c64c20>
2026-05-13 12:36:58,651 - octoprint.plugin.core - INFO - 24 plugin(s) registered with the system (23 bundled & 1 third party):
| Bundled Plugins (23)
|   Achievements Plugin (bundled) = /home/pi/oprint/lib/python3.13/site-packages/octoprint/plugins/achievements
|   Action Command Notification Support (bundled) = /home/pi/oprint/lib/python3.13/site-packages/octoprint/plugins/action_command_notification
|   Action Command Prompt Support (bundled) = /home/pi/oprint/lib/python3.13/site-packages/octoprint/plugins/action_command_prompt
|   Announcement Plugin (bundled) = /home/pi/oprint/lib/python3.13/site-packages/octoprint/plugins/announcements
|   Anonymous Usage Tracking (bundled) = /home/pi/oprint/lib/python3.13/site-packages/octoprint/plugins/tracking
|   Application Keys Plugin (bundled) = /home/pi/oprint/lib/python3.13/site-packages/octoprint/plugins/appkeys
|   Backup & Restore (bundled) = /home/pi/oprint/lib/python3.13/site-packages/octoprint/plugins/backup
|   Classic Webcam (bundled) = /home/pi/oprint/lib/python3.13/site-packages/octoprint/plugins/classicwebcam
|   Core Wizard (bundled) = /home/pi/oprint/lib/python3.13/site-packages/octoprint/plugins/corewizard
|   Custom Control Manager (bundled) = /home/pi/oprint/lib/python3.13/site-packages/octoprint/plugins/customcontrolmanager
|   Discovery (bundled) = /home/pi/oprint/lib/python3.13/site-packages/octoprint/plugins/discovery
|   Error Tracking (bundled) = /home/pi/oprint/lib/python3.13/site-packages/octoprint/plugins/errortracking
|   Event Manager (bundled) = /home/pi/oprint/lib/python3.13/site-packages/octoprint/plugins/eventmanager
|   File Check (2025.7.23) (bundled) = /home/pi/oprint/lib/python3.13/site-packages/octoprint_file_check
|   Firmware Check (2025.7.23) (bundled) = /home/pi/oprint/lib/python3.13/site-packages/octoprint_firmware_check
|   GCode Viewer (bundled) = /home/pi/oprint/lib/python3.13/site-packages/octoprint/plugins/gcodeviewer
|   Healthcheck Plugin (bundled) = /home/pi/oprint/lib/python3.13/site-packages/octoprint/plugins/health_check
|   Logging (bundled) = /home/pi/oprint/lib/python3.13/site-packages/octoprint/plugins/logging
|   Pi Support Plugin (2025.7.23) (bundled) = /home/pi/oprint/lib/python3.13/site-packages/octoprint_pi_support
|   Plugin Manager (bundled) = /home/pi/oprint/lib/python3.13/site-packages/octoprint/plugins/pluginmanager
|   Software Update (bundled) = /home/pi/oprint/lib/python3.13/site-packages/octoprint/plugins/softwareupdate
|   Upload Manager (bundled) = /home/pi/oprint/lib/python3.13/site-packages/octoprint/plugins/uploadmanager
|   Virtual Printer (bundled) = /home/pi/oprint/lib/python3.13/site-packages/octoprint/plugins/virtual_printer
| Third Party Plugins (1)
|   ControlCenter (1.0.0) = /home/pi/oprint/lib/python3.13/site-packages/octoprint_ControlCenter
Prefix legend: ! = disabled, # = blacklisted, * = incompatible
2026-05-13 12:36:58,662 - octoprint.environment - INFO - Detected environment is Python 3.13.5 under Linux (Linux-6.12.75+rpt-rpi-v8-aarch64-with-glibc2.41). Details:
|  hardware:
|    cores: 4
|    freq: 1500.0
|    ram: 1935220736
|  os:
|    bits: 64
|    id: linux
|    platform: Linux-6.12.75+rpt-rpi-v8-aarch64-with-glibc2.41
|  plugins:
|    pi_support:
|      model: Raspberry Pi Compute Module 4 Rev 1.1
|      throttle_check_enabled: true
|      throttle_check_functional: true
|      throttle_state: '0x0'
|  python:
|    pip: 25.1.1
|    version: 3.13.5
|    virtualenv: /home/pi/oprint
2026-05-13 12:36:58,672 - octoprint.server - INFO - Reset webasset folder /home/pi/.octoprint/generated/webassets...
2026-05-13 12:36:58,672 - octoprint.server - INFO - Reset webasset folder /home/pi/.octoprint/generated/.webassets-cache...
2026-05-13 12:36:58,673 - octoprint.server - INFO - Reset webasset folder /home/pi/.octoprint/generated/.webassets-manifest.json...
2026-05-13 12:36:58,688 - octoprint.timelapse - INFO - Enabled rendering queue processing
2026-05-13 12:36:58,731 - octoprint.plugins.healthcheck.python_eol - INFO - Fetched Python EOL data from https://get.octoprint.org/python-eol
2026-05-13 12:36:58,995 - octoprint.server - INFO - Shutting down intermediary server...
2026-05-13 12:36:59,360 - octoprint.server - INFO - Intermediary server shut down
2026-05-13 12:36:59,362 - octoprint.events - INFO - Processing startup event, this is our first event
2026-05-13 12:36:59,363 - octoprint.events - INFO - Adding 2 events to queue that were held back before startup event
2026-05-13 12:36:59,364 - octoprint.filemanager - INFO - Adding backlog items from all storage types to analysis queue...
2026-05-13 12:36:59,368 - octoprint.server - INFO - Starting autorefresh of serial port list
2026-05-13 12:36:59,370 - octoprint.filemanager - INFO - Added 0 items from storage type "local" to analysis queue
2026-05-13 12:36:59,372 - octoprint.server.util.watchdog - INFO - Running initial scan on watched folder...
2026-05-13 12:36:59,374 - octoprint.server.util.watchdog - INFO - ... initial scan done.
2026-05-13 12:36:59,382 - octoprint.server - INFO - Serial port list was updated, refreshing the port list in the frontend
2026-05-13 12:37:00,196 - octoprint.plugins.discovery - INFO - Registered 'OctoPrint instance on pi._http._tcp.local.' for _http._tcp.local.
2026-05-13 12:37:01,010 - octoprint.plugins.discovery - INFO - Registered 'OctoPrint instance on pi._octoprint._tcp.local.' for _octoprint._tcp.local.
2026-05-13 12:37:01,017 - octoprint.plugins.discovery - INFO - Registered OctoPrint instance on pi for SSDP
2026-05-13 12:37:01,026 - octoprint.server - INFO - Listening on http://0.0.0.0:5000 and http://[::]:5000
2026-05-13 12:37:01,096 - octoprint.plugins.pluginmanager - INFO - Loaded plugin repository data from disk, was still valid
2026-05-13 12:37:01,467 - octoprint.plugins.pluginmanager - INFO - Loaded notice data from disk, was still valid
2026-05-13 12:37:01,481 - octoprint.plugins.pluginmanager - INFO - Saved a current plugin export to /home/pi/.octoprint/backup_plugin_export.json
2026-05-13 12:37:01,859 - octoprint.util.pip - INFO - Using "/home/pi/oprint/bin/python3 -m pip" as command to invoke pip
2026-05-13 12:37:01,860 - octoprint.util.pip - INFO - pip installs to /home/pi/oprint/lib/python3.13/site-packages (writable -> yes), --user flag needed -> no, virtual env -> yes
2026-05-13 12:37:01,860 - octoprint.util.pip - INFO - ==> pip ok -> yes
2026-05-13 12:37:01,865 - octoprint.plugins.softwareupdate - INFO - Minimum free storage across all update relevant locations is 922.8MB. That is considered sufficient for updating.
2026-05-13 12:37:01,866 - octoprint.plugins.softwareupdate - INFO - Fetching check overlays from https://plugins.octoprint.org/update_check_overlay.json
2026-05-13 12:37:02,662 - octoprint.plugins.ControlCenter - INFO - TouchUI Plugin Started
2026-05-13 12:37:02,664 - octoprint.plugins.ControlCenter - INFO - xinit file already contains correct ControlCenter path
2026-05-13 12:37:02,669 - octoprint.server.preemptive_cache - INFO - Preemptively caching / (ui _default) for {'base_url': 'http://192.168.0.47:5000/', 'path': '/', 'query_string': 'l10n=en'}
2026-05-13 12:37:12,710 - octoprint.server.preemptive_cache - INFO - ... done in 10.04s
2026-05-13 12:37:13,494 - octoprint.server.util.sockjs - INFO - New connection from client: 192.168.0.151
2026-05-13 12:37:14,085 - tornado.access - WARNING - 403 GET /api/printer/error (192.168.0.151) 20.86ms
2026-05-13 12:37:14,120 - tornado.access - WARNING - 403 POST /api/plugin/tracking (192.168.0.151) 46.13ms
2026-05-13 12:37:14,226 - tornado.access - WARNING - 403 GET /api/printerprofiles/_default (192.168.0.151) 8.59ms
2026-05-13 12:37:41,078 - octoprint.access.users - INFO - Logged in user: admin
2026-05-13 12:37:41,081 - octoprint.server.api - INFO - Actively logging in user admin from 192.168.0.151
2026-05-13 12:37:41,257 - octoprint.server.util.sockjs - INFO - User admin logged in on the socket from client 192.168.0.151
2026-05-13 12:37:41,425 - octoprint.access.users - INFO - Logged in user: admin
2026-05-13 12:37:41,426 - octoprint.server.api - INFO - Actively logging in user admin from 192.168.0.151
2026-05-13 12:37:41,603 - octoprint.server.util.sockjs - INFO - User admin logged in on the socket from client 192.168.0.151
2026-05-13 12:37:54,608 - octoprint.plugins.tracking - INFO - Sent tracking event ping, payload: {'octoprint_uptime': 57, 'printer_state': 'OFFLINE'}
2026-05-13 12:37:55,150 - octoprint.plugins.tracking - INFO - Sent tracking event startup, payload: {'version': '1.11.7', 'os': 'linux', 'platform': 'Linux-6.12.75+rpt-rpi-v8-aarch64-with-glibc2.41', 'bits': 64, 'python': '3.13.5', 'pip': '25.1.1', 'cores': 4, 'freq': 1500.0, 'ram': 1935220736, 'pi_model': 'Raspberry Pi Compute Module 4 Rev 1.1'}
2026-05-13 12:37:55,884 - octoprint.plugins.tracking - INFO - Sent tracking event pong, payload: {'version': '1.11.7', 'os': 'linux', 'platform': 'Linux-6.12.75+rpt-rpi-v8-aarch64-with-glibc2.41', 'bits': 64, 'python': '3.13.5', 'pip': '25.1.1', 'cores': 4, 'freq': 1500.0, 'ram': 1935220736, 'pi_model': 'Raspberry Pi Compute Module 4 Rev 1.1', 'plugins': 'controlcenter:1.0.0', 'achievements': 'the_wizard'}
2026-05-13 12:40:17,556 - octoprint.util.comm - INFO - Changing monitoring state from "Offline" to "Opening serial connection"
2026-05-13 12:40:17,557 - octoprint.util.comm - INFO - Connecting to port /dev/ttyS0, baudrate 115200
2026-05-13 12:40:17,569 - octoprint.util.comm - INFO - Changing monitoring state from "Opening serial connection" to "Connecting"
2026-05-13 12:40:17,572 - octoprint.util.comm - INFO - M110 detected, setting current line number to 0
2026-05-13 12:40:17,895 - octoprint.server - INFO - Autorefresh of serial port list stopped
2026-05-13 12:40:47,606 - octoprint.util.comm - INFO - M110 detected, setting current line number to 0
2026-05-13 12:40:57,622 - octoprint.util.comm - INFO - Changing monitoring state from "Connecting" to "Offline"
2026-05-13 12:40:57,630 - octoprint.server - INFO - Starting autorefresh of serial port list
2026-05-13 12:40:57,639 - octoprint.plugins.action_command_notification - INFO - Notifications cleared
